0.000000000000000000e+00 0.000000000000000000e+00 0.000000000000000000e+00 0.000000000000000000e+00 0.000000000000000000e+00
1.000000000000000000e+00 0.000000000000000000e+00 0.000000000000000000e+00 0.000000000000000000e+00 0.000000000000000000e+00
2.000000000000000000e+00 1.036736547439126070e+03 3.285736884153901693e-02 1.650422734272977963e-06 2.543481943190009975e+00
3.000000000000000000e+00 9.698329656958439955e+02 4.469771759966873620e-02 3.301282686464846739e-06 2.966329949384202802e+00
4.000000000000000000e+00 9.089527429891811607e+02 4.115243786554945160e-02 5.503105788318941908e-06 2.860186611346009933e+00
5.000000000000000000e+00 8.636142454344258113e+02 2.925510730803867684e-02 8.256464951367365048e-06 2.493235221257876333e+00
6.000000000000000000e+00 8.321190834287097005e+02 1.724593397538840694e-02 1.156206770879972868e-05 2.048641661024753535e+00
7.000000000000000000e+00 8.114064652611968995e+02 9.371013171180395465e-03 1.542075057277797316e-05 1.632167428660630248e+00
8.000000000000000000e+00 7.982122786232871476e+02 5.703556614237546493e-03 1.983347241166529939e-05 1.294778514765303701e+00
9.000000000000000000e+00 7.908672915573125692e+02 4.404263395208646466e-03 2.480130684031764865e-05 1.051717034767426950e+00
1.000000000000000000e+01 7.878352581561441639e+02 3.824721939129867732e-03 3.032543367920346165e-05 9.021751531486686959e-01
1.100000000000000000e+01 7.876989084960785021e+02 3.288272936210233973e-03 3.640712972376085272e-05 8.328766447872957279e-01
1.200000000000000000e+01 7.910504996132411861e+02 2.819660144026574829e-03 4.304775862526930301e-05 8.264554326615214386e-01
1.300000000000000000e+01 7.959110248047912819e+02 2.582840194911389421e-03 5.024876021987057932e-05 8.575048494815209477e-01
1.400000000000000000e+01 8.020874934069049687e+02 2.599646794231096417e-03 5.801163924846089139e-05 9.046101349168934602e-01
1.500000000000000000e+01 8.085545442927840440e+02 2.768956731569636402e-03 6.633795367268876446e-05 9.597512811623858386e-01
1.600000000000000000e+01 8.169255184542166717e+02 2.999075773305577477e-03 7.522930257024675136e-05 1.019832019465041428e+00
1.700000000000000000e+01 8.270537507113770062e+02 3.312963187728968154e-03 8.468731382950507797e-05 1.079952861163214539e+00
1.800000000000000000e+01 8.378445387755954243e+02 3.758121233320254728e-03 9.471363171892879438e-05 1.137810847407695780e+00
1.900000000000000000e+01 8.500453858066540533e+02 4.372226194864897546e-03 1.053099042229025447e-04 1.197282564069183541e+00
2.000000000000000000e+01 8.620229116117936883e+02 5.163436276361348283e-03 1.164777708362432546e-04 1.254620678809036605e+00
2.100000000000000000e+01 8.744684471730107589e+02 6.112097783381618618e-03 1.282188501137714899e-04 1.316320094485354808e+00
2.200000000000000000e+01 8.874084550605804225e+02 7.210298449127867243e-03 1.405347278588070460e-04 1.384242699573849267e+00
2.300000000000000000e+01 9.004536484007489889e+02 8.452618718650982757e-03 1.534269453463170331e-04 1.455001659668057279e+00
2.400000000000000000e+01 9.139181879139505327e+02 9.841300232750645888e-03 1.668969882300746046e-04 1.524455742958507054e+00
2.500000000000000000e+01 9.279213041340910877e+02 1.137582782185001147e-02 1.809462763765877383e-04 1.586237817367150971e+00
2.600000000000000000e+01 9.419611178383692049e+02 1.306040423721329009e-02 1.955761536540570199e-04 1.645047711125279255e+00
2.700000000000000000e+01 9.564552872637901828e+02 1.489622890247430630e-02 2.107878789131319304e-04 1.699122253814554506e+00
2.800000000000000000e+01 9.712464143452657481e+02 1.687139432097782207e-02 2.265826176255350728e-04 1.741072464046169666e+00
2.900000000000000000e+01 9.862629528025371428e+02 1.902329210578499255e-02 2.429614348904847421e-04 1.776707063049353996e+00
3.000000000000000000e+01 1.001701175704054208e+03 2.139041995105191857e-02 2.599252886572595966e-04 1.800483659085019950e+00
3.100000000000000000e+01 1.016937690887466147e+03 2.395726467752992694e-02 2.774750242694658405e-04 1.822244028649241843e+00
3.200000000000000000e+01 1.032759715750705482e+03 2.672938928128523392e-02 2.956113705624947917e-04 1.835964914718882124e+00
3.300000000000000000e+01 1.048639086488799194e+03 2.968323818826360330e-02 3.143349365262599606e-04 1.841164764627545525e+00
3.400000000000000000e+01 1.064560293228760429e+03 3.286328973891332328e-02 3.336462090517938847e-04 1.840587971482771090e+00
3.500000000000000000e+01 1.081110474635193668e+03 3.627803034397739795e-02 3.535455518437104617e-04 1.827367168976514966e+00
3.600000000000000000e+01 1.097393635904601751e+03 3.994753635361186078e-02 3.740332055676813278e-04 1.813165190295914719e+00
3.700000000000000000e+01 1.113934360803369827e+03 4.386496577765579968e-02 3.951092896707461446e-04 1.789447315029966790e+00
3.800000000000000000e+01 1.130837248913530630e+03 4.799188152703174476e-02 4.167738041818207467e-04 1.755133075525798114e+00
3.900000000000000000e+01 1.148003439031607741e+03 5.233776397668798291e-02 4.390266338523760438e-04 1.709549979261127728e+00
4.000000000000000000e+01 1.165351917700971626e+03 5.692669095495637988e-02 4.618675519538622013e-04 1.651106155489603378e+00
4.100000000000000000e+01 1.182796276981139954e+03 6.177948760192468469e-02 4.852962271936995327e-04 1.578867628953178226e+00
4.200000000000000000e+01 1.200339953493353278e+03 6.690344995526337213e-02 5.093122284690205495e-04 1.494465046050138968e+00
4.300000000000000000e+01 1.217995845931347503e+03 7.230232422988075447e-02 5.339150336561948422e-04 1.399770961733568075e+00
4.400000000000000000e+01 1.235813995406176218e+03 7.797770187634749106e-02 5.591040384303319882e-04 1.295053443313747277e+00
4.500000000000000000e+01 1.253859300300761333e+03 8.392835103685446219e-02 5.848785636963771666e-04 1.180276031772349965e+00
4.600000000000000000e+01 1.272098233050157660e+03 9.015161675168507915e-02 6.112378671055783549e-04 1.055618530983847059e+00
4.700000000000000000e+01 1.290512120045448683e+03 9.665089004523802485e-02 6.381811519202798847e-04 9.202686008233404991e-01
4.800000000000000000e+01 1.309073001709788741e+03 1.034242018390751222e-01 6.657075797354497244e-04 7.731473207160579619e-01
4.900000000000000000e+01 1.327767775294152671e+03 1.104688397338022821e-01 6.938162804842096286e-04 6.132500884749224612e-01
5.000000000000000000e+01 1.346650193206919084e+03 1.177932333885010896e-01 7.225063644357835636e-04 4.397112463699062168e-01
5.100000000000000000e+01 1.365778326422713917e+03 1.254057546965401948e-01 7.517769356323589225e-04 2.520532157260746975e-01
5.200000000000000000e+01 1.385101238459167007e+03 1.333100888443633503e-01 7.816271016553138487e-04 5.114858130874182923e-02
5.300000000000000000e+01 1.404550026098327180e+03 1.415054062960228731e-01 8.120559870938356007e-04 -1.620024326995182229e-01
5.400000000000000000e+01 1.424107784079285011e+03 1.499916199882337930e-01 8.430627455300507798e-04 -3.872587341442274012e-01
5.500000000000000000e+01 1.443772463224851435e+03 1.587701281984940371e-01 8.746465714654568522e-04 -6.248488356861816584e-01
5.600000000000000000e+01 1.463657427506542263e+03 1.678357619146627344e-01 9.068067119684476490e-04 -8.755922527232168351e-01
5.700000000000000000e+01 1.483862281166840830e+03 1.771838259458764497e-01 9.395424778666077456e-04 -1.140107738281694649e+00
5.800000000000000000e+01 1.504342049115270129e+03 1.868119719113991994e-01 9.728532548310542391e-04 -1.418284587105367534e+00
5.900000000000000000e+01 1.525007185099242861e+03 1.967185940950134104e-01 1.006738513903525064e-03 -1.709724591919572267e+00
6.000000000000000000e+01 1.545834996862959315e+03 2.068946583068949074e-01 1.041197820247573421e-03 -2.013613534387668658e+00
6.100000000000000000e+01 1.566830828516156998e+03 2.173324257384176006e-01 1.076230845097055772e-03 -2.329261636474834418e+00
6.200000000000000000e+01 1.588000748025616531e+03 2.280293393930544199e-01 1.111837370660348837e-03 -2.656833509620782241e+00
6.300000000000000000e+01 1.609364002877602161e+03 2.389848805957552613e-01 1.148017299985851789e-03 -2.996722205535194750e+00
6.400000000000000000e+01 1.630924982412592499e+03 2.501977879199316357e-01 1.184770663166021800e-03 -3.349313330247627452e+00
6.500000000000000000e+01 1.652710359529684411e+03 2.616690285843877306e-01 1.222097623779821529e-03 -3.715051900875096624e+00
6.600000000000000000e+01 1.674758484776584055e+03 2.733924369960998302e-01 1.259998483052107666e-03 -4.094341087855869254e+00
6.700000000000000000e+01 1.697050426951116833e+03 2.853600578341407568e-01 1.298473685128779306e-03 -4.486577315219227202e+00
6.800000000000000000e+01 1.719549219062183965e+03 2.975605172648602137e-01 1.337523819113923141e-03 -4.890899741490719599e+00
6.900000000000000000e+01 1.742210464203545371e+03 3.099846703472162734e-01 1.377149622709465410e-03 -5.306477229538586471e+00
7.000000000000000000e+01 1.765004620615796512e+03 3.226241154294547386e-01 1.417351982726700217e-03 -5.732671771971356911e+00
7.100000000000000000e+01 1.787909551490915874e+03 3.354731210572627909e-01 1.458131935698988224e-03 -6.169176199307037756e+00
7.200000000000000000e+01 1.811036741356522271e+03 3.485269782150230977e-01 1.499490667659933441e-03 -6.616835860353257992e+00
7.300000000000000000e+01 1.834497651421402225e+03 3.617799340472596659e-01 1.541429512650193756e-03 -7.076566952962949131e+00
7.400000000000000000e+01 1.858299744596526352e+03 3.752202937475231370e-01 1.583949950854988357e-03 -7.548215991971587435e+00
7.500000000000000000e+01 1.882443054114942242e+03 3.888356204755373802e-01 1.627053604839643914e-03 -8.031295217561300603e+00
7.600000000000000000e+01 1.906882234792745521e+03 4.026115399779011672e-01 1.670742238257611140e-03 -8.525244653171665021e+00
7.700000000000000000e+01 1.931494428521096779e+03 4.165378111723950227e-01 1.715017748713195496e-03 -9.028680607356452725e+00
7.800000000000000000e+01 1.956267394308328221e+03 4.306029985444514430e-01 1.759882164550849231e-03 -9.541239142760932879e+00
7.900000000000000000e+01 1.981248316993278877e+03 4.447964105035721039e-01 1.805337639271020625e-03 -1.006285346384233925e+01
8.000000000000000000e+01 2.006462095500072110e+03 4.591073566211827939e-01 1.851386445287985742e-03 -1.059360535152109328e+01
8.100000000000000000e+01 2.031934896304205495e+03 4.735248763099127456e-01 1.898030968428470648e-03 -1.113332967473048640e+01
8.200000000000000000e+01 2.057675673406150054e+03 4.880384103894954695e-01 1.945273700639086212e-03 -1.168161645780038072e+01
8.300000000000000000e+01 2.083657506845658190e+03 5.026356439942767373e-01 1.993117233818533091e-03 -1.223818023386988152e+01
8.400000000000000000e+01 2.109875761325540680e+03 5.173050065409861009e-01 2.041564253169435988e-03 -1.280243841809621230e+01
8.500000000000000000e+01 2.136318372936158994e+03 5.320341861291292274e-01 2.090617529599447105e-03 -1.337417986081126919e+01
8.600000000000000000e+01 2.162978533716351194e+03 5.468130272498559208e-01 2.140279913160158306e-03 -1.395278967229288014e+01
8.700000000000000000e+01 2.189825889931462825e+03 5.616281099084935446e-01 2.190554327199879543e-03 -1.453774646690766303e+01
8.800000000000000000e+01 2.216842772394666099e+03 5.764666849656154834e-01 2.241443760795599777e-03 -1.512849653975154141e+01
8.900000000000000000e+01 2.244041225554065932e+03 5.913160050657121358e-01 2.292951262902121184e-03 -1.572456049362993902e+01
9.000000000000000000e+01 2.271425865858887391e+03 6.061588676896733086e-01 2.345079936558081436e-03 -1.632560752420635453e+01
9.100000000000000000e+01 2.299007935239791550e+03 6.209820089279676214e-01 2.397832933477151394e-03 -1.693109094439914131e+01
9.200000000000000000e+01 2.326788034516629523e+03 6.357708284405121368e-01 2.451213449173202368e-03 -1.754078899132922587e+01
9.300000000000000000e+01 2.354780818549372270e+03 6.505109504370714113e-01 2.505224718251756154e-03 -1.815418973920143486e+01
9.400000000000000000e+01 2.382978657913878578e+03 6.651902297087816107e-01 2.559870011057543884e-03 -1.877107842874884724e+01
9.500000000000000000e+01 2.411396209089592503e+03 6.797935518350802786e-01 2.615152629877424886e-03 -1.939094320090446999e+01
9.600000000000000000e+01 2.440025844435850559e+03 6.943072902422342541e-01 2.671075906818460785e-03 -2.001334651601689529e+01
9.700000000000000000e+01 2.468867365661759322e+03 7.087170777443124736e-01 2.727643201833478397e-03 -2.063785087206252200e+01
9.800000000000000000e+01 2.497928003885709586e+03 7.230078065861041958e-01 2.784857901563201656e-03 -2.126401880637178365e+01
9.900000000000000000e+01 2.527185277933926045e+03 7.371658569879241396e-01 2.842723418914650056e-03 -2.189133861386386570e+01
1.000000000000000000e+02 2.556653849532556706e+03 7.511798400171638690e-01 2.901243193250440788e-03 -2.251929863229663908e+01
1.010000000000000000e+02 2.586326096535390207e+03 7.650353977763882929e-01 2.960420691093422572e-03 -2.314738724402302594e+01
1.020000000000000000e+02 2.616201826344418350e+03 7.787107464222442488e-01 3.020259408154294181e-03 -2.377531572826237394e+01
1.030000000000000000e+02 2.646265990868525023e+03 7.922063895922917265e-01 3.080762871541697229e-03 -2.440227542784474224e+01
1.040000000000000000e+02 2.676518399923962988e+03 8.054931199754694626e-01 3.141934642385391281e-03 -2.502790343651591343e+01
1.050000000000000000e+02 2.706951436173361799e+03 8.185640177816791985e-01 3.203778319478378222e-03 -2.565161404918784882e+01
1.060000000000000000e+02 2.737557483456354930e+03 8.314047373549957598e-01 3.266297543018705559e-03 -2.627274733071398671e+01
1.070000000000000000e+02 2.768328926761028015e+03 8.440083638835050861e-01 3.329495999532053069e-03 -2.689086625166349620e+01
1.080000000000000000e+02 2.799250723836690213e+03 8.563531283547745065e-01 3.393377426059877421e-03 -2.750538527256318488e+01
1.090000000000000000e+02 2.830330118550093175e+03 8.684321209579151102e-01 3.457945615486501204e-03 -2.811564462914028795e+01
1.100000000000000000e+02 2.861552070732019729e+03 8.802235776793293498e-01 3.523204421999065299e-03 -2.872120746805443403e+01
1.110000000000000000e+02 2.892908927379478428e+03 8.917206454766152257e-01 3.589157766676241527e-03 -2.932156222882184693e+01
1.120000000000000000e+02 2.924400296170286765e+03 9.029166809079831602e-01 3.655809642821641718e-03 -2.991597262118752099e+01
1.130000000000000000e+02 2.956018315115633868e+03 9.137902380729122642e-01 3.723164121622208125e-03 -3.050407335207561843e+01
1.140000000000000000e+02 2.987755122978573127e+03 9.243273018605312474e-01 3.791225357783774893e-03 -3.108520206142970821e+01
1.150000000000000000e+02 3.019602859198935221e+03 9.345287162739115416e-01 3.859997594430960612e-03 -3.165884502478153451e+01
1.160000000000000000e+02 3.051561092166675280e+03 9.443804709978025347e-01 3.929485168225290391e-03 -3.222448858774968272e+01
1.170000000000000000e+02 3.083621962443659413e+03 9.538611297129351296e-01 3.999692513943348821e-03 -3.278154488398478605e+01
1.180000000000000000e+02 3.115770182686150747e+03 9.629715434563408394e-01 4.070624168450080391e-03 -3.332942612005802374e+01
1.190000000000000000e+02 3.148005322619271283e+03 9.716977088244549421e-01 4.142284774180442393e-03 -3.386769314378446438e+01
1.200000000000000000e+02 3.180319523912191471e+03 9.800330529731395846e-01 4.214679082150116392e-03 -3.439575831145804585e+01
1.210000000000000000e+02 3.212704928457532787e+03 9.879635768621676251e-01 4.287811953608088207e-03 -3.491303405602245391e+01
1.220000000000000000e+02 3.245146249954453197e+03 9.954827118948355036e-01 4.361688361838293553e-03 -3.541908145515731121e+01
1.230000000000000000e+02 3.277643058897818264e+03 1.002583891503050717e+00 4.436313391949020003e-03 -3.591331309825933715e+01
1.240000000000000000e+02 3.310187497471848474e+03 1.009253122726608609e+00 4.511692240636705313e-03 -3.639514165434317050e+01
1.250000000000000000e+02 3.342764279501310739e+03 1.015491271189073563e+00 4.587830214464176659e-03 -3.686412843984190602e+01
1.260000000000000000e+02 3.375372975460989437e+03 1.021284347616929544e+00 4.664732727228909463e-03 -3.731976056879032910e+01
1.270000000000000000e+02 3.407998299041656992e+03 1.026633221156182607e+00 4.742405295970083395e-03 -3.776145095340631741e+01
1.280000000000000000e+02 3.440632392176605663e+03 1.031523905881786218e+00 4.820853536258283382e-03 -3.818876115506650137e+01
1.290000000000000000e+02 3.473274825026814597e+03 1.035957274104735149e+00 4.900083155946040325e-03 -3.860117853415005840e+01
1.300000000000000000e+02 3.505910310925136400e+03 1.039919342872394514e+00 4.980099947849507200e-03 -3.899811625026996609e+01
1.310000000000000000e+02 3.538523721859807210e+03 1.043411154535943464e+00 5.060909781427854436e-03 -3.937914182868221502e+01
1.320000000000000000e+02 3.571122849874406256e+03 1.046434421751857746e+00 5.142518592979671010e-03 -3.974377145714129256e+01
1.330000000000000000e+02 3.603685932308333577e+03 1.048976168859308000e+00 5.224932375023984797e-03 -4.009160140538183725e+01
1.340000000000000000e+02 3.636213491507178787e+03 1.051053134595097527e+00 5.308157164393503130e-03 -4.042207945854578099e+01
1.350000000000000000e+02 3.668691193118519095e+03 1.052644916820892229e+00 5.392199028776635886e-03 -4.073495061779624393e+01
1.360000000000000000e+02 3.701119559550303620e+03 1.053760827549758972e+00 5.477064053199224777e-03 -4.102958854826434987e+01
1.370000000000000000e+02 3.733484256637314047e+03 1.054395322715753425e+00 5.562758324597485288e-03 -4.130558984640910580e+01
1.380000000000000000e+02 3.765778378769085066e+03 1.054557715441306387e+00 5.649287916147681388e-03 -4.156262547222365100e+01
1.390000000000000000e+02 3.797987592275821953e+03 1.054242462499400901e+00 5.736658870039672634e-03 -4.180029218131378599e+01
1.400000000000000000e+02 3.830119848924517100e+03 1.053451449222929437e+00 5.824877180234855692e-03 -4.201818680735809863e+01
1.410000000000000000e+02 3.862153387570362611e+03 1.052201417710213027e+00 5.913948774185164362e-03 -4.221598054444410764e+01
1.420000000000000000e+02 3.894081304368746714e+03 1.050479396575536573e+00 6.003879493612415859e-03 -4.239319609527298383e+01
1.430000000000000000e+02 3.925904124542012141e+03 1.048294699248484951e+00 6.094675075782863410e-03 -4.254957908726589721e+01
1.440000000000000000e+02 3.957600089101132198e+03 1.045656638768544200e+00 6.186341133297960058e-03 -4.268472665353014861e+01
1.450000000000000000e+02 3.989169725074583312e+03 1.042559670925904847e+00 6.278883134438448081e-03 -4.279816171472896258e+01
1.460000000000000000e+02 4.020583847187713218e+03 1.039020535851258531e+00 6.372306383023516874e-03 -4.288970439485380837e+01
1.470000000000000000e+02 4.051835556448289026e+03 1.035048544450229091e+00 6.466615998384134256e-03 -4.295880346785885706e+01
1.480000000000000000e+02 4.082910526880925318e+03 1.030645578235943605e+00 6.561816895449467009e-03 -4.300520490724183986e+01
1.490000000000000000e+02 4.113794434013285354e+03 1.025820945859827527e+00 6.657913764616803579e-03 -4.302850618299403607e+01
1.500000000000000000e+02 4.144472955011441627e+03 1.020583954588287101e+00 6.754911052746933285e-03 -4.302830482648156618e+01
1.510000000000000000e+02 4.174924256810252700e+03 1.014943852296263938e+00 6.852812943884644716e-03 -4.300434599962400029e+01
1.520000000000000000e+02 4.205155887036359672e+03 1.008909653793774286e+00 6.951623341919256453e-03 -4.295637093874591983e+01
1.530000000000000000e+02 4.235153026642402438e+03 1.002497742493337896e+00 7.051345851198394417e-03 -4.288411993907750741e+01
1.540000000000000000e+02 4.264915715433162404e+03 9.957244997087599803e-01 7.151983760723828326e-03 -4.278748191495392916e+01
1.550000000000000000e+02 4.294436567130624098e+03 9.885914477712799409e-01 7.253540028096198272e-03 -4.266612297981573931e+01
1.560000000000000000e+02 4.323723054533450522e+03 9.811223915957770769e-01 7.356017264439566883e-03 -4.251993214468009086e+01
1.570000000000000000e+02 4.352752939516195511e+03 9.733188483925750978e-01 7.459417720504523536e-03 -4.234864989803292445e+01
1.580000000000000000e+02 4.381533699923072163e+03 9.652120459311331890e-01 7.563743273903305794e-03 -4.215209105369482501e+01
1.590000000000000000e+02 4.410050531198234239e+03 9.568034955486881543e-01 7.668995417640531165e-03 -4.193007046463508658e+01
1.600000000000000000e+02 4.438296059858300396e+03 9.481169904116256708e-01 7.775175249883650719e-03 -4.168247730375415472e+01
1.610000000000000000e+02 4.466248058501944797e+03 9.391688919230720689e-01 7.882283465204489858e-03 -4.140905221062342179e+01
1.620000000000000000e+02 4.493899159259506632e+03 9.299755578811120804e-01 7.990320347088738367e-03 -4.110975870621668804e+01
1.630000000000000000e+02 4.521241997128848197e+03 9.205681989868033099e-01 8.099285761752438376e-03 -4.078426320558740770e+01
1.640000000000000000e+02 4.548254353298591923e+03 9.109483085494568533e-01 8.209179153733963535e-03 -4.043260356656474386e+01
1.650000000000000000e+02 4.574936296910213059e+03 9.011396607450899987e-01 8.319999542796344127e-03 -4.005452053538717649e+01
1.660000000000000000e+02 4.601273043304538078e+03 8.911660253725540715e-01 8.431745522061195527e-03 -3.964997772836107970e+01
1.670000000000000000e+02 4.627257239057104016e+03 8.810511676604056985e-01 8.544415257732791355e-03 -3.921886449497969096e+01
1.680000000000000000e+02 4.652881533599395880e+03 8.708188480736311909e-01 8.658006490710046590e-03 -3.876129304905161632e+01
1.690000000000000000e+02 4.678138579177370048e+03 8.604928221222262197e-01 8.772516538246115381e-03 -3.827715276479604256e+01
1.700000000000000000e+02 4.703021030797275671e+03 8.500894118184771919e-01 8.887942298704822400e-03 -3.776640730795567436e+01
1.710000000000000000e+02 4.727514117808873380e+03 8.396397905375900805e-01 9.004280256166025814e-03 -3.722902034939124150e+01
1.720000000000000000e+02 4.751625357228000212e+03 8.291676977773010382e-01 9.121526486881524273e-03 -3.666502984567536316e+01
1.730000000000000000e+02 4.775332555195082023e+03 8.186968673200767377e-01 9.239676666607606406e-03 -3.607439946917379103e+01
1.740000000000000000e+02 4.798628376976210347e+03 8.082510270463070245e-01 9.358726079294435105e-03 -3.545716717213134217e+01
1.750000000000000000e+02 4.821512918502540742e+03 7.978687554500815127e-01 9.478669626411730109e-03 -3.481351946724980451e+01
1.760000000000000000e+02 4.843971568246786774e+03 7.875663192856268147e-01 9.599501837326575998e-03 -3.414342262691195629e+01
1.770000000000000000e+02 4.865997733286421862e+03 7.773821822302926510e-01 9.721216880076710698e-03 -3.344692767325622640e+01
1.780000000000000000e+02 4.887577541328168991e+03 7.673399242130275466e-01 9.843808573321496946e-03 -3.272416251622736638e+01
1.790000000000000000e+02 4.908711978570936481e+03 7.574631183589850547e-01 9.967270398350632291e-03 -3.197518076394738529e+01
1.800000000000000000e+02 4.929394604508815974e+03 7.477901875173945667e-01 1.009159551178309168e-02 -3.120018457025548031e+01
1.810000000000000000e+02 4.949611551780790251e+03 7.383521190416058033e-01 1.021677675830340477e-02 -3.039937606472230058e+01
1.820000000000000000e+02 4.969363811068331415e+03 7.291798929733891432e-01 1.034280668373974491e-02 -2.957288306615190621e+01
1.830000000000000000e+02 4.988644945889755036e+03 7.202970535304573652e-01 1.046967754814405807e-02 -2.872090764657468043e+01
1.840000000000000000e+02 5.007441092444800233e+03 7.117419939989766409e-01 1.059738133875241274e-02 -2.784372612821660198e+01
1.850000000000000000e+02 5.025753244510572586e+03 7.035530998790863189e-01 1.072590978269268545e-02 -2.694131766293572738e+01
1.860000000000000000e+02 5.043567539887533712e+03 6.957538920348538269e-01 1.085525435941927380e-02 -2.601410706417398444e+01
1.870000000000000000e+02 5.060884973650423490e+03 6.883760544350316923e-01 1.098540631293739439e-02 -2.506222196883510023e+01
1.880000000000000000e+02 5.077699112951468123e+03 6.814609196834979787e-01 1.111635666310113561e-02 -2.408601281867963451e+01
1.890000000000000000e+02 5.093996096879448487e+03 6.750408980088284938e-01 1.124809621676356799e-02 -2.308568143966327213e+01
1.900000000000000000e+02 5.109776921375646452e+03 6.691513624958858042e-01 1.138061557777224689e-02 -2.206157817276967847e+01
1.910000000000000000e+02 5.125035154055367457e+03 6.638254491176828198e-01 1.151390515614856072e-02 -2.101405330379951764e+01
1.920000000000000000e+02 5.139756934088188245e+03 6.590992564629890582e-01 1.164795517710546721e-02 -1.994323420962753346e+01
1.930000000000000000e+02 5.153935828787492028e+03 6.550073886160820980e-01 1.178275568803787733e-02 -1.884947105595245276e+01
1.940000000000000000e+02 5.167580261859250641e+03 6.515866692273947214e-01 1.191829656555775177e-02 -1.773326251049966373e+01
1.950000000000000000e+02 5.180676371559474319e+03 6.488739129116913862e-01 1.205456752069041827e-02 -1.659488432218464737e+01
1.960000000000000000e+02 5.193225152364832866e+03 6.469059251578712644e-01 1.219155810365306868e-02 -1.543483501877549813e+01
1.970000000000000000e+02 5.205227598202677655e+03 6.457209879168157585e-01 1.232925770701898301e-02 -1.425346448600072513e+01
1.980000000000000000e+02 5.216684702393010411e+03 6.453558881864296382e-01 1.246765556817302188e-02 -1.305119681465151160e+01
1.990000000000000000e+02 5.227575172551411924e+03 6.458474036151502506e-01 1.260674077034998862e-02 -1.182838173014807559e+01
2.000000000000000000e+02 5.237914857356529865e+03 6.472323024433704886e-01 1.274650224288244663e-02 -1.058559172310009266e+01
2.010000000000000000e+02 5.247689851922454181e+03 6.495489093591503282e-01 1.288692876138409875e-02 -9.323095575983854744e+00
2.020000000000000000e+02 5.256893521180973039e+03 6.528306606567849668e-01 1.302800894098994806e-02 -8.041507455169128349e+00
2.030000000000000000e+02 5.265504333189349381e+03 6.571118061672536204e-01 1.316973124079835571e-02 -6.741063528415557116e+00
2.040000000000000000e+02 5.273530468696162643e+03 6.624258433335254992e-01 1.331208395497263455e-02 -5.422296998234466869e+00
2.050000000000000000e+02 5.280942966011482895e+03 6.688070028657002730e-01 1.345505520943645131e-02 -4.085666680876360424e+00
2.060000000000000000e+02 5.287750004541995622e+03 6.762880202320086243e-01 1.359863295648576151e-02 -2.731557002834618775e+00
2.070000000000000000e+02 5.293937478031203682e+03 6.849038498401411879e-01 1.374280496846031797e-02 -1.360359709211281354e+00
2.080000000000000000e+02 5.299498708011483359e+03 6.946879508780527956e-01 1.388755883117344728e-02 2.731071759750845415e-02
2.090000000000000000e+02 5.304464157264181267e+03 7.056730301752381918e-01 1.403288193679094221e-02 1.430906767011578706e+00
2.100000000000000000e+02 5.308819718033126264e+03 7.178940135795882638e-01 1.417876147625572389e-02 2.849858763486035951e+00
2.110000000000000000e+02 5.312573567249333792e+03 7.313850746646809453e-01 1.432518443140692703e-02 4.283606068969818992e+00
2.120000000000000000e+02 5.315741309908155017e+03 7.461781491175851766e-01 1.447213756723389651e-02 5.731574801200530089e+00
2.130000000000000000e+02 5.318323694100277862e+03 7.623081346531631608e-01 1.461960742370897737e-02 7.193200122051654155e+00
2.140000000000000000e+02 5.320328896147228079e+03 7.798091769186171751e-01 1.476758030817907665e-02 8.667911384071995684e+00
2.150000000000000000e+02 5.321757663987477827e+03 7.987079840693829258e-01 1.491604228764462775e-02 1.015510984861083088e+01
2.160000000000000000e+02 5.322595888913468116e+03 8.190468547570074476e-01 1.506497918160931183e-02 1.165418948830288848e+01
2.170000000000000000e+02 5.322844319059395275e+03 8.408524791715709101e-01 1.521437655531910661e-02 1.316452213339296584e+01
2.180000000000000000e+02 5.322503702785794303e+03 8.641515387018379180e-01 1.536421971378951548e-02 1.468559118497878480e+01
2.190000000000000000e+02 5.321567360411527261e+03 8.889855627721748865e-01 1.551449369615562519e-02 1.621670191219534374e+01
2.200000000000000000e+02 5.320028612642241569e+03 9.153812155888580993e-01 1.566518327138769970e-02 1.775732315906896019e+01
2.210000000000000000e+02 5.317895637343939597e+03 9.433651529997759688e-01 1.581627293449858196e-02 1.930670107293797955e+01
2.220000000000000000e+02 5.315154327858574106e+03 9.729788793651020784e-01 1.596774690427082977e-02 2.086437909148826009e+01
2.230000000000000000e+02 5.311812863165139788e+03 1.004241605988156261e+00 1.611958912161130797e-02 2.242952939362601938e+01
2.240000000000000000e+02 5.307879422880275342e+03 1.037187393059640916e+00 1.627178324965952022e-02 2.400162145326686058e+01
2.250000000000000000e+02 5.303354758950222276e+03 1.071835436461405555e+00 1.642431267477363274e-02 2.557982777344716041e+01
2.260000000000000000e+02 5.298232195683091049e+03 1.108227209733407825e+00 1.657716050923013426e-02 2.716361815633462129e+01
2.270000000000000000e+02 5.292519914821150451e+03 1.146389322549575152e+00 1.673030959517026600e-02 2.875223972055525934e+01
2.280000000000000000e+02 5.286218670500275948e+03 1.186340949306385228e+00 1.688374250992072043e-02 3.034501403689679933e+01
2.290000000000000000e+02 5.279336645948733349e+03 1.228116114422560523e+00 1.703744157322155395e-02 3.194126284634410240e+01
2.300000000000000000e+02 5.271867168422359100e+03 1.271741407548468317e+00 1.719138885567800951e-02 3.354030806145771493e+01
2.310000000000000000e+02 5.263818422578807258e+03 1.317228555486753994e+00 1.734556618876817446e-02 3.514139748408702246e+01
2.320000000000000000e+02 5.255198593737362899e+03 1.364611564225054030e+00 1.749995517642211063e-02 3.674385337342508251e+01
2.330000000000000000e+02 5.246001011125724290e+03 1.413917005826901052e+00 1.765453720812249980e-02 3.834692387988537376e+01
2.340000000000000000e+02 5.236226432865008064e+03 1.465164018733668305e+00 1.780929347372969124e-02 3.994985732931601063e+01
2.350000000000000000e+02 5.225890474241332413e+03 1.518379164777611479e+00 1.796420497924311813e-02 4.155205079054509554e+01
2.360000000000000000e+02 5.214979037512972354e+03 1.573589001153610667e+00 1.811925256439950518e-02 4.315267865823665971e+01
2.370000000000000000e+02 5.203515166958932241e+03 1.630797795700170694e+00 1.827441692151389463e-02 4.475098978709674924e+01
2.380000000000000000e+02 5.191492193611135008e+03 1.690032097342276218e+00 1.842967861543792427e-02 4.634630749189766874e+01
2.390000000000000000e+02 5.178918305229069119e+03 1.751303594690690080e+00 1.858501810470913201e-02 4.793788098032614897e+01
2.400000000000000000e+02 5.165794261111534979e+03 1.814646258152600833e+00 1.874041576392003125e-02 4.952481106916432196e+01
2.410000000000000000e+02 5.152120820299530351e+03 1.880071770198428860e+00 1.889585190687385202e-02 5.110657016832288235e+01
2.420000000000000000e+02 5.137913598120368988e+03 1.947591810789315314e+00 1.905130681065200782e-02 5.268225944516611037e+01
2.430000000000000000e+02 5.123173352622249695e+03 2.017225486112331989e+00 1.920676074039909254e-02 5.425112880821669137e+01
2.440000000000000000e+02 5.107900841103269158e+03 2.088984472272802595e+00 1.936219397480696408e-02 5.581257690618330969e+01
2.450000000000000000e+02 5.092111676634486685e+03 2.162887872395521605e+00 1.951758683183331053e-02 5.736577970931951853e+01
2.460000000000000000e+02 5.075814042826948935e+03 2.238932503631688054e+00 1.967291969493276116e-02 5.891006192565538413e+01
2.470000000000000000e+02 5.059001265295586563e+03 2.317144896025808531e+00 1.982817303935482250e-02 6.044467414906083036e+01
2.480000000000000000e+02 5.041696381572512109e+03 2.397536722836143053e+00 1.998332745851194928e-02 6.196879285767268186e+01
2.490000000000000000e+02 5.023892714115715535e+03 2.480104800962999345e+00 2.013836369041563379e-02 6.348181754619250938e+01
2.500000000000000000e+02 5.005605868571683459e+03 2.564875661485248592e+00 2.029326264336563101e-02 6.498292502302490448e+01
2.510000000000000000e+02 4.986829082403672146e+03 2.651830723353886921e+00 2.044800542192484749e-02 6.647123050115141041e+01
2.520000000000000000e+02 4.967570123210322890e+03 2.740986375958568644e+00 2.060257335185615435e-02 6.794612230757515192e+01
2.530000000000000000e+02 4.947829246741812312e+03 2.832336182509921585e+00 2.075694800438619356e-02 6.940685288605222070e+01
2.540000000000000000e+02 4.927621562857614663e+03 2.925888565491254756e+00 2.091111122014384371e-02 7.085260055241398902e+01
2.550000000000000000e+02 4.906932465255922580e+03 3.021629665368811946e+00 2.106504513161159414e-02 7.228276662613224346e+01
2.560000000000000000e+02 4.885777058114236752e+03 3.119567911158773299e+00 2.121873218493167124e-02 7.369660401025693375e+01
2.570000000000000000e+02 4.864163014185450265e+03 3.219696879145832025e+00 2.137215516031928247e-02 7.509358860627891374e+01
2.580000000000000000e+02 4.842105431355497785e+03 3.322002721706910133e+00 2.152529719134209027e-02 7.647275075986209458e+01
2.590000000000000000e+02 4.819611975810767944e+03 3.426493881188966917e+00 2.167814178298040073e-02 7.783460662907175731e+01
2.600000000000000000e+02 4.796705166968412414e+03 3.533156520287813684e+00 2.183067282789441857e-02 7.917699830531086036e+01
2.610000000000000000e+02 4.773385235617096441e+03 3.641984235931663427e+00 2.198287462179938229e-02 8.050073935650301848e+01
2.620000000000000000e+02 4.749674693923628183e+03 3.752970631416661096e+00 2.213473187657477928e-02 8.180441497883067825e+01
2.630000000000000000e+02 4.725581193600559345e+03 3.866109316894140502e+00 2.228622973251312075e-02 8.308809616869693571e+01
2.640000000000000000e+02 4.701112382539728060e+03 3.981386481509987085e+00 2.243735376846972204e-02 8.435036837938847043e+01
2.650000000000000000e+02 4.676268476409628420e+03 4.098780893895695776e+00 2.258809001050502557e-02 8.559204569289254039e+01
2.660000000000000000e+02 4.651057115318336400e+03 4.218278759360997832e+00 2.273842493905744652e-02 8.681097097134498597e+01
2.670000000000000000e+02 4.625493363790883450e+03 4.339858863686648860e+00 2.288834549426600404e-02 8.800647286373587974e+01
2.680000000000000000e+02 4.599577425710848729e+03 4.463507430318548685e+00 2.303783907995561597e-02 8.917936580239968691e+01
2.690000000000000000e+02 4.573309501028049453e+03 4.589210692511856315e+00 2.318689356559264225e-02 9.032749298929032022e+01
2.700000000000000000e+02 4.546697214130610519e+03 4.716940037124139451e+00 2.333549728739694670e-02 9.145166907254237287e+01
2.710000000000000000e+02 4.519763042231327745e+03 4.846681718510298609e+00 2.348363904735647351e-02 9.254973746256814593e+01
2.720000000000000000e+02 4.492499745316117696e+03 4.978414573964681900e+00 2.363130811122046704e-02 9.362251300849111146e+01
2.730000000000000000e+02 4.464937221359482464e+03 5.112095167512588745e+00 2.377849420502127845e-02 9.466858214913959557e+01
2.740000000000000000e+02 4.437068222897829401e+03 5.247717217202840345e+00 2.392518751046313064e-02 9.568875991930056557e+01
2.750000000000000000e+02 4.408907783919130452e+03 5.385244740444473877e+00 2.407137865913099722e-02 9.668089010058220367e+01
2.760000000000000000e+02 4.380478363261069717e+03 5.524656624594987520e+00 2.421705872587268105e-02 9.764578789758378718e+01
2.770000000000000000e+02 4.351780131318708300e+03 5.665924342394328406e+00 2.436221922092377673e-02 9.858204008862172429e+01
2.780000000000000000e+02 4.322820683563188140e+03 5.809019380796974552e+00 2.450685208145527566e-02 9.948897636165958147e+01
2.790000000000000000e+02 4.293615040667361427e+03 5.953898384750031525e+00 2.465094966265777773e-02 1.003674121450902277e+02
2.800000000000000000e+02 4.264178220287961267e+03 6.100525442719415103e+00 2.479450472805995453e-02 1.012159344282932807e+02
2.810000000000000000e+02 4.234510380503133092e+03 6.248879515511760907e+00 2.493751043946254228e-02 1.020346159323651847e+02
2.820000000000000000e+02 4.204626533355832180e+03 6.398909866640195787e+00 2.507996034688969589e-02 1.028227866005701685e+02
2.830000000000000000e+02 4.174541688298844747e+03 6.550588061239259297e+00 2.522184837800963211e-02 1.035797764288094385e+02
2.840000000000000000e+02 4.144255995641668051e+03 6.703878253121791531e+00 2.536316882799853276e-02 1.043049154609814337e+02
2.850000000000000000e+02 4.113784460099463104e+03 6.858737185231767342e+00 2.550391634934147736e-02 1.049982766192813131e+02
2.860000000000000000e+02 4.083134655889571150e+03 7.015129046792059064e+00 2.564408594185220089e-02 1.056599328643619629e+02
2.870000000000000000e+02 4.052329011927603005e+03 7.172995760344414329e+00 2.578367294335455820e-02 1.062892143554051927e+02
2.880000000000000000e+02 4.021367670218362036e+03 7.332308980635930951e+00 2.592267302068630014e-02 1.068847084451261082e+02
2.890000000000000000e+02 3.990258199394689655e+03 7.493018096595129407e+00 2.606108216143559336e-02 1.074479738498093155e+02
2.900000000000000000e+02 3.959023023200089028e+03 7.655079945153540066e+00 2.619889666638473835e-02 1.079768551289005529e+02
2.910000000000000000e+02 3.927669707213570746e+03 7.818466240008724810e+00 2.633611314296428751e-02 1.084721681949528573e+02
2.920000000000000000e+02 3.896198387318194364e+03 7.983037290075071901e+00 2.647272849924695720e-02 1.089332432981020560e+02
2.930000000000000000e+02 3.864624054861661079e+03 8.148861418940521517e+00 2.660873993952265343e-02 1.093601535256709525e+02
2.940000000000000000e+02 3.832961700056338486e+03 8.315858404442026952e+00 2.674414496049811255e-02 1.097514862915275700e+02
2.950000000000000000e+02 3.801211455369253144e+03 8.483873762545893982e+00 2.687894134882995445e-02 1.101080575055482740e+02
2.960000000000000000e+02 3.769388309002865753e+03 8.652975881725826213e+00 2.701312717983008968e-02 1.104291973927364552e+02
2.970000000000000000e+02 3.737492391562624107e+03 8.823010322305748332e+00 2.714670081724958328e-02 1.107134933223988753e+02
2.980000000000000000e+02 3.705546117865096676e+03 8.993971234319078079e+00 2.727966091462332224e-02 1.109617611423062442e+02
2.990000000000000000e+02 3.673557045231604661e+03 9.165778507337382308e+00 2.741200641724388445e-02 1.111740738325660232e+02
3.000000000000000000e+02 3.641532730221425936e+03 9.338352054296381155e+00 2.754373656631116385e-02 1.113497614995099951e+02
3.010000000000000000e+02 3.609487981059898630e+03 9.511761335469399725e+00 2.767485090274911588e-02 1.114889007995777916e+02
3.020000000000000000e+02 3.577436901468636279e+03 9.685782527716428447e+00 2.780534927494784578e-02 1.115915833781024418e+02
3.030000000000000000e+02 3.545385990139086516e+03 9.860489922826044307e+00 2.793523184366266884e-02 1.116579045828850383e+02
3.040000000000000000e+02 3.513349173359874385e+03 1.003580927011624091e+01 2.806449909155872904e-02 1.116879596977564546e+02
3.050000000000000000e+02 3.481340376639384885e+03 1.021166634369854798e+01 2.819315183191949473e-02 1.116811011010786814e+02
3.060000000000000000e+02 3.449358667967157544e+03 1.038806122622470696e+01 2.832119121874420234e-02 1.116374239292653243e+02
3.070000000000000000e+02 3.417425399516677317e+03 1.056484545860834423e+01 2.844861875771261331e-02 1.115570232351774536e+02
3.080000000000000000e+02 3.385547065836032743e+03 1.074201917424888642e+01 2.857543631769148343e-02 1.114399939815015159e+02
3.090000000000000000e+02 3.353730160481476105e+03 1.091950824872200343e+01 2.870164614296513358e-02 1.112864310340920326e+02
3.100000000000000000e+02 3.321973747592264772e+03 1.109716429996118769e+01 2.882725086596655759e-02 1.110964291552863017e+02
3.110000000000000000e+02 3.290306603560019539e+03 1.127506182243259225e+01 2.895225352031110394e-02 1.108685973271490042e+02
3.120000000000000000e+02 3.258720361788602077e+03 1.145305248626763372e+01 2.907665755408851346e-02 1.106045157549054920e+02
3.130000000000000000e+02 3.227236367753647301e+03 1.163113655490528409e+01 2.920046684335303802e-02 1.103035360150468023e+02
3.140000000000000000e+02 3.195861108804615469e+03 1.180916575119391432e+01 2.932368570544048939e-02 1.099657523887150319e+02
3.150000000000000000e+02 3.164593642416085459e+03 1.198706610799197669e+01 2.944631891219296610e-02 1.095912590199784233e+02
3.160000000000000000e+02 3.133455309488497278e+03 1.216491225174474700e+01 2.956837170288507954e-02 1.091801499091545935e+02
3.170000000000000000e+02 3.102452592496591478e+03 1.234248170152426560e+01 2.968984979661750886e-02 1.087332617411914839e+02
3.180000000000000000e+02 3.071599400441059970e+03 1.251977485358197129e+01 2.981075940417086956e-02 1.082499453739900304e+02
3.190000000000000000e+02 3.040894783701151937e+03 1.269671784735364639e+01 2.993110723919080104e-02 1.077302943369270594e+02
3.200000000000000000e+02 3.010345218992486934e+03 1.287331113245904035e+01 3.005090052833577635e-02 1.071751448243637839e+02
3.210000000000000000e+02 2.979979465979537508e+03 1.304940661816797842e+01 3.017014702061078177e-02 1.065845900191723103e+02
3.220000000000000000e+02 2.949781712041469291e+03 1.322493052386040979e+01 3.028885499544459528e-02 1.059579800863903500e+02
3.230000000000000000e+02 2.919780712400482571e+03 1.339980909545482568e+01 3.040703326971798057e-02 1.052961506720367169e+02
3.240000000000000000e+02 2.889968078202736706e+03 1.357396860531745908e+01 3.052469120336237518e-02 1.045999372268967846e+02
3.250000000000000000e+02 2.860365131613636095e+03 1.374740963565214003e+01 3.064183870331031387e-02 1.038686893304105894e+02
3.260000000000000000e+02 2.830970907319414891e+03 1.392005851135970751e+01 3.075848622654423284e-02 1.031032420248218529e+02
3.270000000000000000e+02 2.801799294242907763e+03 1.409176729988059584e+01 3.087464478083145128e-02 1.023029444692450340e+02
3.280000000000000000e+02 2.772856750469259623e+03 1.426246237801913885e+01 3.099032592428034583e-02 1.014686312740578842e+02
3.290000000000000000e+02 2.744149731585278005e+03 1.443214443173999761e+01 3.110554176312515726e-02 1.006018796603012646e+02
3.300000000000000000e+02 2.715692119031993116e+03 1.460066560543407910e+01 3.122030494759100647e-02 9.970129527911764455e+01
3.310000000000000000e+02 2.687482935069898303e+03 1.476802663567839069e+01 3.133462866629815879e-02 9.876771205163406364e+01
3.320000000000000000e+02 2.659536056209989056e+03 1.493415400045534369e+01 3.144852663850702251e-02 9.780122082372031400e+01
3.330000000000000000e+02 2.631850499857079740e+03 1.509889991885564875e+01 3.156201310496908885e-02 9.680339786607744657e+01
3.340000000000000000e+02 2.604440137769535340e+03 1.526226520126541786e+01 3.167510281676190476e-02 9.577359069428578664e+01
3.350000000000000000e+02 2.577318839431916331e+03 1.542410211501204387e+01 3.178781102245025608e-02 9.471263223926717956e+01
3.360000000000000000e+02 2.550485615441931714e+03 1.558441151800627367e+01 3.190015345371136068e-02 9.362061233771468949e+01
3.370000000000000000e+02 2.523946902662712091e+03 1.574312000784344434e+01 3.201214630909715586e-02 9.249910623284324629e+01
3.380000000000000000e+02 2.497709135987806803e+03 1.590015420489095099e+01 3.212380623630038678e-02 9.134746039511371407e+01
3.390000000000000000e+02 2.471786176819942284e+03 1.605544075184964825e+01 3.223515031303880035e-02 9.016724952840792184e+01
3.400000000000000000e+02 2.446184456511725330e+03 1.620898059679431924e+01 3.234619602651967601e-02 8.895856239110645447e+01
3.410000000000000000e+02 2.420902976518846572e+03 1.636055185867853368e+01 3.245696125139335697e-02 8.772148746252038620e+01
3.420000000000000000e+02 2.395948165265027910e+03 1.651015552784110341e+01 3.256746422677486014e-02 8.645611293945353282e+01
3.430000000000000000e+02 2.371326449966576547e+03 1.665771833146473568e+01 3.267772353201978119e-02 8.516401240299524034e+01
3.440000000000000000e+02 2.347036828466339557e+03 1.680309273302167483e+01 3.278775806182623875e-02 8.384453064031968950e+01
3.450000000000000000e+02 2.323085726126787904e+03 1.694627978220473352e+01 3.289758700003819758e-02 8.249849781691611383e+01
3.460000000000000000e+02 2.299479567679603861e+03 1.708713198031820113e+01 3.300722979324592632e-02 8.112600096880017020e+01
3.470000000000000000e+02 2.276217349081371140e+03 1.722565041366691219e+01 3.311670612365172350e-02 7.972786967003065683e+01
3.480000000000000000e+02 2.253305494424902918e+03 1.736161333540119145e+01 3.322603588159592225e-02 7.830419036030561131e+01
3.490000000000000000e+02 2.230757856153693410e+03 1.749517043287299245e+01 3.333523913781821779e-02 7.685727768288747086e+01
3.500000000000000000e+02 2.208573430227971130e+03 1.762617427542866722e+01 3.344433611565481024e-02 7.538647463743058097e+01
3.510000000000000000e+02 2.186766019322460124e+03 1.775462784296987451e+01 3.355334716321297511e-02 7.389333922579987757e+01
3.520000000000000000e+02 2.165341796729964244e+03 1.788046715947396947e+01 3.366229272602957318e-02 7.237863351771915177e+01
3.530000000000000000e+02 2.144299457840611467e+03 1.800363009099829981e+01 3.377119331975955707e-02 7.084236324190470668e+01
3.540000000000000000e+02 2.123645127476568632e+03 1.812412880016741923e+01 3.388006950357351499e-02 6.928676232240113109e+01
3.550000000000000000e+02 2.103392360101045142e+03 1.824182689488293718e+01 3.398894185408377067e-02 6.771109303227756016e+01
3.560000000000000000e+02 2.083532426620932711e+03 1.835673656153262101e+01 3.409783094010709892e-02 6.611610300281938635e+01
3.570000000000000000e+02 2.064071456335148014e+03 1.846879571366444850e+01 3.420675729833274475e-02 6.450253955268850348e+01
3.580000000000000000e+02 2.045015580423550773e+03 1.857794227465386427e+01 3.431574140980827442e-02 6.287114968730131892e+01
3.590000000000000000e+02 2.026363503777373808e+03 1.868403989334930770e+01 3.442480367780728634e-02 6.122193726334893427e+01
3.600000000000000000e+02 2.008113933520426372e+03 1.878710079371221298e+01 3.453396440666964273e-02 5.955639149358349727e+01
3.610000000000000000e+02 1.990273007519665498e+03 1.888706292342674331e+01 3.464324378196806387e-02 5.787347563756033253e+01
3.620000000000000000e+02 1.972839437833575630e+03 1.898386423650492816e+01 3.475266185212019104e-02 5.617504969736316411e+01
3.630000000000000000e+02 1.955826795899627314e+03 1.907744269237542767e+01 3.486223851136430879e-02 5.446171054167237457e+01
3.640000000000000000e+02 1.939218942556712136e+03 1.916781053846171901e+01 3.497199348407998426e-02 5.273412900918394541e+01
3.650000000000000000e+02 1.923036883308031292e+03 1.925490574223991658e+01 3.508194631091917509e-02 5.099312419265216789e+01
3.660000000000000000e+02 1.907271913265804642e+03 1.933866627379267911e+01 3.519211633599224343e-02 4.923951487259175508e+01
3.670000000000000000e+02 1.891930187335756045e+03 1.941910438835166275e+01 3.530252269591237918e-02 4.747397095114794752e+01
3.680000000000000000e+02 1.877010435235216391e+03 1.949608377481947485e+01 3.541318431038386477e-02 4.569738487065325216e+01
3.690000000000000000e+02 1.862511389898043490e+03 1.956976525580470749e+01 3.552411987395855814e-02 4.391050019732993803e+01
3.700000000000000000e+02 1.848446644215674269e+03 1.963986395160761944e+01 3.563534784963243857e-02 4.211398590617994131e+01
3.710000000000000000e+02 1.834800080962251513e+03 1.970661496475527841e+01 3.574688646357927768e-02 4.030873351655667136e+01
3.720000000000000000e+02 1.821585299609617323e+03 1.976973340996135420e+01 3.585875370150735930e-02 3.849541139288861302e+01
3.730000000000000000e+02 1.808793617875338668e+03 1.982938009864680851e+01 3.597096730610998411e-02 3.667483616410912362e+01
3.740000000000000000e+02 1.796431213461032712e+03 1.988549298639941654e+01 3.608354477574565733e-02 3.484782415875062611e+01
3.750000000000000000e+02 1.784489410626358904e+03 1.993801002245770349e+01 3.619650336443013677e-02 3.301496855672031927e+01
3.760000000000000000e+02 1.772974393553656682e+03 1.998686914868284958e+01 3.630986008270596643e-02 3.117715937628813805e+01
3.770000000000000000e+02 1.761892349600515217e+03 2.003208258202909775e+01 3.642363169945119633e-02 2.933506349222957610e+01
3.780000000000000000e+02 1.751227184192442110e+03 2.007358824650336615e+01 3.653783474455465918e-02 2.748942177268902753e+01
3.790000000000000000e+02 1.740992519209316697e+03 2.011132405562979741e+01 3.665248551220452039e-02 2.564104908222899226e+01
3.800000000000000000e+02 1.731187122810938263e+03 2.014530219491234675e+01 3.676760006492991312e-02 2.379068571807320254e+01
3.810000000000000000e+02 1.721802337707728384e+03 2.017553483729125929e+01 3.688319423789511442e-02 2.193899741355642874e+01
3.820000000000000000e+02 1.712844366126488694e+03 2.020181129159411171e+01 3.699928364350505566e-02 2.008679819228638763e+01
3.830000000000000000e+02 1.704311984670381662e+03 2.022436655301681796e+01 3.711588367624820556e-02 1.823490180500034441e+01
3.840000000000000000e+02 1.696196544226574133e+03 2.024306418355534376e+01 3.723300951775841000e-02 1.638419601713896512e+01
3.850000000000000000e+02 1.688496826572511054e+03 2.025791629548423245e+01 3.735067614136374642e-02 1.453541976262209978e+01
3.860000000000000000e+02 1.681219044281033575e+03 2.026900926681686244e+01 3.746889831670605076e-02 1.268953456585857431e+01
3.870000000000000000e+02 1.674361983925556387e+03 2.027628088976336684e+01 3.758769061403046535e-02 1.084727884544428633e+01
3.880000000000000000e+02 1.667909577637238272e+03 2.027981750370956959e+01 3.770706740773391297e-02 9.009539336604943216e+00
3.890000000000000000e+02 1.661868044766573348e+03 2.027955686017941161e+01 3.782704287970060919e-02 7.177128245836988718e+00
3.900000000000000000e+02 1.656236178396773312e+03 2.027551097231967958e+01 3.794763102149963097e-02 5.350857539777497784e+00
3.910000000000000000e+02 1.651012773613523677e+03 2.026769183037939115e+01 3.806884563611261096e-02 3.531538950790645615e+00
3.920000000000000000e+02 1.646181770730137487e+03 2.025603711719493916e+01 3.819070033853037144e-02 1.719983982773201969e+00
3.930000000000000000e+02 1.641756825321816223e+03 2.024063305769110954e+01 3.831320855549549820e-02 -8.307036632422379330e-02
3.940000000000000000e+02 1.637721881364394449e+03 2.022141728387139992e+01 3.843638352393820290e-02 -1.876887314753791003e+00
3.950000000000000000e+02 1.634075741285372487e+03 2.019832740083011657e+01 3.856023828859171665e-02 -3.660581723509003904e+00
3.960000000000000000e+02 1.630817209222445399e+03 2.017152383627474777e+01 3.868478569817761226e-02 -5.433424652015312439e+00
3.970000000000000000e+02 1.627937662642396845e+03 2.014086985503138649e+01 3.881003840032982988e-02 -7.194620500742288982e+00
3.980000000000000000e+02 1.625443337371613552e+03 2.010645154259352907e+01 3.893600883543039959e-02 -8.943425857720004757e+00
3.990000000000000000e+02 1.623325614185886025e+03 2.006820638665003997e+01 3.906270922891456887e-02 -1.067906035104480367e+01
4.000000000000000000e+02 1.621583303863288393e+03 2.002629469364733339e+01 3.919015158251665243e-02 -1.240076309685079181e+01
4.010000000000000000e+02 1.620215348971741150e+03 1.998057972949569105e+01 3.931834766399273234e-02 -1.410779764062021790e+01
4.020000000000000000e+02 1.619213785916495226e+03 1.993114808164873253e+01 3.944730899579772937e-02 -1.579948908134608665e+01
4.030000000000000000e+02 1.618578211304925844e+03 1.987808642918468749e+01 3.957704684223211505e-02 -1.747520921648951386e+01
4.040000000000000000e+02 1.618308223520302818e+03 1.982133284872898216e+01 3.970757219582077280e-02 -1.913428244454777172e+01
4.050000000000000000e+02 1.618388566080599958e+03 1.976089966406535936e+01 3.983889576212902572e-02 -2.077607786819380564e+01
4.060000000000000000e+02 1.618818841109556615e+03 1.969694772875391209e+01 3.997102794362799444e-02 -2.240003157076075979e+01
4.070000000000000000e+02 1.619598652716502556e+03 1.962941500774632075e+01 4.010397882276903886e-02 -2.400537918691181360e+01
4.080000000000000000e+02 1.620720178736109574e+03 1.955823942703412399e+01 4.023775814404216555e-02 -2.559150502623397117e+01
4.090000000000000000e+02 1.622168170827390441e+03 1.948365600681271204e+01 4.037237529516097406e-02 -2.715779349722669167e+01
4.100000000000000000e+02 1.623957096332159153e+03 1.940560259262912979e+01 4.050783928760311181e-02 -2.870355481466343051e+01
4.110000000000000000e+02 1.626056854887099689e+03 1.932409127207640154e+01 4.064415873655637806e-02 -3.022839640784748383e+01
4.120000000000000000e+02 1.628481918747750115e+03 1.923920837398976147e+01 4.078134184066795759e-02 -3.173162864322398136e+01
4.130000000000000000e+02 1.631224477762645847e+03 1.915096590065333970e+01 4.091939636101885741e-02 -3.321285908293003786e+01
4.140000000000000000e+02 1.634276724554802286e+03 1.905945009403184542e+01 4.105832960036329832e-02 -3.467147249071494741e+01
4.150000000000000000e+02 1.637623426305418207e+03 1.896474715151104107e+01 4.119814838201273782e-02 -3.610700223980777679e+01
4.160000000000000000e+02 1.641279066641137206e+03 1.886679465815197432e+01 4.133885902895750863e-02 -3.751898173619456855e+01
4.170000000000000000e+02 1.645220990618675842e+03 1.876575300347965936e+01 4.148046734320590123e-02 -3.890672155832986334e+01
4.180000000000000000e+02 1.649456260013603014e+03 1.866163396326418322e+01 4.162297858546750579e-02 -4.026982943181963037e+01
4.190000000000000000e+02 1.653969655003547587e+03 1.855444926583717802e+01 4.176639745547418292e-02 -4.160769023502551534e+01
4.200000000000000000e+02 1.658768244401856236e+03 1.844421059142191766e+01 4.191072807274688616e-02 -4.291983740666463376e+01
4.210000000000000000e+02 1.663836815684240491e+03 1.833107813848732093e+01 4.205597395834391461e-02 -4.420573008536432269e+01
4.220000000000000000e+02 1.669167588512717430e+03 1.821498920560407697e+01 4.220213801743542131e-02 -4.546475309970842460e+01
4.230000000000000000e+02 1.674767643202433874e+03 1.809595532484354408e+01 4.234922252291251077e-02 -4.669643980878405642e+01
4.240000000000000000e+02 1.680621779079498765e+03 1.797413654468968147e+01 4.249722910031458745e-02 -4.790032352521725301e+01
4.250000000000000000e+02 1.686722227982509366e+03 1.784954429546026944e+01 4.264615871374965311e-02 -4.907593750522334375e+01
4.260000000000000000e+02 1.693068654353505963e+03 1.772226423926726113e+01 4.279601165349723041e-02 -5.022311207268496958e+01
4.270000000000000000e+02 1.699638441917419186e+03 1.759245626949277153e+01 4.294678752474351269e-02 -5.134145462472761068e+01
4.280000000000000000e+02 1.706446120553141782e+03 1.746020594328288311e+01 4.309848523830916989e-02 -5.243064675585480217e+01
4.290000000000000000e+02 1.713461654497694099e+03 1.732552448107112042e+01 4.325110300246311906e-02 -5.349044424811221887e+01
4.300000000000000000e+02 1.720684725892800088e+03 1.718849733313122741e+01 4.340463831681597856e-02 -5.452037992728683946e+01
4.310000000000000000e+02 1.728115021414524335e+03 1.704935846265306054e+01 4.355908796780681713e-02 -5.552028363768442887e+01
4.320000000000000000e+02 1.735737375589486874e+03 1.690804464432726917e+01 4.371444802587097500e-02 -5.648983653143057637e+01
4.330000000000000000e+02 1.743558912548515991e+03 1.676464116498680212e+01 4.387071384447799316e-02 -5.742857105884790059e+01
4.340000000000000000e+02 1.751557047562718481e+03 1.661930753975860497e+01 4.402788006094965345e-02 -5.833631665991327253e+01
4.350000000000000000e+02 1.759738913818553101e+03 1.647198037773634027e+01 4.418594059901971571e-02 -5.921260548674968049e+01
4.360000000000000000e+02 1.768096792274602876e+03 1.632281908270728010e+01 4.434488867314305416e-02 -6.005719237872779814e+01
4.370000000000000000e+02 1.776622968305623772e+03 1.617183443538158372e+01 4.450471679468591402e-02 -6.086975771911617272e+01
4.380000000000000000e+02 1.785309731631525892e+03 1.601918572717499600e+01 4.466541677957686085e-02 -6.164998170932179278e+01
4.390000000000000000e+02 1.794156804582341465e+03 1.586488362600294799e+01 4.482697975776733096e-02 -6.239754435970887414e+01
4.400000000000000000e+02 1.803149056948321004e+03 1.570901302662445431e+01 4.498939618420381981e-02 -6.311234833100712649e+01
4.410000000000000000e+02 1.812278790918156574e+03 1.555173305051147636e+01 4.515265585139525278e-02 -6.379414750778380494e+01
4.420000000000000000e+02 1.821530884253189470e+03 1.539305419524478857e+01 4.531674790316619905e-02 -6.444276984002040365e+01
4.430000000000000000e+02 1.830905075200800638e+03 1.523313546846166311e+01 4.548166084997710273e-02 -6.505789448376010853e+01
4.440000000000000000e+02 1.840386248944768113e+03 1.507206153732131781e+01 4.564738258536651938e-02 -6.563942320986107859e+01
4.450000000000000000e+02 1.849966722496974398e+03 1.490984272851412129e+01 4.581390040333235131e-02 -6.618718326131420326e+01
4.460000000000000000e+02 1.859638816178647176e+03 1.474671216231704030e+01 4.598120101696832190e-02 -6.670100162815955969e+01
4.470000000000000000e+02 1.869394853443410739e+03 1.458268005166175385e+01 4.614927057773447056e-02 -6.718100217299755172e+01
4.480000000000000000e+02 1.879242017393466540e+03 1.441790511976802236e+01 4.631809469558432341e-02 -6.762708563805901463e+01
4.490000000000000000e+02 1.889165208837779801e+03 1.425247174979577558e+01 4.648765845959654253e-02 -6.803922677088958437e+01
4.500000000000000000e+02 1.899156759497433995e+03 1.408638998504379991e+01 4.665794645909365768e-02 -6.841747431611078412e+01
4.510000000000000000e+02 1.909216626104106354e+03 1.391989003773143274e+01 4.682894280505434104e-02 -6.876180372595854351e+01
4.520000000000000000e+02 1.919345544741637923e+03 1.375296871186188774e+01 4.700063115179323181e-02 -6.907212100930570386e+01
4.530000000000000000e+02 1.929522162697618114e+03 1.358576869745437854e+01 4.717299471854704412e-02 -6.934840743359998783e+01
4.540000000000000000e+02 1.939747414063012911e+03 1.341835834586386511e+01 4.734601631102917929e-02 -6.959056966427154123e+01
4.550000000000000000e+02 1.950007377778044656e+03 1.325080595368540237e+01 4.751967834284361730e-02 -6.979858832393431101e+01
4.560000000000000000e+02 1.960295562482262312e+03 1.308317976319807663e+01 4.769396285633965837e-02 -6.997236941766637131e+01
4.570000000000000000e+02 1.970605477966960052e+03 1.291554796285076812e+01 4.786885154327180647e-02 -7.011189289239017342e+01
4.580000000000000000e+02 1.980923206632076244e+03 1.274805297129299220e+01 4.804432576464107152e-02 -7.021698977883200143e+01
4.590000000000000000e+02 1.991234831649133866e+03 1.258076287094072576e+01 4.822036656992458731e-02 -7.028786216859955971e+01
4.600000000000000000e+02 2.001556150181502289e+03 1.241374569209229328e+01 4.839695471554491396e-02 -7.032471178932574674e+01
4.610000000000000000e+02 2.011858389708660070e+03 1.224706941358456724e+01 4.857407068243588255e-02 -7.032692287889535976e+01
4.620000000000000000e+02 2.022164776414600965e+03 1.208095053049687806e+01 4.875169469259750532e-02 -7.029685063692863878e+01
4.630000000000000000e+02 2.032446538128656584e+03 1.191545692088262598e+01 4.892980672465924857e-02 -7.023313570251735882e+01
4.640000000000000000e+02 2.042726901083204211e+03 1.175065641355835488e+01 4.910838652840155555e-02 -7.013664682749515578e+01
4.650000000000000000e+02 2.052977092874858499e+03 1.158669107243292018e+01 4.928741363797212172e-02 -7.000750952952151351e+01
4.660000000000000000e+02 2.063212910893415028e+03 1.142362863037114273e+01 4.946686738411945616e-02 -6.984659175543461629e+01
4.670000000000000000e+02 2.073420438706448749e+03 1.126161105710946053e+01 4.964672690506653774e-02 -6.965327536960332111e+01
4.680000000000000000e+02 2.083585759359128588e+03 1.110070599320298079e+01 4.982697115633562962e-02 -6.942842748758448579e+01
4.690000000000000000e+02 2.093709811985437682e+03 1.094098103452136961e+01 5.000757891911861153e-02 -6.917217196474173591e+01
4.700000000000000000e+02 2.103778678329887498e+03 1.078250373328260814e+01 5.018852880773574249e-02 -6.888463222510793571e+01
4.710000000000000000e+02 2.113778439382709621e+03 1.062541588262963188e+01 5.036979927564701892e-02 -6.856518842034846273e+01
4.720000000000000000e+02 2.123710032026891440e+03 1.046985923424128728e+01 5.055136862054224883e-02 -6.821544876400785995e+01
4.730000000000000000e+02 2.133559535595318266e+03 1.031582693247985105e+01 5.073321498817868341e-02 -6.783404968064850493e+01
4.740000000000000000e+02 2.143327885241185868e+03 1.016338636608918655e+01 5.091531637524984027e-02 -6.742334131556390275e+01
4.750000000000000000e+02 2.153008586867498252e+03 1.001275345292540564e+01 5.109765063124219187e-02 -6.698195917920138243e+01
4.760000000000000000e+02 2.162602573818098790e+03 9.863995507211548386e+00 5.128019545956141734e-02 -6.651076682222729630e+01
4.770000000000000000e+02 2.172095921827122766e+03 9.717105524340919231e+00 5.146292841752417302e-02 -6.601062732551969248e+01
4.780000000000000000e+02 2.181496990779407497e+03 9.572299316222483867e+00 5.164582691605105330e-02 -6.548166046042251764e+01
4.790000000000000000e+02 2.190806711326805726e+03 9.429644095138240090e+00 5.182886821830327839e-02 -6.492502548830628939e+01
4.800000000000000000e+02 2.200003728212314400e+03 9.289281325653217181e+00 5.201202943826523789e-02 -6.434024695020971762e+01
4.810000000000000000e+02 2.209103827103064759e+03 9.151129592040394556e+00 5.219528753859516146e-02 -6.372818600291207503e+01
4.820000000000000000e+02 2.218078222773974176e+03 9.015478867766562487e+00 5.237861932833877410e-02 -6.308925761109640717e+01
4.830000000000000000e+02 2.226935271001261754e+03 8.882321965465626690e+00 5.256200146051753092e-02 -6.242395052835014724e+01
4.840000000000000000e+02 2.235661041804527486e+03 8.751800239478498611e+00 5.274541042955149112e-02 -6.173275301041601892e+01
4.850000000000000000e+02 2.244241604543799440e+03 8.623980736898088750e+00 5.292882256899467119e-02 -6.101607852872202642e+01
4.860000000000000000e+02 2.252685313017696444e+03 8.498930482651234186e+00 5.311221404922023687e-02 -6.027448861821002879e+01
4.870000000000000000e+02 2.260978235409346780e+03 8.376716481103501977e+00 5.329556087568431549e-02 -5.950839574094450768e+01
4.880000000000000000e+02 2.269113867733688494e+03 8.257554284693583213e+00 5.347883888744833780e-02 -5.871843470154970390e+01
4.890000000000000000e+02 2.277100562231817094e+03 8.141362294570857472e+00 5.366202375638139122e-02 -5.790523979494146545e+01
4.900000000000000000e+02 2.284924385660546250e+03 8.028356030290090928e+00 5.384509098702886659e-02 -5.706937052138605537e+01
4.910000000000000000e+02 2.292586261080139593e+03 7.918602430492133415e+00 5.402801591721934776e-02 -5.621153443589890486e+01
4.920000000000000000e+02 2.300087111184958758e+03 7.812094138121870479e+00 5.421077371960075775e-02 -5.533221572995957160e+01
4.930000000000000000e+02 2.307427858328328057e+03 7.708972352669825057e+00 5.439333940413581397e-02 -5.443219521559989005e+01
4.940000000000000000e+02 2.314601996189966940e+03 7.609378264918775336e+00 5.457568782164896881e-02 -5.351188177380041111e+01
4.950000000000000000e+02 2.321603018135915590e+03 7.513378775209252680e+00 5.475779366849145569e-02 -5.257212947329079356e+01
4.960000000000000000e+02 2.328431845569696179e+03 7.420966495222681480e+00 5.493963149246470362e-02 -5.161342045265327982e+01
4.970000000000000000e+02 2.335074542873039718e+03 7.332282600286266216e+00 5.512117569991581423e-02 -5.063645918933571721e+01
4.980000000000000000e+02 2.341532030788334396e+03 7.247393980675814085e+00 5.530240056417048966e-02 -4.964194965050229769e+01
4.990000000000000000e+02 2.347797801338810586e+03 7.166367526940540245e+00 5.548328023532256986e-02 -4.863052101125668258e+01
5.000000000000000000e+02 2.353865346138803943e+03 7.089344415238762132e+00 5.566378875132182991e-02 -4.760272765673708051e+01
5.010000000000000000e+02 2.359728217968509853e+03 7.016314432955216063e+00 5.584390005040640315e-02 -4.655932489451358691e+01
5.020000000000000000e+02 2.365387643939497593e+03 6.947404637408054029e+00 5.602358798495980785e-02 -4.550098183468313096e+01
5.030000000000000000e+02 2.370837483842202801e+03 6.882590700853481458e+00 5.620282633665459743e-02 -4.442819709830309449e+01
5.040000000000000000e+02 2.376079025134843505e+03 6.822071155583133262e+00 5.638158883297710033e-02 -4.334184022956043947e+01
5.050000000000000000e+02 2.381120982846423431e+03 6.765747411279204648e+00 5.655984916490871400e-02 -4.224248314819011796e+01
5.060000000000000000e+02 2.385949786067587866e+03 6.713743741409417431e+00 5.673758100604407717e-02 -4.113077157129225014e+01
5.070000000000000000e+02 2.390574147933142740e+03 6.666125007799274194e+00 5.691475803266127231e-02 -4.000735073449506274e+01
5.080000000000000000e+02 2.394987923741431132e+03 6.622941232618431151e+00 5.709135394502971861e-02 -3.887293968047954706e+01
5.090000000000000000e+02 2.399184967515578592e+03 6.584227600267963609e+00 5.726734248971321328e-02 -3.772818269734855079e+01
5.100000000000000000e+02 2.403181416905730202e+03 6.550026744319871419e+00 5.744269748283314242e-02 -3.657379789135271864e+01
5.110000000000000000e+02 2.406956266229973608e+03 6.520373892706111896e+00 5.761739283411029811e-02 -3.541035434244481195e+01
5.120000000000000000e+02 2.410525649811991116e+03 6.495304297958211848e+00 5.779140257171654776e-02 -3.423856924468624641e+01
5.130000000000000000e+02 2.413875986657044450e+03 6.474868095796249001e+00 5.796470086772981256e-02 -3.305915934596625760e+01
5.140000000000000000e+02 2.417008550375721370e+03 6.459100593614724772e+00 5.813726206406071018e-02 -3.187269238804172033e+01
5.150000000000000000e+02 2.419924612300683293e+03 6.448029700717186508e+00 5.830906069880938125e-02 -3.067988424790453550e+01
5.160000000000000000e+02 2.422625441299945123e+03 6.441698215248196746e+00 5.848007153287523158e-02 -2.948152466194149568e+01
5.170000000000000000e+02 2.425104875237032957e+03 6.440126684319338324e+00 5.865026957670019248e-02 -2.827818009988271086e+01
5.180000000000000000e+02 2.427356749129874515e+03 6.443357975983224684e+00 5.881963011708945394e-02 -2.707063947406297189e+01
5.190000000000000000e+02 2.429389751659320609e+03 6.451412710999278488e+00 5.898812874369463444e-02 -2.585961701393681977e+01
5.200000000000000000e+02 2.431190283226452266e+03 6.464318978095570323e+00 5.915574137548405137e-02 -2.464575227487351583e+01
5.210000000000000000e+02 2.432767025864337029e+03 6.482112335822864502e+00 5.932244428671692993e-02 -2.342983299772019379e+01
5.220000000000000000e+02 2.434113801299893112e+03 6.504813529350172985e+00 5.948821413240388406e-02 -2.221249798409891341e+01
5.230000000000000000e+02 2.435224427471510808e+03 6.532443349003155042e+00 5.965302797311140132e-02 -2.099445995646354390e+01
5.240000000000000000e+02 2.436115003402048387e+03 6.565007775392196265e+00 5.981686329906032995e-02 -1.977650556788209357e+01
5.250000000000000000e+02 2.436771910575552283e+03 6.602520266281652894e+00 5.997969805340089278e-02 -1.855927256153541904e+01
5.260000000000000000e+02 2.437211239574989122e+03 6.644986901697159887e+00 6.014151065434678034e-02 -1.734347263144579543e+01
5.270000000000000000e+02 2.437426791474505535e+03 6.692421242422038397e+00 6.030228001643957170e-02 -1.612981714940132960e+01
5.280000000000000000e+02 2.437419791093646836e+03 6.744836903430591057e+00 6.046198557045485977e-02 -1.491909145908264733e+01
5.290000000000000000e+02 2.437191458510414577e+03 6.802232698957544343e+00 6.062060728224234057e-02 -1.371185775286576281e+01
5.300000000000000000e+02 2.436750437285724729e+03 6.864607500954319264e+00 6.077812567008560041e-02 -1.250904935083538305e+01
5.310000000000000000e+02 2.436083080948234510e+03 6.931975097529948115e+00 6.093452182074683005e-02 -1.131130216042817871e+01
5.320000000000000000e+02 2.435205451344181256e+03 7.004319624573781766e+00 6.108977740408075285e-02 -1.011954895578340796e+01
5.330000000000000000e+02 2.434111320096536019e+03 7.081640137564003012e+00 6.124387468611965785e-02 -8.934350837708356252e+00
5.340000000000000000e+02 2.432794453579932906e+03 7.163935756555931178e+00 6.139679654063663616e-02 -7.756640080341764332e+00
5.350000000000000000e+02 2.431270897909228097e+03 7.251213096201623465e+00 6.154852645931867261e-02 -6.587051591413349172e+00
5.360000000000000000e+02 2.429526980439447470e+03 7.343456553998136016e+00 6.169904856014177263e-02 -5.426517192183229810e+00
5.370000000000000000e+02 2.427578736533541360e+03 7.440650596965951991e+00 6.184834759427293438e-02 -4.275597077970262561e+00
5.380000000000000000e+02 2.425419911090488768e+03 7.542787191604048758e+00 6.199640895169195726e-02 -3.135074098348467508e+00
5.390000000000000000e+02 2.423059100290458900e+03 7.649836092070301241e+00 6.214321866490972457e-02 -2.005730918936575957e+00
5.400000000000000000e+02 2.420482609851380403e+03 7.761781983488876158e+00 6.228876341147891044e-02 -8.882014668054365458e-01
5.410000000000000000e+02 2.417713881852416762e+03 7.878617055130030522e+00 6.243303051492120337e-02 2.168062064911064901e-01
5.420000000000000000e+02 2.414746639616493667e+03 8.000311288511444019e+00 6.257600794449408310e-02 1.308509912286246912e+00
5.430000000000000000e+02 2.411574601158944915e+03 8.126842172273098797e+00 6.271768431335696115e-02 2.386253877524446843e+00
5.440000000000000000e+02 2.408213764298234764e+03 8.258187275270630678e+00 6.285804887564996890e-02 3.449337879874263546e+00
5.450000000000000000e+02 2.404665264976385970e+03 8.394294534586519418e+00 6.299709152245737409e-02 4.497113803354849892e+00
5.460000000000000000e+02 2.400922805691921894e+03 8.535149112061864329e+00 6.313480277660714346e-02 5.528926198515053514e+00
5.470000000000000000e+02 2.396994940643533937e+03 8.680699112139228291e+00 6.327117378655529312e-02 6.544104840975256465e+00
5.480000000000000000e+02 2.392882790781651238e+03 8.830848154822346530e+00 6.340619631933827605e-02 7.542009288334871719e+00
5.490000000000000000e+02 2.388587472269492082e+03 8.985722797558157282e+00 6.353986275282849649e-02 8.521959783237688768e+00
5.500000000000000000e+02 2.384110096601406894e+03 9.145078268451682035e+00 6.367216606724031280e-02 9.483307809341296135e+00
5.510000000000000000e+02 2.379466491677538215e+03 9.309042108010229910e+00 6.380309983620705006e-02 1.042539276290012396e+01
5.520000000000000000e+02 2.374642224580543370e+03 9.477448035347256550e+00 6.393265821730736986e-02 1.134764970151897678e+01
5.530000000000000000e+02 2.369652435764599431e+03 9.650279233737144580e+00 6.406083594240173651e-02 1.224953499588070827e+01
5.540000000000000000e+02 2.364504833193082959e+03 9.827518979154564960e+00 6.418762830752580695e-02 1.313051986112692049e+01
5.550000000000000000e+02 2.359192264128821989e+03 1.000907635779495131e+01 6.431303116305367440e-02 1.399005320138606479e+01
5.560000000000000000e+02 2.353715000326544214e+03 1.019493483405638656e+01 6.443704090360843906e-02 1.482759130938960546e+01
5.570000000000000000e+02 2.348095594875213919e+03 1.038500368446380406e+01 6.455965445814282333e-02 1.564266470777857521e+01
5.580000000000000000e+02 2.342319455536939131e+03 1.057926656555412315e+01 6.468086928040941985e-02 1.643469985479427820e+01
5.590000000000000000e+02 2.336394271687936907e+03 1.077763294770142899e+01 6.480068333956098825e-02 1.720335340608224328e+01
5.600000000000000000e+02 2.330320301053556250e+03 1.098008668290060719e+01 6.491909511138400923e-02 1.794813335482205829e+01
5.610000000000000000e+02 2.324112654891162038e+03 1.118646315498617128e+01 6.503610356988348551e-02 1.866854758467900055e+01
5.620000000000000000e+02 2.317756728016003308e+03 1.139682069781734164e+01 6.515170817958498839e-02 1.936432670621662666e+01
5.630000000000000000e+02 2.311267625724967274e+03 1.161099489488106862e+01 6.526590888841314608e-02 2.003482977474521221e+01
5.640000000000000000e+02 2.304653022160704495e+03 1.182896999736678012e+01 6.537870612143163729e-02 2.067971282768128560e+01
5.650000000000000000e+02 2.297898303719442083e+03 1.205065607416458562e+01 6.549010077527206430e-02 2.129863173634862505e+01
5.660000000000000000e+02 2.291018567603358861e+03 1.227603757931844264e+01 6.560009421345572300e-02 2.189124219176947506e+01
5.670000000000000000e+02 2.284021480161748968e+03 1.250487621840601804e+01 6.570868826255246709e-02 2.245705112343704002e+01
5.680000000000000000e+02 2.276899848624515471e+03 1.273723093338686319e+01 6.581588520931908048e-02 2.299578810259887618e+01
5.690000000000000000e+02 2.269661334577914204e+03 1.297301220185840798e+01 6.592168779865090200e-02 2.350710819401808749e+01
5.700000000000000000e+02 2.262306168979255744e+03 1.321205632076890168e+01 6.602609923255947644e-02 2.399066622525505466e+01
5.710000000000000000e+02 2.254842008913420614e+03 1.345434825707455317e+01 6.612912316991004236e-02 2.444604248896028409e+01
5.720000000000000000e+02 2.247276509289121805e+03 1.369972451381742928e+01 6.623076372731918904e-02 2.487311414620663541e+01
5.730000000000000000e+02 2.239609894525658092e+03 1.394817026416166250e+01 6.633102548072317139e-02 2.527146094432239209e+01
5.740000000000000000e+02 2.231842386930823977e+03 1.419959650084992298e+01 6.642991346781119966e-02 2.564095947080665638e+01
5.750000000000000000e+02 2.223996491770153170e+03 1.445384003610477208e+01 6.652743319137600919e-02 2.598141172176431013e+01
5.760000000000000000e+02 2.216057570474567910e+03 1.471088635197495975e+01 6.662359062326567161e-02 2.629254508791510148e+01
5.770000000000000000e+02 2.208048124144082067e+03 1.497057246610131109e+01 6.671839220912122170e-02 2.657408662417735457e+01
5.780000000000000000e+02 2.199960938388781415e+03 1.523280978193725588e+01 6.681184487371974456e-02 2.682576303583136479e+01
5.790000000000000000e+02 2.191803653416132875e+03 1.549758408839913493e+01 6.690395602673770981e-02 2.704752351528341237e+01
5.800000000000000000e+02 2.183583907309524420e+03 1.576465842544360640e+01 6.699473356909702026e-02 2.723909402741112729e+01
5.810000000000000000e+02 2.175309336001222619e+03 1.603401878460746843e+01 6.708418589967331258e-02 2.740020014654631098e+01
5.820000000000000000e+02 2.166980144889770600e+03 1.630550269095766325e+01 6.717232192221105069e-02 2.753064132657882368e+01
5.830000000000000000e+02 2.158596537153396184e+03 1.657902205299924603e+01 6.725915105234968328e-02 2.763029088769544117e+01
5.840000000000000000e+02 2.150173570410052889e+03 1.685456316201398863e+01 6.734468322485868963e-02 2.769887315275980910e+01
5.850000000000000000e+02 2.141711443273245095e+03 1.713181527382520741e+01 6.742892890071036649e-02 2.773626056837012399e+01
5.860000000000000000e+02 2.133210352007590700e+03 1.741083915953673866e+01 6.751189907407541269e-02 2.774225084157060550e+01
5.870000000000000000e+02 2.124677918833334388e+03 1.769147283666895376e+01 6.759360527903354732e-02 2.771686406126318758e+01
5.880000000000000000e+02 2.116129191880787403e+03 1.797355441876251803e+01 6.767405959596753395e-02 2.765997126829049790e+01
5.890000000000000000e+02 2.107549503394694966e+03 1.825699639791805495e+01 6.775327465732031151e-02 2.757151729374371030e+01
5.900000000000000000e+02 2.098961324844259707e+03 1.854171136027191480e+01 6.783126365308252137e-02 2.745137217997342916e+01
5.910000000000000000e+02 2.090364840082053888e+03 1.882753770141438210e+01 6.790804033531261386e-02 2.729955401933946035e+01
5.920000000000000000e+02 2.081760230359778689e+03 1.911438819225807606e+01 6.798361902202473828e-02 2.711585752517699532e+01
5.930000000000000000e+02 2.073155102648549473e+03 1.940210141083976936e+01 6.805801460026141003e-02 2.690037400503944198e+01
5.940000000000000000e+02 2.064549632914360245e+03 1.969059030807676081e+01 6.813124252808638870e-02 2.665311993216755582e+01
5.950000000000000000e+02 2.055958851151570798e+03 1.997969363945813726e+01 6.820331883569380471e-02 2.637411121823910065e+01
5.960000000000000000e+02 2.047382927972233574e+03 2.026932453069213125e+01 6.827426012526136012e-02 2.606336320289064190e+01
5.970000000000000000e+02 2.038822031305244082e+03 2.055932190929001280e+01 6.834408356979314314e-02 2.572081636001983895e+01
5.980000000000000000e+02 2.030283754754256051e+03 2.084952478660513009e+01 6.841280691067301578e-02 2.534663342189139357e+01
5.990000000000000000e+02 2.021775689264721677e+03 2.113992082332279310e+01 6.848044845395834246e-02 2.494075366851677700e+01
6.000000000000000000e+02 2.013297994801092045e+03 2.143027491038195009e+01 6.854702706530872713e-02 2.450333861936981705e+01
6.010000000000000000e+02 2.004865495068749397e+03 2.172050504831542028e+01 6.861256216368760708e-02 2.403454697658797201e+01
6.020000000000000000e+02 1.996462536360885679e+03 2.201047288540845415e+01 6.867707371358790225e-02 2.353460230789343299e+01
6.030000000000000000e+02 1.988117842222060744e+03 2.230011889265908565e+01 6.874058221647216804e-02 2.300350249615258491e+01
6.040000000000000000e+02 1.979815563683954906e+03 2.258930933157070342e+01 6.880310869844050159e-02 2.244146762968092546e+01
6.050000000000000000e+02 1.971562134501072478e+03 2.287791053584451717e+01 6.886467470116677814e-02 2.184864286055293903e+01
6.060000000000000000e+02 1.963371414545307744e+03 2.316586319303077346e+01 6.892530226696266804e-02 2.122524696426500768e+01
6.070000000000000000e+02 1.955234976511558898e+03 2.345310805912775010e+01 6.898501392467891458e-02 2.057134948222770987e+01
6.080000000000000000e+02 1.947166676137217792e+03 2.373943738963429695e+01 6.904383267411236258e-02 1.988724213262316809e+01
6.090000000000000000e+02 1.939172938930281362e+03 2.402479207157414720e+01 6.910178196893596025e-02 1.917321595358999531e+01
6.100000000000000000e+02 1.931237903608747047e+03 2.430903877095986587e+01 6.915888569865906443e-02 1.842941273026068316e+01
6.110000000000000000e+02 1.923390277403106438e+03 2.459196993072249526e+01 6.921516816932160587e-02 1.765604783966310620e+01
6.120000000000000000e+02 1.915614196013431865e+03 2.487360090260988699e+01 6.927065408330629337e-02 1.685333596196517547e+01
6.130000000000000000e+02 1.907916078930973526e+03 2.515379852752212031e+01 6.932536851813216050e-02 1.602156535907845125e+01
6.140000000000000000e+02 1.900317201265847871e+03 2.543242970032465777e+01 6.937933690439958279e-02 1.516109787011403576e+01
6.150000000000000000e+02 1.892794267130848993e+03 2.570936136761751456e+01 6.943258500291402124e-02 1.427229462369088253e+01
6.160000000000000000e+02 1.885375978387593705e+03 2.598453480896847623e+01 6.948513888126035820e-02 1.335566460110670661e+01
6.170000000000000000e+02 1.878053894642660453e+03 2.625789135110380101e+01 6.953702488965668449e-02 1.241149321534616945e+01
6.180000000000000000e+02 1.870834431903824225e+03 2.652937236556445910e+01 6.958826963641312480e-02 1.144028800897079456e+01
6.190000000000000000e+02 1.863716577738219030e+03 2.679869641581854722e+01 6.963889996306373009e-02 1.044240723383506264e+01
6.200000000000000000e+02 1.856706748185208426e+03 2.706595352286569778e+01 6.968894291923209694e-02 9.418282699175261286e+00
6.210000000000000000e+02 1.849818787971222037e+03 2.733101089476677359e+01 6.973842573724273186e-02 8.368271202537663100e+00
6.220000000000000000e+02 1.843044257325066383e+03 2.759358720766170592e+01 6.978737580686225628e-02 7.292877378569926350e+00
6.230000000000000000e+02 1.836382145595679503e+03 2.785377258776908249e+01 6.983582065008343831e-02 6.192530847147191153e+00
6.240000000000000000e+02 1.829846299818577336e+03 2.811136005731304977e+01 6.988378789599060392e-02 5.067586212354068920e+00
6.250000000000000000e+02 1.823435711529477203e+03 2.836629123295576704e+01 6.993130525600166347e-02 3.918471628819034880e+00
6.260000000000000000e+02 1.817156802027108824e+03 2.861835918917371302e+01 6.997840049953291119e-02 2.745688801390012035e+00
6.270000000000000000e+02 1.811001137530992310e+03 2.886750558962370050e+01 7.002510143007564802e-02 1.549590134647616191e+00
6.280000000000000000e+02 1.804989999486999523e+03 2.911359783396191858e+01 7.007143586183417483e-02 3.306758672801309307e-01
6.290000000000000000e+02 1.799107529613788984e+03 2.935657762214668409e+01 7.011743159715273788e-02 -9.104059272081990173e-01
6.300000000000000000e+02 1.793367585247521220e+03 2.959638666820605479e+01 7.016311640461184163e-02 -2.173156473456195670e+00
6.310000000000000000e+02 1.787769169425793280e+03 2.983274384697368475e+01 7.020851799788646597e-02 -3.457077725847757854e+00
6.320000000000000000e+02 1.782311287765800444e+03 3.006573945932618130e+01 7.025366401554627993e-02 -4.761523799772188426e+00
6.330000000000000000e+02 1.777007805334043496e+03 3.029516667785315320e+01 7.029858200189904871e-02 -6.086072387060545097e+00
6.340000000000000000e+02 1.771850305055219906e+03 3.052089296153857134e+01 7.034329938863657927e-02 -7.430079052553128172e+00
6.350000000000000000e+02 1.766845229614006257e+03 3.074293433640946560e+01 7.038784347757530424e-02 -8.792929795248840108e+00
6.360000000000000000e+02 1.761999024895018692e+03 3.096108397514790056e+01 7.043224142460757786e-02 -1.017403361685385121e+01
6.370000000000000000e+02 1.757310711762574783e+03 3.117535789521038225e+01 7.047652022451751652e-02 -1.157275566318572224e+01
6.380000000000000000e+02 1.752779314530200054e+03 3.138554925489811254e+01 7.052070669707194428e-02 -1.298846179048804750e+01
6.390000000000000000e+02 1.748411289419165087e+03 3.159167405143948315e+01 7.056482747410139367e-02 -1.442054084635004507e+01
6.400000000000000000e+02 1.744205667955176295e+03 3.179352541702624180e+01 7.060890898778145186e-02 -1.586836158079857917e+01
6.410000000000000000e+02 1.740168913754918094e+03 3.199111931686472587e+01 7.065297745986602596e-02 -1.733128749817548098e+01
6.420000000000000000e+02 1.736292637550249992e+03 3.218424884518352513e+01 7.069705889219368711e-02 -1.880861742516424329e+01
6.430000000000000000e+02 1.732598167353670078e+03 3.237292992325932062e+01 7.074117905803126161e-02 -2.029964493207098286e+01
6.440000000000000000e+02 1.729062265009011753e+03 3.255702987890478539e+01 7.078536349451898524e-02 -2.180365089860175942e+01
6.450000000000000000e+02 1.725706266437160139e+03 3.273634172696282008e+01 7.082963749601835224e-02 -2.331993173536800512e+01
6.460000000000000000e+02 1.722529226516401650e+03 3.291088130030119885e+01 7.087402610840937145e-02 -2.484778452060540133e+01
6.470000000000000000e+02 1.719522775805847004e+03 3.308051582927949141e+01 7.091855412419661997e-02 -2.638642528138372256e+01
6.480000000000000000e+02 1.716693405609930323e+03 3.324511250572988530e+01 7.096324607835537146e-02 -2.793527869197054159e+01
6.490000000000000000e+02 1.714040182932813877e+03 3.340468704693643076e+01 7.100812624493157976e-02 -2.949341351155560176e+01
6.500000000000000000e+02 1.711577035526320742e+03 3.355910655859945990e+01 7.105321863420885342e-02 -3.106019627105398939e+01
6.510000000000000000e+02 1.709288137116831194e+03 3.370839008542110093e+01 7.109854699050958959e-02 -3.263479914643667712e+01
6.520000000000000000e+02 1.707179771855873696e+03 3.385249601637578820e+01 7.114413479029385590e-02 -3.421658068268469322e+01
6.530000000000000000e+02 1.705258183231421981e+03 3.399138610640195424e+01 7.119000524079235892e-02 -3.580500218598229623e+01
6.540000000000000000e+02 1.703522190351704921e+03 3.412502205379763609e+01 7.123618127884050188e-02 -3.739945128099881089e+01
6.550000000000000000e+02 1.701978044614109876e+03 3.425329121372269725e+01 7.128268556992047034e-02 -3.899931618454033355e+01
6.560000000000000000e+02 1.700609716269266983e+03 3.437630372922577493e+01 7.132954050726644790e-02 -4.060383712832468461e+01
6.570000000000000000e+02 1.699430892835423492e+03 3.449394682726030226e+01 7.137676821107165337e-02 -4.221255204940722194e+01
6.580000000000000000e+02 1.698440408957970931e+03 3.460618194974194495e+01 7.142439052755332474e-02 -4.382462802769998689e+01
6.590000000000000000e+02 1.697637103070224384e+03 3.471289618360935236e+01 7.147242902786611618e-02 -4.543952982616742275e+01
6.600000000000000000e+02 1.697019817353800818e+03 3.481412510841793306e+01 7.152090500680143015e-02 -4.705657417811699617e+01
6.610000000000000000e+02 1.696587397699917346e+03 3.490975565943861625e+01 7.156983948116971139e-02 -4.867507834214377027e+01
6.620000000000000000e+02 1.696346122022660666e+03 3.499974897529883577e+01 7.161925318775655414e-02 -5.029443437320839649e+01
6.630000000000000000e+02 1.696287415173737600e+03 3.508414039514272531e+01 7.166916658082314595e-02 -5.191388625934346379e+01
6.640000000000000000e+02 1.696417562312186647e+03 3.516281660531241471e+01 7.171959982916889520e-02 -5.353275275901617647e+01
6.650000000000000000e+02 1.696735423826228725e+03 3.523581277057793670e+01 7.177057281245613485e-02 -5.515042738762846852e+01
6.660000000000000000e+02 1.697232435310378150e+03 3.530308968088207422e+01 7.182210511704407996e-02 -5.676622983666122479e+01
6.670000000000000000e+02 1.697914892598394545e+03 3.536468231563286224e+01 7.187421603102088496e-02 -5.837940595947718947e+01
6.680000000000000000e+02 1.698789095050578908e+03 3.542047699051992993e+01 7.192692453868100577e-02 -5.998927632378814678e+01
6.690000000000000000e+02 1.699839060496857201e+03 3.547043420538479097e+01 7.198024931410110239e-02 -6.159523619678196837e+01
6.700000000000000000e+02 1.701078523688776158e+03 3.551466292512641587e+01 7.203420871407575921e-02 -6.319653267941396990e+01
6.710000000000000000e+02 1.702498937854710675e+03 3.555312344313682615e+01 7.208882077015704715e-02 -6.479248754139190680e+01
6.720000000000000000e+02 1.704099188114762228e+03 3.558570166229301179e+01 7.214410318009446821e-02 -6.638249720533998754e+01
6.730000000000000000e+02 1.705878163151494846e+03 3.561250622650241837e+01 7.220007329831631959e-02 -6.796573559664787467e+01
6.740000000000000000e+02 1.707834755238076923e+03 3.563349710077329746e+01 7.225674812575481887e-02 -6.954167411155113143e+01
6.750000000000000000e+02 1.709975288623829783e+03 3.564863413585165830e+01 7.231414429895448304e-02 -7.110948733238728892e+01
6.760000000000000000e+02 1.712291234525838945e+03 3.565795134940647415e+01 7.237227807834202553e-02 -7.266849871161078056e+01
6.770000000000000000e+02 1.714781496228969900e+03 3.566148264026197978e+01 7.243116533598289997e-02 -7.421810627102429692e+01
6.780000000000000000e+02 1.717437552441302387e+03 3.565911321918110133e+01 7.249082154261624056e-02 -7.575741116674559805e+01
6.790000000000000000e+02 1.720273170757415301e+03 3.565087674071892110e+01 7.255126175417263290e-02 -7.728573765596117084e+01
6.800000000000000000e+02 1.723279837625143955e+03 3.563680673411762001e+01 7.261250059759710718e-02 -7.880241022842409393e+01
6.810000000000000000e+02 1.726449043470110610e+03 3.561678803425874662e+01 7.267455225648340733e-02 -8.030653073773333972e+01
6.820000000000000000e+02 1.729779711124758251e+03 3.559092819719210610e+01 7.273743045612537927e-02 -8.179749836743282287e+01
6.830000000000000000e+02 1.733278195911577313e+03 3.555911179719696946e+01 7.280114844832043242e-02 -8.327448962788309927e+01
6.840000000000000000e+02 1.736943429029635581e+03 3.552144612593443895e+01 7.286571899594292134e-02 -8.473697832198956803e+01
6.850000000000000000e+02 1.740759489294497143e+03 3.547803834013944879e+01 7.293115435734254248e-02 -8.618428982523356296e+01
6.860000000000000000e+02 1.744732744982056829e+03 3.542884689287837574e+01 7.299746627068859350e-02 -8.761537821606016507e+01
6.870000000000000000e+02 1.748862140521788206e+03 3.537405294938827183e+01 7.306466593834214096e-02 -8.903046049369251591e+01
6.880000000000000000e+02 1.753146624942121207e+03 3.531354040095093438e+01 7.313276401134093108e-02 -9.042886233719666222e+01
6.890000000000000000e+02 1.757585151965637124e+03 3.524749013137051890e+01 7.320177057401201781e-02 -9.180916665301674584e+01
6.900000000000000000e+02 1.762169251753268327e+03 3.517600859798497481e+01 7.327169512904756210e-02 -9.317069922546261296e+01
6.910000000000000000e+02 1.766897887697646411e+03 3.509897926325263029e+01 7.334254658275589367e-02 -9.451352869706943238e+01
6.920000000000000000e+02 1.771770028163288544e+03 3.501650829442659330e+01 7.341433323094655183e-02 -9.583698087884407357e+01
6.930000000000000000e+02 1.776784646573767532e+03 3.492862742827326628e+01 7.348706274521253634e-02 -9.714038156553777981e+01
6.940000000000000000e+02 1.781933293144553090e+03 3.483544253687492187e+01 7.356074216006334987e-02 -9.842231368083432130e+01
6.950000000000000000e+02 1.787222380011974337e+03 3.473691077599015387e+01 7.363537786056001400e-02 -9.968284576261839902e+01
6.960000000000000000e+02 1.792628611204267372e+03 3.463298915099724695e+01 7.371097557088122920e-02 -1.009205606030630662e+02
6.970000000000000000e+02 1.798173266210214479e+03 3.452393164991396901e+01 7.378754034367220049e-02 -1.021355265689250871e+02
6.980000000000000000e+02 1.803833059835169934e+03 3.440962069095635911e+01 7.386507655046084531e-02 -1.033263262416619881e+02
6.990000000000000000e+02 1.809621854105045486e+03 3.429016138971267225e+01 7.394358787291063773e-02 -1.044930277377840611e+02
7.000000000000000000e+02 1.815523803156897429e+03 3.416565870786232750e+01 7.402307729518523005e-02 -1.056349561840793143e+02
7.010000000000000000e+02 1.821538064623689252e+03 3.403614129730208759e+01 7.410354709743677271e-02 -1.067514622601379273e+02
7.020000000000000000e+02 1.827656938356100909e+03 3.390163016800833162e+01 7.418499885041771047e-02 -1.078419993602024789e+02
7.030000000000000000e+02 1.833887727739612501e+03 3.376229286950393060e+01 7.426743341123090425e-02 -1.089067892272944107e+02
7.040000000000000000e+02 1.840230313398571298e+03 3.361807394453988707e+01 7.435085092032034382e-02 -1.099438248665894804e+02
7.050000000000000000e+02 1.846662296489300843e+03 3.346914062970824233e+01 7.443525079960673640e-02 -1.109540703713147423e+02
7.060000000000000000e+02 1.853205853835133439e+03 3.331551143760333389e+01 7.452063175193134048e-02 -1.119362610584127253e+02
7.070000000000000000e+02 1.859838597695198587e+03 3.315735329058153980e+01 7.460699176169172109e-02 -1.128906176246342028e+02
7.080000000000000000e+02 1.866560430877385215e+03 3.299453581957281045e+01 7.469432809667941875e-02 -1.138173604575934093e+02
7.090000000000000000e+02 1.873378689987465123e+03 3.282737419900907128e+01 7.478263731113295176e-02 -1.147144811119447070e+02
7.100000000000000000e+02 1.880278431966692324e+03 3.265581202827772245e+01 7.487191525002996617e-02 -1.155829421359654390e+02
7.110000000000000000e+02 1.887259575770762467e+03 3.247994131629800307e+01 7.496215705445259669e-02 -1.164222200429769742e+02
7.120000000000000000e+02 1.894329473936602653e+03 3.229985391465334033e+01 7.505335716814866276e-02 -1.172310481281129455e+02
7.130000000000000000e+02 1.901465770737764615e+03 3.211556723430479110e+01 7.514550934514903358e-02 -1.180096449553161477e+02
7.140000000000000000e+02 1.908675828883035592e+03 3.192724709639392344e+01 7.523860665838871808e-02 -1.187574858343715505e+02
7.150000000000000000e+02 1.915959587652173923e+03 3.173491059860761609e+01 7.533264150936094805e-02 -1.194747884732565666e+02
7.160000000000000000e+02 1.923302134423511689e+03 3.153857468263800357e+01 7.542760563867513535e-02 -1.201610272905902690e+02
7.170000000000000000e+02 1.930703417944207558e+03 3.133833041822031262e+01 7.552349013740064509e-02 -1.208149333983365494e+02
7.180000000000000000e+02 1.938163391490995764e+03 3.113426872024632885e+01 7.562028545934521007e-02 -1.214367230897922667e+02
7.190000000000000000e+02 1.945674584373827201e+03 3.092655463296420137e+01 7.571798143384955715e-02 -1.220258693176399873e+02
7.200000000000000000e+02 1.953236958483585340e+03 3.071520448024942951e+01 7.581656727939722895e-02 -1.225833301823702186e+02
7.210000000000000000e+02 1.960843051432860648e+03 3.050045728397776656e+01 7.591603161764218233e-02 -1.231078347407276397e+02
7.220000000000000000e+02 1.968492833092531782e+03 3.028232906395250623e+01 7.601636248797456752e-02 -1.235995971646354690e+02
7.230000000000000000e+02 1.976186277073195697e+03 3.006105853994400334e+01 7.611754736245684994e-02 -1.240588310551768245e+02
7.240000000000000000e+02 1.983915932202997055e+03 2.983673571528408175e+01 7.621957316110559988e-02 -1.244850065918372337e+02
7.250000000000000000e+02 1.991681779053427590e+03 2.960945044506054558e+01 7.632242626731038093e-02 -1.248775933520363992e+02
7.260000000000000000e+02 1.999476373062166203e+03 2.937929243738928875e+01 7.642609254346297010e-02 -1.252375459659282626e+02
7.270000000000000000e+02 2.007299701055787409e+03 2.914642553827160754e+01 7.653055734664865328e-02 -1.255635899262721296e+02
7.280000000000000000e+02 2.015151752721403000e+03 2.891086488252426179e+01 7.663580554421303703e-02 -1.258566785838290514e+02
7.290000000000000000e+02 2.023010235378302923e+03 2.867284831281211765e+01 7.674182152940714485e-02 -1.261147932876857709e+02
7.300000000000000000e+02 2.030890000603612407e+03 2.843231639673337696e+01 7.684858923664895924e-02 -1.263396288862352748e+02
7.310000000000000000e+02 2.038783617255997569e+03 2.818950669652452135e+01 7.695609215675207337e-02 -1.265306510329919263e+02
7.320000000000000000e+02 2.046676228004634368e+03 2.794443378630998609e+01 7.706431335163534124e-02 -1.266865818429194945e+02
7.330000000000000000e+02 2.054575262562141234e+03 2.769733495496594955e+01 7.717323546885239416e-02 -1.268083712190759513e+02
7.340000000000000000e+02 2.062473295769372271e+03 2.744815022353296285e+01 7.728284075560871991e-02 -1.268947398292775404e+02
7.350000000000000000e+02 2.070355475786432180e+03 2.719719089874958584e+01 7.739311107224626507e-02 -1.269473789383623625e+02
7.360000000000000000e+02 2.078236665689949405e+03 2.694454530712364715e+01 7.750402790533009179e-02 -1.269650077153555827e+02
7.370000000000000000e+02 2.086094588172621570e+03 2.669022736410825658e+01 7.761557238007862902e-02 -1.269478302312665363e+02
7.380000000000000000e+02 2.093936680553463702e+03 2.643447371036174331e+01 7.772772527225417505e-02 -1.268960497769712248e+02
7.390000000000000000e+02 2.101755524540873921e+03 2.617737229656318121e+01 7.784046701942373692e-02 -1.268091260164097349e+02
7.400000000000000000e+02 2.109543702804596251e+03 2.591908523632514871e+01 7.795377773160225288e-02 -1.266865178101278815e+02
7.410000000000000000e+02 2.117293798854302622e+03 2.565977452517276092e+01 7.806763720123111039e-02 -1.265299117091684593e+02
7.420000000000000000e+02 2.125005825275735333e+03 2.539952775959779174e+01 7.818202491254000464e-02 -1.263387649340414640e+02
7.430000000000000000e+02 2.132679795273756099e+03 2.513850670669443588e+01 7.829692005022678702e-02 -1.261125338692287983e+02
7.440000000000000000e+02 2.140300865872590748e+03 2.487687302336022910e+01 7.841230150753289441e-02 -1.258514168879538602e+02
7.450000000000000000e+02 2.147869051224979103e+03 2.461478825907101253e+01 7.852814789370270165e-02 -1.255556115072220393e+02
7.460000000000000000e+02 2.155376937476896728e+03 2.435233957522337533e+01 7.864443754082141302e-02 -1.252260572132373397e+02
7.470000000000000000e+02 2.162824539390654991e+03 2.408968831505324459e+01 7.876114851010788953e-02 -1.248614641120268232e+02
7.480000000000000000e+02 2.170204443573916706e+03 2.382692143961138243e+01 7.887825859768933523e-02 -1.244627699306544173e+02
7.490000000000000000e+02 2.177516665116317654e+03 2.356420009781435354e+01 7.899574533986560010e-02 -1.240301686685298392e+02
7.500000000000000000e+02 2.184753790831344759e+03 2.330168534605159181e+01 7.911358601793169742e-02 -1.235638534241952868e+02
7.510000000000000000e+02 2.191908584852603326e+03 2.303945795075948055e+01 7.923175766258337693e-02 -1.230632687840750492e+02
7.520000000000000000e+02 2.198974520480786850e+03 2.277764920737288890e+01 7.935023705807163485e-02 -1.225285821799736397e+02
7.530000000000000000e+02 2.205960104949278957e+03 2.251631012789497532e+01 7.946900074591774221e-02 -1.219614410220008978e+02
7.540000000000000000e+02 2.212858988688155478e+03 2.225556592834303871e+01 7.958802502852267702e-02 -1.213605204500102985e+02
7.550000000000000000e+02 2.219664821991192639e+03 2.199561603214871042e+01 7.970728597265577808e-02 -1.207267231724045331e+02
7.560000000000000000e+02 2.226371254985479482e+03 2.173651122310296202e+01 7.982675941269781750e-02 -1.200602081200617732e+02
7.570000000000000000e+02 2.232994222654226178e+03 2.147845078286864506e+01 7.994642095396860271e-02 -1.193611332757908770e+02
7.580000000000000000e+02 2.239519946358849211e+03 2.122141107701857621e+01 8.006624597609690586e-02 -1.186311413392224523e+02
7.590000000000000000e+02 2.245949503915392143e+03 2.096566554314965813e+01 8.018620963640643584e-02 -1.178689027119189916e+02
7.600000000000000000e+02 2.252276544519095296e+03 2.071126471000552627e+01 8.030628687364438356e-02 -1.170753153382358249e+02
7.610000000000000000e+02 2.258502145419904082e+03 2.045833333516864982e+01 8.042645241170452708e-02 -1.162505333613414535e+02
7.620000000000000000e+02 2.264619955195975763e+03 2.020692184177654127e+01 8.054668076392833276e-02 -1.153947099548032327e+02
7.630000000000000000e+02 2.270631050426501133e+03 1.995715488928545511e+01 8.066694623754351590e-02 -1.145087401546223731e+02
7.640000000000000000e+02 2.276521650610917277e+03 1.970908281025910824e+01 8.078722293867933446e-02 -1.135912895165985788e+02
7.650000000000000000e+02 2.282292831536859012e+03 1.946290446470283797e+01 8.090748477779180492e-02 -1.126439939594324926e+02
7.660000000000000000e+02 2.287945668542986368e+03 1.921867010991110547e+01 8.102770547563831194e-02 -1.116662599179472153e+02
7.670000000000000000e+02 2.293466379777583370e+03 1.897635568785610616e+01 8.114785856988034063e-02 -1.106582356820601802e+02
7.680000000000000000e+02 2.298863467904145637e+03 1.873623424661303360e+01 8.126791742221291248e-02 -1.096200685611115944e+02
7.690000000000000000e+02 2.304115721598673645e+03 1.849843024328223962e+01 8.138785522626104663e-02 -1.085533905537556905e+02
7.700000000000000000e+02 2.309239070645226093e+03 1.826299383145142130e+01 8.150764501611047763e-02 -1.074583470081945649e+02
7.710000000000000000e+02 2.314219730720815733e+03 1.803004943218070366e+01 8.162725967559326945e-02 -1.063350822930605091e+02
7.720000000000000000e+02 2.319051345077283713e+03 1.779979573800110515e+01 8.174667194834753237e-02 -1.051837397987508353e+02
7.730000000000000000e+02 2.323742412815360694e+03 1.757228286642224191e+01 8.186585444853893001e-02 -1.040059476093206001e+02
7.740000000000000000e+02 2.328279147050175197e+03 1.734763521446943102e+01 8.198477967245355880e-02 -1.028018471647355483e+02
7.750000000000000000e+02 2.332662616572015850e+03 1.712597717922369966e+01 8.210342001085610408e-02 -1.015715789337905761e+02
7.760000000000000000e+02 2.336901317398260289e+03 1.690743316187532841e+01 8.222174776202971491e-02 -1.003167680875452135e+02
7.770000000000000000e+02 2.340988887617401815e+03 1.669205328828395096e+01 8.233973514572996699e-02 -9.903681032810425222e+01
7.780000000000000000e+02 2.344926392327204212e+03 1.647996198005388280e+01 8.245735431771207546e-02 -9.773332890319565536e+01
7.790000000000000000e+02 2.348714895164561312e+03 1.627120939160516500e+01 8.257457738509946243e-02 -9.640571760097159881e+01
7.800000000000000000e+02 2.352348029828221115e+03 1.606599426476136827e+01 8.269137642241500274e-02 -9.505634060065906965e+01
7.810000000000000000e+02 2.355834284995579765e+03 1.586429251532011087e+01 8.280772348825651830e-02 -9.368458979836022138e+01
7.820000000000000000e+02 2.359159862430832618e+03 1.566622865464960057e+01 8.292359064259527401e-02 -9.229134182372719408e+01
7.830000000000000000e+02 2.362333246939566379e+03 1.547192722676737020e+01 8.303894996469027290e-02 -9.087598670691063774e+01
7.840000000000000000e+02 2.365340636114439803e+03 1.528143852891962062e+01 8.315377357146054582e-02 -8.944014206125574162e+01
7.850000000000000000e+02 2.368183081928168122e+03 1.509481289916231717e+01 8.326803363637907962e-02 -8.798319608124364777e+01
7.860000000000000000e+02 2.370846777169298548e+03 1.491217500393756623e+01 8.338170240877859629e-02 -8.650527889120093050e+01
7.870000000000000000e+02 2.373340197025850557e+03 1.473357527513644705e+01 8.349475223347309349e-02 -8.500800538944895379e+01
7.880000000000000000e+02 2.375656957162663275e+03 1.455913848116442466e+01 8.360715557069303694e-02 -8.349001824778956404e+01
7.890000000000000000e+02 2.377783241897085645e+03 1.438898944749045583e+01 8.371888501621410628e-02 -8.195367343687264849e+01
7.900000000000000000e+02 2.379734945773185245e+03 1.422317877718593060e+01 8.382991332173318766e-02 -8.039835472161611563e+01
7.910000000000000000e+02 2.381498246580939849e+03 1.406190570546231733e+01 8.394021341512999945e-02 -7.882715918757288875e+01
7.920000000000000000e+02 2.383081603628124867e+03 1.390529525318081028e+01 8.404975842094572491e-02 -7.723946890231361806e+01
7.930000000000000000e+02 2.384478615808904124e+03 1.375347251435801788e+01 8.415852168060693195e-02 -7.563689360774434078e+01
7.940000000000000000e+02 2.385690306474884437e+03 1.360648837665097233e+01 8.426647677268038483e-02 -7.402029939260162905e+01
7.950000000000000000e+02 2.386710266556153329e+03 1.346454237583542657e+01 8.437359753280623820e-02 -7.239129437556802316e+01
7.960000000000000000e+02 2.387546939435555487e+03 1.332761128224582059e+01 8.447985807332741848e-02 -7.074925737869956777e+01
7.970000000000000000e+02 2.388201335724256751e+03 1.319574623871798735e+01 8.458523280264791666e-02 -6.909579495155745121e+01
7.980000000000000000e+02 2.388667033091564463e+03 1.306899848099820893e+01 8.468969644416034226e-02 -6.743102721050924231e+01
7.990000000000000000e+02 2.388952461149774535e+03 1.294741934163212527e+01 8.479322405463057821e-02 -6.575581635866596741e+01
8.000000000000000000e+02 2.389051187892249800e+03 1.283106025382938142e+01 8.489579104207992111e-02 -6.406953819609479694e+01
8.010000000000000000e+02 2.388964247277896447e+03 1.271989465349844117e+01 8.499737318306184453e-02 -6.237450746768011811e+01
8.020000000000000000e+02 2.388700267149174124e+03 1.261388081165598862e+01 8.509794663926824321e-02 -6.066994016505434928e+01
8.030000000000000000e+02 2.388245627622259690e+03 1.251327042712348181e+01 8.519748797345412517e-02 -5.895650558722846313e+01
8.040000000000000000e+02 2.387608988365208461e+03 1.241794389705731483e+01 8.529597416457333769e-02 -5.723561520044520989e+01
8.050000000000000000e+02 2.386776718370177605e+03 1.232815315569218306e+01 8.539338262216147890e-02 -5.550645131533641319e+01
8.060000000000000000e+02 2.385742609236737280e+03 1.224385312650218793e+01 8.548969119989884013e-02 -5.377116694971482502e+01
8.070000000000000000e+02 2.384507875063210577e+03 1.216514742686288031e+01 8.558487820831060799e-02 -5.202820033131339272e+01
8.080000000000000000e+02 2.383073723997175421e+03 1.209213980465457539e+01 8.567892242652801194e-02 -5.028044610135995640e+01
8.090000000000000000e+02 2.381433929795704898e+03 1.202485985832731963e+01 8.577180311329420104e-02 -4.852708414792444103e+01
8.100000000000000000e+02 2.379589688446367290e+03 1.196333732392796456e+01 8.586350001695255973e-02 -4.676877947002610370e+01
8.110000000000000000e+02 2.377542189747679458e+03 1.190760207857957909e+01 8.595399338455807225e-02 -4.500708792884280740e+01
8.120000000000000000e+02 2.375307473950673739e+03 1.185753557690827620e+01 8.604326397013338512e-02 -4.324259917966196554e+01
8.130000000000000000e+02 2.372879289959135804e+03 1.181324227193787202e+01 8.613129304192231050e-02 -4.147619951120741888e+01
8.140000000000000000e+02 2.370266237042796092e+03 1.177467820090715378e+01 8.621806238886292606e-02 -3.970870044816920341e+01
8.150000000000000000e+02 2.367476908109171291e+03 1.174179955555005428e+01 8.630355432610001265e-02 -3.794091305499280509e+01
8.160000000000000000e+02 2.364512461335935768e+03 1.171471125231856014e+01 8.638775169971771306e-02 -3.617364795639730346e+01
8.170000000000000000e+02 2.361366620163668813e+03 1.169336980153087246e+01 8.647063789058243022e-02 -3.440734394059910528e+01
8.180000000000000000e+02 2.358040529998979764e+03 1.167780616097468105e+01 8.655219681747430838e-02 -3.264214226375546701e+01
8.190000000000000000e+02 2.354527901526230835e+03 1.166797717193297501e+01 8.663241293941112420e-02 -3.087840665561474651e+01
8.200000000000000000e+02 2.350822439079262040e+03 1.166406269615719538e+01 8.671127125727653984e-02 -2.911650049032015630e+01
8.210000000000000000e+02 2.346917840671726935e+03 1.166594563424258801e+01 8.678875731480301114e-02 -2.735671252438415735e+01
8.220000000000000000e+02 2.342815226386088398e+03 1.167373191296559476e+01 8.686485719892220181e-02 -2.559925691831795191e+01
8.230000000000000000e+02 2.338508281719794923e+03 1.168737907051557734e+01 8.693955753954719923e-02 -2.384457039241094378e+01
8.240000000000000000e+02 2.334005542690103539e+03 1.170691910966823812e+01 8.701284550883864322e-02 -2.209360938263752061e+01
8.250000000000000000e+02 2.329315539194492885e+03 1.173230993336554562e+01 8.708470882007679492e-02 -2.034747864515642490e+01
8.260000000000000000e+02 2.324439366727563993e+03 1.176358391422213501e+01 8.715513572603506010e-02 -1.860728271142020418e+01
8.270000000000000000e+02 2.319385543154313837e+03 1.180062504643301757e+01 8.722411501708443593e-02 -1.687412591038064846e+01
8.280000000000000000e+02 2.314155152087384067e+03 1.184346608211007812e+01 8.729163601900802316e-02 -1.514896382376825557e+01
8.290000000000000000e+02 2.308764128019880900e+03 1.189206568300993538e+01 8.735768859058301583e-02 -1.343297472595680020e+01
8.300000000000000000e+02 2.303213543010093417e+03 1.194645698968069070e+01 8.742226312099678209e-02 -1.172711390535687137e+01
8.310000000000000000e+02 2.297504463470688734e+03 1.200652477300026710e+01 8.748535052717967830e-02 -1.003166798585487207e+01
8.320000000000000000e+02 2.291630521909448362e+03 1.207230257013411290e+01 8.754694225103996919e-02 -8.347072067829468978e+00
8.330000000000000000e+02 2.285585345372140637e+03 1.214382411937753226e+01 8.760703025677094025e-02 -6.673464049650090324e+00
8.340000000000000000e+02 2.279377412236606233e+03 1.222104907839820065e+01 8.766560702814728268e-02 -5.011130351219985180e+00
8.350000000000000000e+02 2.272992910555409708e+03 1.230393730937937491e+01 8.772266556595437192e-02 -3.360431653006739516e+00
8.360000000000000000e+02 2.266425451550448997e+03 1.239252316405694287e+01 8.777819938557436530e-02 -1.721505784560803498e+00
8.370000000000000000e+02 2.259683498055896962e+03 1.248676691814121220e+01 8.783220251478467133e-02 -9.486201505061267469e-02
8.380000000000000000e+02 2.252775507908920645e+03 1.258662905613684302e+01 8.788466949172615839e-02 1.518841774752001550e+00
8.390000000000000000e+02 2.245687648988139699e+03 1.269199598904702064e+01 8.793559536317764602e-02 3.118576219501819846e+00
8.400000000000000000e+02 2.238450654452558865e+03 1.280282862247311471e+01 8.798497568312499406e-02 4.703534714876314027e+00
8.410000000000000000e+02 2.231058110972534450e+03 1.291901379059121702e+01 8.803280651163364334e-02 6.272687694182863538e+00
8.420000000000000000e+02 2.223518457261842741e+03 1.304051282402459577e+01 8.807908441407193145e-02 7.825228307049644449e+00
8.430000000000000000e+02 2.215832699103487357e+03 1.316721298359128589e+01 8.812380646071395207e-02 9.360200979649500042e+00
8.440000000000000000e+02 2.208024122823182097e+03 1.329900174444373384e+01 8.816697022666215855e-02 1.087672424301127272e+01
8.450000000000000000e+02 2.200071440205226281e+03 1.343591536359502037e+01 8.820857379212938831e-02 1.237436212840992944e+01
8.460000000000000000e+02 2.191990500408830485e+03 1.357791602981621182e+01 8.824861574322000191e-02 1.385247787885238679e+01
8.470000000000000000e+02 2.183767434874706396e+03 1.372504043093005066e+01 8.828709517290304898e-02 1.531068705648624295e+01
8.480000000000000000e+02 2.175410655830838550e+03 1.387717690347570887e+01 8.832401168244721767e-02 1.674846381817150487e+01
8.490000000000000000e+02 2.166913714590373729e+03 1.403436256677495919e+01 8.835936538315923572e-02 1.816533254514901330e+01
8.500000000000000000e+02 2.158270158296389127e+03 1.419656047236506247e+01 8.839315689850196778e-02 1.956080096622221731e+01
8.510000000000000000e+02 2.149495675451347324e+03 1.436381088666151484e+01 8.842538736643648645e-02 2.093442419529869269e+01
8.520000000000000000e+02 2.140583107168090464e+03 1.453586802065381711e+01 8.845605844205171875e-02 2.228590031869081756e+01
8.530000000000000000e+02 2.131540007633578625e+03 1.471271186652218255e+01 8.848517230048855153e-02 2.361495990833772751e+01
8.540000000000000000e+02 2.122366498644802959e+03 1.489417406377664221e+01 8.851273163993873816e-02 2.492133314056724913e+01
8.550000000000000000e+02 2.113084983031641968e+03 1.508016074913685145e+01 8.853873968499262337e-02 2.620474977501288905e+01
8.560000000000000000e+02 2.103680717872979130e+03 1.527057827229156395e+01 8.856320018992272503e-02 2.746497627541216602e+01
8.570000000000000000e+02 2.094176098013924729e+03 1.546518462804639427e+01 8.858611744212785410e-02 2.870173407693560108e+01
8.580000000000000000e+02 2.084571229275548831e+03 1.566403515638389266e+01 8.860749626557093417e-02 2.991466985210633922e+01
8.590000000000000000e+02 2.074866213514780611e+03 1.586696255688491242e+01 8.862734202422183072e-02 3.110320692325925407e+01
8.600000000000000000e+02 2.065061148631458764e+03 1.607402258857795374e+01 8.864566062541244518e-02 3.226676809266027846e+01
8.610000000000000000e+02 2.055163556923992928e+03 1.628512265115819346e+01 8.866245852300889962e-02 3.340470133876826253e+01
8.620000000000000000e+02 2.045166100042917606e+03 1.650017035062288429e+01 8.867774272047354578e-02 3.451635407965883928e+01
8.630000000000000000e+02 2.035083720745856908e+03 1.671929634830999589e+01 8.869152077365058395e-02 3.560114743661026182e+01
8.640000000000000000e+02 2.024909072799695195e+03 1.694233437481452142e+01 8.870380079325165812e-02 3.665835336384606080e+01
8.650000000000000000e+02 2.014642234385755501e+03 1.716926692934169552e+01 8.871459144701354660e-02 3.768754032997242831e+01
8.660000000000000000e+02 2.004298136455300437e+03 1.740000242744420689e+01 8.872390196144007424e-02 3.868857329857818428e+01
8.670000000000000000e+02 1.993861992634905619e+03 1.763444948267762413e+01 8.873174212316023435e-02 3.966168799252041310e+01
8.680000000000000000e+02 1.983341297687266433e+03 1.787244262116122329e+01 8.873812227968164157e-02 4.060674803987210169e+01
8.690000000000000000e+02 1.972743542472230274e+03 1.811389084655832704e+01 8.874305333971016507e-02 4.152398779011527807e+01
8.700000000000000000e+02 1.962061357261339481e+03 1.835877763796571571e+01 8.874654677285040427e-02 4.241334374398895335e+01
8.710000000000000000e+02 1.951302225157645353e+03 1.860686381370893727e+01 8.874861460866841079e-02 4.327497451958653585e+01
8.720000000000000000e+02 1.940473625418289430e+03 1.885805894657773507e+01 8.874926943508763821e-02 4.410888941663976226e+01
8.730000000000000000e+02 1.929568176781814373e+03 1.911219851096087652e+01 8.874852439616244537e-02 4.491472554803239348e+01
8.740000000000000000e+02 1.918600779252398297e+03 1.936926673091706874e+01 8.874639318906174523e-02 4.569226780657159281e+01
8.750000000000000000e+02 1.907571472387154927e+03 1.962909944365103598e+01 8.874289006032841376e-02 4.644107742997065458e+01
8.760000000000000000e+02 1.896487720391375206e+03 1.989153266392879615e+01 8.873802980142748986e-02 4.716093768460986269e+01
8.770000000000000000e+02 1.885349555468782683e+03 2.015640258141359098e+01 8.873182774341745183e-02 4.785133386402469569e+01
8.780000000000000000e+02 1.874179291279840754e+03 2.042361984143122555e+01 8.872429975097509414e-02 4.851212182370417025e+01
8.790000000000000000e+02 1.862962096203851388e+03 2.069309525865876864e+01 8.871546221546232347e-02 4.914285941312429173e+01
8.800000000000000000e+02 1.851712848562285899e+03 2.096466553074252559e+01 8.870533204731860522e-02 4.974332644411300919e+01
8.810000000000000000e+02 1.840424138245250560e+03 2.123824180235396142e+01 8.869392666766318101e-02 5.031322754098974315e+01
8.820000000000000000e+02 1.829110836898432126e+03 2.151380966217206847e+01 8.868126399903333845e-02 5.085234069203436036e+01
8.830000000000000000e+02 1.817765527914319591e+03 2.179113200578790099e+01 8.866736245544794282e-02 5.136029438376953493e+01
8.840000000000000000e+02 1.806388219933205846e+03 2.207026901706958455e+01 8.865224093167367592e-02 5.183693900360204054e+01
8.850000000000000000e+02 1.794986346950410507e+03 2.235105818042595516e+01 8.863591879179412436e-02 5.228190112428772096e+01
8.860000000000000000e+02 1.783559911730129443e+03 2.263333712802936759e+01 8.861841585705516888e-02 5.269502919079126713e+01
8.870000000000000000e+02 1.772108914277011081e+03 2.291709220347056331e+01 8.859975239306319694e-02 5.307639350650890009e+01
8.880000000000000000e+02 1.760648208664758613e+03 2.320216132433351675e+01 8.857994909637320613e-02 5.342613765287805450e+01
8.890000000000000000e+02 1.749162933069266955e+03 2.348830826221806944e+01 8.855902708044965932e-02 5.374455275989997460e+01
8.900000000000000000e+02 1.737675365061765433e+03 2.377551977320543486e+01 8.853700786114350463e-02 5.403163179256504378e+01
8.910000000000000000e+02 1.726178066603381467e+03 2.406363417673687977e+01 8.851391334156850921e-02 5.428766380674713332e+01
8.920000000000000000e+02 1.714678454299008308e+03 2.435248991894547643e+01 8.848976579664342978e-02 5.451271395300908296e+01
8.930000000000000000e+02 1.703176514504079705e+03 2.464199985242111879e+01 8.846458785712928152e-02 5.470699488290134127e+01
8.940000000000000000e+02 1.691687088537566751e+03 2.493185409839862388e+01 8.843840249342767301e-02 5.487056960421555374e+01
8.950000000000000000e+02 1.680195302746974903e+03 2.522211431091157152e+01 8.841123299898143162e-02 5.500342575424289038e+01
8.960000000000000000e+02 1.668723423830859474e+03 2.551247083783666270e+01 8.838310297350307487e-02 5.510577272404582772e+01
8.970000000000000000e+02 1.657264003860093226e+03 2.580283698491862410e+01 8.835403630598824554e-02 5.517759594822574343e+01
8.980000000000000000e+02 1.645824450555602880e+03 2.609305187770058509e+01 8.832405715762468856e-02 5.521895403024988269e+01
8.990000000000000000e+02 1.634412170766288000e+03 2.638288045739985677e+01 8.829318994463915271e-02 5.522997873431625493e+01
9.000000000000000000e+02 1.623027142298806439e+03 2.667231061072923026e+01 8.826145932110394943e-02 5.521065212727278748e+01
9.010000000000000000e+02 1.611669175090107501e+03 2.696104002174867276e+01 8.822889016180684996e-02 5.516109885363624699e+01
9.020000000000000000e+02 1.600352266013073404e+03 2.724909095743509013e+01 8.819550754522059721e-02 5.508142300619958576e+01
9.030000000000000000e+02 1.589075387733515299e+03 2.753634404041810413e+01 8.816133673661183390e-02 5.497157410918887166e+01
9.040000000000000000e+02 1.577837512950413839e+03 2.782267997091686951e+01 8.812640317134164125e-02 5.483172338256445499e+01
9.050000000000000000e+02 1.566645042925938242e+03 2.810797952223074958e+01 8.809073243842027723e-02 5.466189231992607489e+01
9.060000000000000000e+02 1.555496950963026165e+03 2.839227210317195471e+01 8.805435026436757295e-02 5.446210125156640913e+01
9.070000000000000000e+02 1.544407067632020699e+03 2.867529005241573614e+01 8.801728249737265919e-02 5.423244362466260782e+01
9.080000000000000000e+02 1.533366939192622340e+03 2.895698861832133986e+01 8.797955509186081158e-02 5.397316028411620437e+01
9.090000000000000000e+02 1.522382969515194418e+03 2.923739738716971459e+01 8.794119409342932014e-02 5.368441662003975523e+01
9.100000000000000000e+02 1.511454135196484003e+03 2.951632314433635074e+01 8.790222562424389319e-02 5.336645113341871394e+01
9.110000000000000000e+02 1.500586842422610516e+03 2.979364700342566508e+01 8.786267586892299031e-02 5.301950115193504587e+01
9.120000000000000000e+02 1.489787498776944858e+03 3.006932440133810402e+01 8.782257106082998199e-02 5.264380282996661009e+01
9.130000000000000000e+02 1.479055085043299869e+03 3.034331080977925410e+01 8.778193746897380856e-02 5.223959114926430658e+01
9.140000000000000000e+02 1.468388583704639359e+03 3.061541316321251927e+01 8.774080138529771755e-02 5.180702563680669925e+01
9.150000000000000000e+02 1.457786979086287374e+03 3.088558698777488232e+01 8.769918911265736639e-02 5.134641321734637387e+01
9.160000000000000000e+02 1.447264114194191507e+03 3.115378782912785027e+01 8.765712695319097247e-02 5.085805964912631794e+01
9.170000000000000000e+02 1.436811549095799819e+03 3.141974839675854625e+01 8.761464119731210420e-02 5.034212096027773242e+01
9.180000000000000000e+02 1.426428274447435115e+03 3.168349854326072190e+01 8.757175811318604342e-02 4.979904915391813347e+01
9.190000000000000000e+02 1.416128139965071114e+03 3.194484527453862910e+01 8.752850393676724072e-02 4.922899794489121916e+01
9.200000000000000000e+02 1.405910141137975415e+03 3.220374416200164092e+01 8.748490486230975360e-02 4.863226846621518007e+01
9.210000000000000000e+02 1.395765847687710220e+03 3.246000220320010499e+01 8.744098703342068069e-02 4.800916070817870462e+01
9.220000000000000000e+02 1.385709117072038453e+03 3.271357495044841102e+01 8.739677653451914663e-02 4.736019637561125251e+01
9.230000000000000000e+02 1.375746381181066454e+03 3.296441793840354251e+01 8.735229938282723650e-02 4.668574747778764333e+01
9.240000000000000000e+02 1.365861789728242002e+03 3.321241239512050214e+01 8.730758152075350498e-02 4.598633347050081710e+01
9.250000000000000000e+02 1.356076637138372234e+03 3.345736523658832340e+01 8.726264880864813278e-02 4.526239841425338994e+01
9.260000000000000000e+02 1.346382507476102774e+03 3.369930619525807458e+01 8.721752701798729523e-02 4.451453383408990305e+01
9.270000000000000000e+02 1.336785844623090725e+03 3.393804211353227629e+01 8.717224182477935346e-02 4.374310731202312752e+01
9.280000000000000000e+02 1.327293095648377175e+03 3.417360263927460551e+01 8.712681880340894525e-02 4.294863391508691564e+01
9.290000000000000000e+02 1.317903282524503993e+03 3.440579451928473986e+01 8.708128342057351590e-02 4.213155335595716622e+01
9.300000000000000000e+02 1.308615430539931367e+03 3.463449872779744965e+01 8.703566102959058026e-02 4.129223000465428584e+01
9.310000000000000000e+02 1.299428568357347331e+03 3.485967046097589872e+01 8.698997686473371183e-02 4.043110146780936276e+01
9.320000000000000000e+02 1.290356584768970833e+03 3.508119056440856554e+01 8.694425603580537010e-02 3.954853003446336146e+01
9.330000000000000000e+02 1.281391086996970444e+03 3.529901409462983253e+01 8.689852352273012837e-02 3.864502553990551093e+01
9.340000000000000000e+02 1.272538542493626892e+03 3.551287317964378332e+01 8.685280417024798805e-02 3.772087396200112153e+01
9.350000000000000000e+02 1.263797993937131878e+03 3.572279699799880603e+01 8.680712268255272313e-02 3.677658313653908806e+01
9.360000000000000000e+02 1.255168487626420074e+03 3.592859178885531435e+01 8.676150361789136678e-02 3.581258563802817463e+01
9.370000000000000000e+02 1.246656501874422929e+03 3.613028654761875913e+01 8.671597138318223874e-02 3.482946164546669365e+01
9.380000000000000000e+02 1.238261090349390543e+03 3.632776160308315383e+01 8.667055022839167955e-02 3.382764182403153086e+01
9.390000000000000000e+02 1.229988738816421119e+03 3.652089717913462863e+01 8.662526424080156662e-02 3.280770447520555422e+01
9.400000000000000000e+02 1.221831080127318046e+03 3.670949910599497201e+01 8.658013733915777277e-02 3.177015270278653958e+01
9.410000000000000000e+02 1.213802036012389408e+03 3.689367023253225852e+01 8.653519326747348417e-02 3.071541442978403680e+01
9.420000000000000000e+02 1.205893247019789669e+03 3.707321615309567875e+01 8.649045558869725148e-02 2.964406526618490290e+01
9.430000000000000000e+02 1.198111214308228455e+03 3.724801661994428770e+01 8.644594767803656654e-02 2.855667995954886607e+01
9.440000000000000000e+02 1.190455014638596822e+03 3.741809982173123217e+01 8.640169271600722789e-02 2.745390669643542836e+01
9.450000000000000000e+02 1.182931157118049668e+03 3.758334524454549097e+01 8.635771368117707569e-02 2.633624427012633618e+01
9.460000000000000000e+02 1.175531298194281362e+03 3.774370651754518491e+01 8.631403334255874360e-02 2.520433923315301428e+01
9.470000000000000000e+02 1.168269383453482760e+03 3.789898855765371621e+01 8.627067425167350700e-02 2.405883734907919802e+01
9.480000000000000000e+02 1.161137077567405186e+03 3.804929326586042038e+01 8.622765873425111693e-02 2.290030932803887609e+01
9.490000000000000000e+02 1.154133477744943775e+03 3.819449953807379217e+01 8.618500888159476292e-02 2.172925084601346413e+01
9.500000000000000000e+02 1.147272542135110598e+03 3.833448611108868676e+01 8.614274654154138733e-02 2.054645398184208815e+01
9.510000000000000000e+02 1.140545903872868848e+03 3.846913563209404430e+01 8.610089330917171380e-02 1.935230682341680009e+01
9.520000000000000000e+02 1.133952451763760791e+03 3.859849544319324366e+01 8.605947051703714823e-02 1.814736645314264862e+01
9.530000000000000000e+02 1.127498463117000483e+03 3.872246822126918175e+01 8.601849922517865177e-02 1.693193456944950981e+01
9.540000000000000000e+02 1.121175363014343020e+03 3.884103075037979380e+01 8.597800021078273736e-02 1.570653507002986160e+01
9.550000000000000000e+02 1.114996866125288761e+03 3.895408535069960010e+01 8.593799395752524384e-02 1.447154265471629841e+01
9.560000000000000000e+02 1.108954406671622337e+03 3.906160844157587775e+01 8.589850064466757196e-02 1.322740569652106224e+01
9.570000000000000000e+02 1.103054280246662529e+03 3.916357625418341826e+01 8.585954013590932354e-02 1.197457197879735702e+01
9.580000000000000000e+02 1.097287930484044409e+03 3.926003911129234325e+01 8.582113196802894362e-02 1.071371156653345480e+01
9.590000000000000000e+02 1.091661662530082367e+03 3.935089857313490569e+01 8.578329533933649886e-02 9.445419693243703563e+00
9.600000000000000000e+02 1.086181786415975921e+03 3.943627885140275424e+01 8.574604909797847729e-02 8.170216781976828102e+00
9.610000000000000000e+02 1.080839760431093282e+03 3.951600682132517761e+01 8.570941173013292558e-02 6.888622749927685973e+00
9.620000000000000000e+02 1.075641904598541487e+03 3.959020628639677852e+01 8.567340134816778252e-02 5.601305596646942497e+00
9.630000000000000000e+02 1.070587115699447850e+03 3.965885227418230130e+01 8.563803567873323752e-02 4.308858574829305788e+00
9.640000000000000000e+02 1.065674295698370770e+03 3.972184531675141983e+01 8.560333205092211795e-02 3.011651644691626384e+00
9.650000000000000000e+02 1.060902351818219586e+03 3.977930858173352391e+01 8.556930738447050822e-02 1.710202912953279641e+00
9.660000000000000000e+02 1.056270196614566203e+03 3.983106788495727812e+01 8.553597817807373493e-02 4.050300873815689817e-01
9.670000000000000000e+02 1.051784176399196440e+03 3.987717167223714654e+01 8.550336049784987291e-02 -9.033495015762146307e-01
9.680000000000000000e+02 1.047435786261256908e+03 3.991759388274394382e+01 8.547146996605910207e-02 -2.214493162582285457e+00
9.690000000000000000e+02 1.043231383538341561e+03 3.995230822999852904e+01 8.544032175001006757e-02 -3.527884254609021220e+00
9.700000000000000000e+02 1.039169902833591550e+03 3.998121391597064900e+01 8.540993055132302392e-02 -4.843080732067666538e+00
9.710000000000000000e+02 1.035242856080915317e+03 4.000450704630183907e+01 8.538031059548746582e-02 -6.159492272341132058e+00
9.720000000000000000e+02 1.031456617657902143e+03 4.002201207660129967e+01 8.535147562184469683e-02 -7.476528820744218429e+00
9.730000000000000000e+02 1.027810139393787267e+03 4.003377607839131258e+01 8.532343887401236393e-02 -8.793749135396502936e+00
9.740000000000000000e+02 1.024309807324817939e+03 4.003992017013334959e+01 8.529621309074815472e-02 -1.011056363099052469e+01
9.750000000000000000e+02 1.020939728343894217e+03 4.004026809785125351e+01 8.526981049731603701e-02 -1.142630863997996293e+01
9.760000000000000000e+02 1.017706300348118020e+03 4.003501478489258858e+01 8.524424279745575206e-02 -1.274061780768252206e+01
9.770000000000000000e+02 1.014615927229155886e+03 4.002398349524449372e+01 8.521952116585532200e-02 -1.405275351824966990e+01
9.780000000000000000e+02 1.011660162208588076e+03 4.000736866700001571e+01 8.519565624128679071e-02 -1.536234970708275327e+01
9.790000000000000000e+02 1.008837992918950135e+03 3.998514164287880135e+01 8.517265812037143335e-02 -1.666878785669931062e+01
9.800000000000000000e+02 1.006155841428190001e+03 3.995719923587078171e+01 8.515053635198498172e-02 -1.797158324812703611e+01
9.810000000000000000e+02 1.003605279207297713e+03 3.992380942898665808e+01 8.512929993229949310e-02 -1.927022151427051000e+01
9.820000000000000000e+02 1.001185312193148320e+03 3.988479425556128177e+01 8.510895730065727582e-02 -2.056418090192365966e+01
9.830000000000000000e+02 9.988949524438754679e+02 3.984034691670664330e+01 8.508951633598345332e-02 -2.185293967696971507e+01
9.840000000000000000e+02 9.967406464881277088e+02 3.979036322880819654e+01 8.507098435402050962e-02 -2.313599912900366107e+01
9.850000000000000000e+02 9.947139902666065154e+02 3.973488732365100162e+01 8.505336810524721791e-02 -2.441288726213084814e+01
9.860000000000000000e+02 9.928140141682999911e+02 3.967396308061768906e+01 8.503667377349131973e-02 -2.568314391477701975e+01
9.870000000000000000e+02 9.910471830091375978e+02 3.960763412598204525e+01 8.502090697531126950e-02 -2.694632073608701361e+01
9.880000000000000000e+02 9.894051109530566919e+02 3.953579526528795896e+01 8.500607276002636326e-02 -2.820196259133794214e+01
9.890000000000000000e+02 9.878868465277728319e+02 3.945863818383817545e+01 8.499217561046555625e-02 -2.944961422363610026e+01
9.900000000000000000e+02 9.864914442328310997e+02 3.937598289473481117e+01 8.497921944443172226e-02 -3.068876080319320820e+01
9.910000000000000000e+02 9.852179644912914682e+02 3.928794629005432881e+01 8.496720761674406153e-02 -3.191905075381338719e+01
9.920000000000000000e+02 9.840729019452033981e+02 3.919464500657898753e+01 8.495614292195864670e-02 -3.313982031436353282e+01
9.930000000000000000e+02 9.830404719935432922e+02 3.909597257512019297e+01 8.494602759772824918e-02 -3.435055407228879432e+01
9.940000000000000000e+02 9.821346091768327824e+02 3.899211940495630557e+01 8.493686332870045708e-02 -3.555058780532399965e+01
9.950000000000000000e+02 9.813395403021808079e+02 3.888312708282791164e+01 8.492865125097172341e-02 -3.673947987465768250e+01
9.960000000000000000e+02 9.806617828165244646e+02 3.876903694004358414e+01 8.492139195707520960e-02 -3.791656549950901223e+01
9.970000000000000000e+02 9.801004313218682000e+02 3.864981576916922279e+01 8.491508550142218281e-02 -3.908132815018326056e+01
9.980000000000000000e+02 9.796545858368490372e+02 3.852557867481943532e+01 8.490973140621159432e-02 -4.023317667307080114e+01
9.990000000000000000e+02 9.793159233532257986e+02 3.839644050702938216e+01 8.490532866771494103e-02 -4.137137098262770252e+01
1.000000000000000000e+03 9.790909827891587156e+02 3.826236729472062592e+01 8.490187576292798632e-02 -4.249539345436218696e+01
1.001000000000000000e+03 9.789641382898183792e+02 3.812339598523266915e+01 8.489937065650203507e-02 -4.360460389385192315e+01
1.002000000000000000e+03 9.789499430338721595e+02 3.797955082685680850e+01 8.489781080804176261e-02 -4.469846731240031090e+01
1.003000000000000000e+03 9.790333568642901128e+02 3.783085270422309776e+01 8.489719317953280109e-02 -4.577647466943075472e+01
1.004000000000000000e+03 9.792216294766014926e+02 3.767732225070258067e+01 8.489751424298842830e-02 -4.683819072054036781e+01
1.005000000000000000e+03 9.794997302048765278e+02 3.751897984936844921e+01 8.489876998822568077e-02 -4.788317970967538884e+01
1.006000000000000000e+03 9.798823463591936616e+02 3.735599420106493795e+01 8.490095593079959035e-02 -4.891122819541371314e+01
1.007000000000000000e+03 9.803544563080204171e+02 3.718853375857047183e+01 8.490406711989081923e-02 -4.992227074335479386e+01
1.008000000000000000e+03 9.809233278134142893e+02 3.701676672787201738e+01 8.490809814627399421e-02 -5.091631561864859634e+01
1.009000000000000000e+03 9.815888045129540842e+02 3.684086106954708839e+01 8.491304315026965144e-02 -5.189314762817756588e+01
1.010000000000000000e+03 9.823358774522921522e+02 3.666105878375779525e+01 8.491889582960279736e-02 -5.285269951444407610e+01
1.011000000000000000e+03 9.831792550697088018e+02 3.647737877784361871e+01 8.492564944718290765e-02 -5.379482908164367672e+01
1.012000000000000000e+03 9.841039362777811448e+02 3.629006256905201866e+01 8.493329683876359171e-02 -5.471954202298196179e+01
1.013000000000000000e+03 9.851097804495060473e+02 3.609905430185104080e+01 8.494183042040229226e-02 -5.562662048022353645e+01
1.014000000000000000e+03 9.862115073042018594e+02 3.590437216738792614e+01 8.495124219581456915e-02 -5.651569730453127249e+01
1.015000000000000000e+03 9.873866983432285451e+02 3.570588555504522787e+01 8.496152376346430279e-02 -5.738662745161462908e+01
1.016000000000000000e+03 9.886500802417986051e+02 3.550368647213582562e+01 8.497266632342791171e-02 -5.823919082567739736e+01
1.017000000000000000e+03 9.900015262886220171e+02 3.529756956168800741e+01 8.498466068403479068e-02 -5.907316654122346478e+01
1.018000000000000000e+03 9.914260562795822125e+02 3.508755208938674031e+01 8.499749726823013773e-02 -5.988825861822616758e+01
1.019000000000000000e+03 9.929309781651418234e+02 3.487372537911474524e+01 8.501116611971167025e-02 -6.068424452819570547e+01
1.020000000000000000e+03 9.945161745481045728e+02 3.465603196511403183e+01 8.502565690872829207e-02 -6.146060375614253246e+01
1.021000000000000000e+03 9.961741025851105178e+02 3.443485986279855382e+01 8.504095893767091296e-02 -6.221688919800017459e+01
1.022000000000000000e+03 9.979046505914344607e+02 3.421022545314362873e+01 8.505706114632091697e-02 -6.295265285748887152e+01
1.023000000000000000e+03 9.996928528973879793e+02 3.398236775374713403e+01 8.507395211688548176e-02 -6.366729725995262612e+01
1.024000000000000000e+03 1.001553459859835584e+03 3.375145128798516225e+01 8.509162007873612155e-02 -6.436044685120904774e+01
1.025000000000000000e+03 1.003464082622797378e+03 3.351771465530713101e+01 8.511005291291338926e-02 -6.503150227838578701e+01
1.026000000000000000e+03 1.005439476535589506e+03 3.328124768414216561e+01 8.512923815638392955e-02 -6.568008607331839244e+01
1.027000000000000000e+03 1.007464685918908799e+03 3.304214000244150640e+01 8.514916300607484889e-02 -6.630648833649638618e+01
1.028000000000000000e+03 1.009539614087246264e+03 3.280048104133833675e+01 8.516981432271369945e-02 -6.691084960203060916e+01
1.029000000000000000e+03 1.011679023272227482e+03 3.255636003892914232e+01 8.519117863451451667e-02 -6.749345795573611895e+01
1.030000000000000000e+03 1.013860536096457963e+03 3.230979176067272363e+01 8.521324214068516645e-02 -6.805460045279131975e+01
1.031000000000000000e+03 1.016098919003662445e+03 3.206093935391792371e+01 8.523599071484128098e-02 -6.859463738650809717e+01
1.032000000000000000e+03 1.018379227035902545e+03 3.180981721803069107e+01 8.525940990829034005e-02 -6.911370514020337907e+01
1.033000000000000000e+03 1.020716230566611557e+03 3.155651385915355078e+01 8.528348495331181112e-02 -6.961208759121664968e+01
1.034000000000000000e+03 1.023094988430938656e+03 3.130111761106778800e+01 8.530820076637940508e-02 -7.008939897951943010e+01
1.035000000000000000e+03 1.025522846310859450e+03 3.104386520667317839e+01 8.533354195139142284e-02 -7.054517816351062720e+01
1.036000000000000000e+03 1.027984866567760719e+03 3.078484464856048319e+01 8.535949280296445396e-02 -7.097903717544097901e+01
1.037000000000000000e+03 1.030473541577932565e+03 3.052421806420588624e+01 8.538603730978636119e-02 -7.139051264347614278e+01
1.038000000000000000e+03 1.033003650367653108e+03 3.026214742725707296e+01 8.541315915809444270e-02 -7.177921434842072301e+01
1.039000000000000000e+03 1.035560260095793183e+03 2.999879456242000941e+01 8.544084173533930682e-02 -7.214475093058831590e+01
1.040000000000000000e+03 1.038135867738859815e+03 2.973417258343560832e+01 8.546906813397067704e-02 -7.248665559732469887e+01
1.041000000000000000e+03 1.040737828374157061e+03 2.946851731566489008e+01 8.549782115553646034e-02 -7.280505466620896016e+01
1.042000000000000000e+03 1.043358641710491383e+03 2.920169303322919774e+01 8.552708331491901128e-02 -7.310007328936291060e+01
1.043000000000000000e+03 1.045990808718855988e+03 2.893386101577606695e+01 8.555683684499527930e-02 -7.337161259592078011e+01
1.044000000000000000e+03 1.048649116611540649e+03 2.866503385278717531e+01 8.558706370151736298e-02 -7.362046393818771151e+01
1.045000000000000000e+03 1.051318640316621895e+03 2.839514973247871765e+01 8.561774556835584360e-02 -7.384608038082427584e+01
1.046000000000000000e+03 1.053999312503306783e+03 2.812444386478277281e+01 8.564886386316919453e-02 -7.404939946883368407e+01
1.047000000000000000e+03 1.056691066802623936e+03 2.785277993535999741e+01 8.568039974342625542e-02 -7.422987188297959449e+01
1.048000000000000000e+03 1.059393837725717049e+03 2.758039294622192017e+01 8.571233411285322790e-02 -7.438768994099696386e+01
1.049000000000000000e+03 1.062100132228778875e+03 2.730759208737578803e+01 8.574464762830073805e-02 -7.452230192428753242e+01
1.050000000000000000e+03 1.064809886325433126e+03 2.703453789202474056e+01 8.577732070711507895e-02 -7.463538341536570897e+01
1.051000000000000000e+03 1.067515755400527041e+03 2.676145797872423415e+01 8.581033353494942062e-02 -7.472637657966230051e+01
1.052000000000000000e+03 1.070218412133089032e+03 2.648840286435267899e+01 8.584366607399449012e-02 -7.479470755116716418e+01
1.053000000000000000e+03 1.072918676729523895e+03 2.621571301328768655e+01 8.587729807178584585e-02 -7.484054038449265533e+01
1.054000000000000000e+03 1.075617369715037285e+03 2.594350597287002103e+01 8.591120907040265819e-02 -7.486403792547997682e+01
1.055000000000000000e+03 1.078300455126607176e+03 2.567182494631306611e+01 8.594537841620462915e-02 -7.486610464642096474e+01
1.056000000000000000e+03 1.080976182153861828e+03 2.540071308213567747e+01 8.597978527000167681e-02 -7.484615814171753811e+01
1.057000000000000000e+03 1.083637943273632118e+03 2.513028776361660732e+01 8.601440861768558377e-02 -7.480361479919295675e+01
1.058000000000000000e+03 1.086286559182732390e+03 2.486059204775862952e+01 8.604922728137977261e-02 -7.474011830694321645e+01
1.059000000000000000e+03 1.088915421975810659e+03 2.459166895477336823e+01 8.608421993092724156e-02 -7.465433981044351697e+01
1.060000000000000000e+03 1.091532780070879880e+03 2.432363575757516116e+01 8.611936509584219857e-02 -7.454643492547307915e+01
1.061000000000000000e+03 1.094132024679690403e+03 2.405653542077246243e+01 8.615464117770912922e-02 -7.441804374137382183e+01
1.062000000000000000e+03 1.096713974726618062e+03 2.379048517367060001e+01 8.619002646284552871e-02 -7.426709097960686279e+01
1.063000000000000000e+03 1.099272020013284873e+03 2.352545366575964891e+01 8.622549913537487509e-02 -7.409595718322293578e+01
1.064000000000000000e+03 1.101806977781401429e+03 2.326163239021638773e+01 8.626103729057596481e-02 -7.390330753623659632e+01
1.065000000000000000e+03 1.104312235872095243e+03 2.299906427237187501e+01 8.629661894855092386e-02 -7.368929171389643784e+01
1.066000000000000000e+03 1.106796037634271670e+03 2.273779224268402643e+01 8.633222206811808075e-02 -7.345554388821722114e+01
1.067000000000000000e+03 1.109244340029068098e+03 2.247793352619211049e+01 8.636782456087117865e-02 -7.320072572379190490e+01
1.068000000000000000e+03 1.111672811935738309e+03 2.221960536494765037e+01 8.640340430544246608e-02 -7.292572622935141169e+01
1.069000000000000000e+03 1.114059978852321819e+03 2.196285074042400964e+01 8.643893916189933357e-02 -7.263069042446598189e+01
1.070000000000000000e+03 1.116421506250211905e+03 2.170778694640961604e+01 8.647440698619190957e-02 -7.231576218178219051e+01
1.071000000000000000e+03 1.118743344273513685e+03 2.145445702786482300e+01 8.650978564469288812e-02 -7.198108423464120165e+01
1.072000000000000000e+03 1.121033726042324133e+03 2.120305263726264400e+01 8.654505302867136762e-02 -7.162754102012367241e+01
1.073000000000000000e+03 1.123278597403092135e+03 2.095361690638126717e+01 8.658018706877544657e-02 -7.125453018239295488e+01
1.074000000000000000e+03 1.125486186882706534e+03 2.070626730258128489e+01 8.661516574940598956e-02 -7.086293392160895621e+01
1.075000000000000000e+03 1.127649863790972859e+03 2.046112135103829743e+01 8.664996712299936898e-02 -7.045289049806021353e+01
1.076000000000000000e+03 1.129777851476877913e+03 2.021822235693936776e+01 8.668456932405979587e-02 -7.002379424176312739e+01
1.077000000000000000e+03 1.131856085434549641e+03 1.997761369464643266e+01 8.671895058310499782e-02 -6.957726690255209689e+01
1.078000000000000000e+03 1.133892783264293939e+03 1.973948738032301264e+01 8.675308924025233737e-02 -6.911344348533600623e+01
1.079000000000000000e+03 1.135873874433354558e+03 1.950388694350513674e+01 8.678696375858298284e-02 -6.863171509589550112e+01
1.080000000000000000e+03 1.137814998593003111e+03 1.927085599964540918e+01 8.682055273717624588e-02 -6.813370029214794954e+01
1.081000000000000000e+03 1.139702078645325855e+03 1.904058682261394253e+01 8.685383492377764247e-02 -6.761804525053057091e+01
1.082000000000000000e+03 1.141535890717284019e+03 1.881304893263757805e+01 8.688678922711041974e-02 -6.708636645815406041e+01
1.083000000000000000e+03 1.143317207336870752e+03 1.858836051921896271e+01 8.691939472876533679e-02 -6.653879371500353557e+01
1.084000000000000000e+03 1.145046797314158539e+03 1.836663987949192034e+01 8.695163069462978622e-02 -6.597545581673917070e+01
1.085000000000000000e+03 1.146717997276750793e+03 1.814793114003228780e+01 8.698347658591670806e-02 -6.539722340287440261e+01
1.086000000000000000e+03 1.148331568260893391e+03 1.793227854562575274e+01 8.701491206963468672e-02 -6.480273763023433276e+01
1.087000000000000000e+03 1.149888267256947529e+03 1.771972646448435995e+01 8.704591702868237635e-02 -6.419435286712190702e+01
1.088000000000000000e+03 1.151381418760172664e+03 1.751046796041836373e+01 8.707647157132125670e-02 -6.357145119247035581e+01
1.089000000000000000e+03 1.152811771377721016e+03 1.730454766394251465e+01 8.710655604021716458e-02 -6.293415658575901261e+01
1.090000000000000000e+03 1.154180069390468816e+03 1.710193606084342477e+01 8.713615102091321063e-02 -6.228333494222087552e+01
1.091000000000000000e+03 1.155487052670779804e+03 1.690282663120218487e+01 8.716523734978222360e-02 -6.161985125344354941e+01
1.092000000000000000e+03 1.156726028255762685e+03 1.670726443684107920e+01 8.719379612151829939e-02 -6.094308395336652495e+01
1.093000000000000000e+03 1.157897726977047341e+03 1.651536897673622306e+01 8.722180869604326259e-02 -6.025463910987608784e+01
1.094000000000000000e+03 1.159002875045585824e+03 1.632718562486234504e+01 8.724925670493775820e-02 -5.955389343154940462e+01
1.095000000000000000e+03 1.160042193992435614e+03 1.614283420199123853e+01 8.727612205734969208e-02 -5.884245129512364514e+01
1.096000000000000000e+03 1.161008972264959766e+03 1.596236041342264400e+01 8.730238694548218825e-02 -5.811968775309043167e+01
1.097000000000000000e+03 1.161911350229607478e+03 1.578588442066640063e+01 8.732803384952399217e-02 -5.738646272699041617e+01
1.098000000000000000e+03 1.162742606728384544e+03 1.561337799555195360e+01 8.735304554221673401e-02 -5.664363535595673227e+01
1.099000000000000000e+03 1.163496015742125792e+03 1.544503594229632171e+01 8.737740509294111835e-02 -5.589132118070595823e+01
1.100000000000000000e+03 1.164187131409131780e+03 1.528083040098164247e+01 8.740109587138671088e-02 -5.513037783302370087e+01
1.101000000000000000e+03 1.164794404701284748e+03 1.512072958352520580e+01 8.742410155097084246e-02 -5.436014775765331564e+01
1.102000000000000000e+03 1.165333597419989019e+03 1.496490827165317405e+01 8.744640611172811717e-02 -5.358208602901936501e+01
1.103000000000000000e+03 1.165790796509894562e+03 1.481338876057669829e+01 8.746799384303748093e-02 -5.279538974041516752e+01
1.104000000000000000e+03 1.166181797341682113e+03 1.466619354918539564e+01 8.748884934599562846e-02 -5.200133526110948878e+01
1.105000000000000000e+03 1.166492676900061269e+03 1.452327106069606089e+01 8.750895753552978551e-02 -5.120000978370350708e+01
1.106000000000000000e+03 1.166724363878870463e+03 1.438471849723728724e+01 8.752830364233966931e-02 -5.039164844902950335e+01
1.107000000000000000e+03 1.166885210327721552e+03 1.425055899334278564e+01 8.754687321458522187e-02 -4.957663436838189597e+01
1.108000000000000000e+03 1.166961278250885016e+03 1.412081590337610848e+01 8.756465211949000793e-02 -4.875535007911113894e+01
1.109000000000000000e+03 1.166968338061584291e+03 1.399558708887438385e+01 8.758162654480820819e-02 -4.792810328407696829e+01
1.110000000000000000e+03 1.166892441784893663e+03 1.387482207179879445e+01 8.759778300018160324e-02 -4.709527544195469062e+01
1.111000000000000000e+03 1.166741921516409093e+03 1.375861917221664221e+01 8.761310831847293756e-02 -4.625724750736642932e+01
1.112000000000000000e+03 1.166510247679629629e+03 1.364685409437251629e+01 8.762758965700528924e-02 -4.541425138782928173e+01
1.113000000000000000e+03 1.166205742436984110e+03 1.353969991469835499e+01 8.764121449897613325e-02 -4.456688995253087171e+01
1.114000000000000000e+03 1.165821866299953399e+03 1.343718138419744967e+01 8.765397065471397520e-02 -4.371531993834948793e+01
1.115000000000000000e+03 1.165359503191745716e+03 1.333917493174694791e+01 8.766584626315074291e-02 -4.285999480970075837e+01
1.116000000000000000e+03 1.164819532109485635e+03 1.324585436831636542e+01 8.767682979326832382e-02 -4.200136764960621605e+01
1.117000000000000000e+03 1.164202827136918359e+03 1.315709662204922026e+01 8.768691004575272785e-02 -4.113966833450433569e+01
1.118000000000000000e+03 1.163510257457116040e+03 1.307300172577756925e+01 8.769607615475001616e-02 -4.027527497730343953e+01
1.119000000000000000e+03 1.162735259014719986e+03 1.299359568590188907e+01 8.770431758972913050e-02 -3.940871395312525749e+01
1.120000000000000000e+03 1.161878691228505886e+03 1.291875620166838523e+01 8.771162415755606734e-02 -3.854013994071560489e+01
1.121000000000000000e+03 1.160948837002844812e+03 1.284865836885113843e+01 8.771798600477841157e-02 -3.767007878356232453e+01
1.122000000000000000e+03 1.159939117687642920e+03 1.278318041428402552e+01 8.772339362002078145e-02 -3.679883324811351741e+01
1.123000000000000000e+03 1.158850378138885162e+03 1.272234939930975983e+01 8.772783783663094803e-02 -3.592678018415077190e+01
1.124000000000000000e+03 1.157690886727418501e+03 1.266626693859106290e+01 8.773130983550893325e-02 -3.505429626775494256e+01
1.125000000000000000e+03 1.156446621945651259e+03 1.261481206829155965e+01 8.773380114812932840e-02 -3.418175802785879114e+01
1.126000000000000000e+03 1.155118414165364129e+03 1.256801266565403452e+01 8.773530365975318324e-02 -3.330969043986873857e+01
1.127000000000000000e+03 1.153721945643105755e+03 1.252589688393381273e+01 8.773580961286495117e-02 -3.243846981831542564e+01
1.128000000000000000e+03 1.152250608773184695e+03 1.248849315420759787e+01 8.773531161075662221e-02 -3.156862097754726904e+01
1.129000000000000000e+03 1.150697791141531070e+03 1.245575590354835249e+01 8.773380262129026885e-02 -3.070044584090506490e+01
1.130000000000000000e+03 1.149079160578498204e+03 1.242763984007165945e+01 8.773127598083553524e-02 -2.983446916840708951e+01
1.131000000000000000e+03 1.147380666708177159e+03 1.240417423784700368e+01 8.772772539831993899e-02 -2.897114144937291513e+01
1.132000000000000000e+03 1.145610539400350717e+03 1.238538865466720651e+01 8.772314495940031209e-02 -2.811076464549919862e+01
1.133000000000000000e+03 1.143769575368963160e+03 1.237123864967962206e+01 8.771752913075327174e-02 -2.725378935137341330e+01
1.134000000000000000e+03 1.141851138171020239e+03 1.236168006788276941e+01 8.771087276441329184e-02 -2.640059197037740546e+01
1.135000000000000000e+03 1.139863443255852417e+03 1.235666904097975305e+01 8.770317110217107359e-02 -2.555154902449042353e+01
1.136000000000000000e+03 1.137807272912694543e+03 1.235623627159243654e+01 8.769441978000704074e-02 -2.470696289695939285e+01
1.137000000000000000e+03 1.135675976269047624e+03 1.236033846682569326e+01 8.768461483245026944e-02 -2.386735899233747205e+01
1.138000000000000000e+03 1.133477754340065530e+03 1.236893262219585132e+01 8.767375269699420604e-02 -2.303304006133746995e+01
1.139000000000000000e+03 1.131213374976968453e+03 1.238197602191307389e+01 8.766183021834898781e-02 -2.220438336053490858e+01
1.140000000000000000e+03 1.128868744516737024e+03 1.239950052252224033e+01 8.764884465263804436e-02 -2.138184067787148734e+01
1.141000000000000000e+03 1.126466906234873932e+03 1.242138970238971929e+01 8.763479367143840737e-02 -2.056586407445264797e+01
1.142000000000000000e+03 1.123993756845251255e+03 1.244767599556356075e+01 8.761967536565166970e-02 -1.975683162612887145e+01
1.143000000000000000e+03 1.121457473306082420e+03 1.247831784097229146e+01 8.760348824918384736e-02 -1.895512173185382920e+01
1.144000000000000000e+03 1.118851371074554663e+03 1.251327396549022986e+01 8.758623126233992806e-02 -1.816118742180281487e+01
1.145000000000000000e+03 1.116183617515909873e+03 1.255250338335722127e+01 8.756790377502797484e-02 -1.737540781473379781e+01
1.146000000000000000e+03 1.113454946863251280e+03 1.259596539545609417e+01 8.754850558958532369e-02 -1.659823670909867488e+01
1.147000000000000000e+03 1.110666088581108625e+03 1.264361958844857270e+01 8.752803694333867457e-02 -1.582997975637344190e+01
1.148000000000000000e+03 1.107810339031528429e+03 1.269542583377065803e+01 8.750649851074208951e-02 -1.507101733512674002e+01
1.149000000000000000e+03 1.104895846544447977e+03 1.275127000298606816e+01 8.748389140517627560e-02 -1.432180457429661047e+01
1.150000000000000000e+03 1.101923326390100101e+03 1.281111253350896995e+01 8.746021718030405623e-02 -1.358264852566915160e+01
1.151000000000000000e+03 1.098893400197279107e+03 1.287499132041830840e+01 8.743547783101529580e-02 -1.285390649504627802e+01
1.152000000000000000e+03 1.095806329107532520e+03 1.294280754409623313e+01 8.740967579391095699e-02 -1.213591243854591717e+01
1.153000000000000000e+03 1.092669709037171970e+03 1.301453983934681347e+01 8.738281394730521012e-02 -1.142882776026187308e+01
1.154000000000000000e+03 1.089468846274579619e+03 1.309016711683959677e+01 8.735489561073590814e-02 -1.073288872656976345e+01
1.155000000000000000e+03 1.086218755975862905e+03 1.316951999415371333e+01 8.732592454399369652e-02 -1.004833220407916627e+01
1.156000000000000000e+03 1.082912163761631973e+03 1.325272649471347108e+01 8.729590494561080549e-02 -9.375469964273001722e+00
1.157000000000000000e+03 1.079556647521509149e+03 1.333961777756228173e+01 8.726484145083558686e-02 -8.714391570313695823e+00
1.158000000000000000e+03 1.076152352421444675e+03 1.343024811954937903e+01 8.723273912910174677e-02 -8.065484382053904611e+00
1.159000000000000000e+03 1.072699419316887315e+03 1.352444921186137350e+01 8.719960348098017289e-02 -7.428913591686946205e+00
1.160000000000000000e+03 1.069197984820589681e+03 1.362227585846327216e+01 8.716544043451850132e-02 -6.804845094095224312e+00
1.161000000000000000e+03 1.065648181375288232e+03 1.372363455589329817e+01 8.713025634121202012e-02 -6.193519789864972758e+00
1.162000000000000000e+03 1.062057565681477627e+03 1.382843205745900583e+01 8.709405797129959881e-02 -5.595030753960570813e+00
1.163000000000000000e+03 1.058418833728973595e+03 1.393664965381640464e+01 8.705685250871116054e-02 -5.009620388584682615e+00
1.164000000000000000e+03 1.054739534284920410e+03 1.404826888643212079e+01 8.701864754539201385e-02 -4.437531874690141542e+00
1.165000000000000000e+03 1.051019783934634461e+03 1.416312297743293236e+01 8.697945107525607844e-02 -3.878860623156963783e+00
1.166000000000000000e+03 1.047252267177643034e+03 1.428126824386500537e+01 8.693927148762836676e-02 -3.333851426648168470e+00
1.167000000000000000e+03 1.043444521578751392e+03 1.440253839331982277e+01 8.689811756029278134e-02 -2.802601343107363530e+00
1.168000000000000000e+03 1.039596652821700673e+03 1.452691593798405911e+01 8.685599845209644732e-02 -2.285356846936463793e+00
1.169000000000000000e+03 1.035716191517952666e+03 1.465438362407034667e+01 8.681292369519379160e-02 -1.782216711811151599e+00
1.170000000000000000e+03 1.031795808267873554e+03 1.478470157764603954e+01 8.676890318694298332e-02 -1.293354877669360414e+00
1.171000000000000000e+03 1.027843027177059412e+03 1.491800156889209461e+01 8.672394718144131598e-02 -8.190204668449146963e-01
1.172000000000000000e+03 1.023857940924036598e+03 1.505411845672391991e+01 8.667806628080583498e-02 -3.592406658408676678e-01
1.173000000000000000e+03 1.019840639231799287e+03 1.519296160235372994e+01 8.663127142618579080e-02 8.573355822593087261e-02
1.174000000000000000e+03 1.015791208991639564e+03 1.533451486524890051e+01 8.658357388850204672e-02 5.157617183140916772e-01
1.175000000000000000e+03 1.011709734389207028e+03 1.547868803199559729e+01 8.653498525903687011e-02 9.307766509962640544e-01
1.176000000000000000e+03 1.007603725382728953e+03 1.562531681207956602e+01 8.648551743984038420e-02 1.330635935110323631e+00
1.177000000000000000e+03 1.003473261132066682e+03 1.577438568408847885e+01 8.643518263402057145e-02 1.715240731391137530e+00
1.178000000000000000e+03 9.993109901295284772e+02 1.592587932431753117e+01 8.638399333591652296e-02 2.084454057022482765e+00
1.179000000000000000e+03 9.951318437326060575e+02 1.607963403529259949e+01 8.633196232123985236e-02 2.438167627576927288e+00
1.180000000000000000e+03 9.909284661948062194e+02 1.623556059172509691e+01 8.627910263718888140e-02 2.776257274091179283e+00
1.181000000000000000e+03 9.867009281992442311e+02 1.639356995237793058e+01 8.622542759250310940e-02 3.098627500740491314e+00
1.182000000000000000e+03 9.824567269911842686e+02 1.655364753885888973e+01 8.617095074767747165e-02 3.405204044464370750e+00
1.183000000000000000e+03 9.781959298097020792e+02 1.671563038032851978e+01 8.611568590512556909e-02 3.695881122066497326e+00
1.184000000000000000e+03 9.739186023694248888e+02 1.687950424265126514e+01 8.605964709949809333e-02 3.970577874481809655e+00
1.185000000000000000e+03 9.696248089910458248e+02 1.704503220595174184e+01 8.600284858814513655e-02 4.229197500081984806e+00
1.186000000000000000e+03 9.653146127305906248e+02 1.721227464413019348e+01 8.594530484165854856e-02 4.471649529393186384e+00
1.187000000000000000e+03 9.609955038574186119e+02 1.738106923527369929e+01 8.588703053465000792e-02 4.697853529381945670e+00
1.188000000000000000e+03 9.566675432797158010e+02 1.755132809052738452e+01 8.582804053670711752e-02 4.907780692780071341e+00
1.189000000000000000e+03 9.523307910187501193e+02 1.772296346538715284e+01 8.576834990353796040e-02 5.101393659472821973e+00
1.190000000000000000e+03 9.479778779804380520e+02 1.789588775443074553e+01 8.570797386836731535e-02 5.278676221395908641e+00
1.191000000000000000e+03 9.436311478260316790e+02 1.806993920248365626e+01 8.564692783356947503e-02 5.439603601110618136e+00
1.192000000000000000e+03 9.392758019367747693e+02 1.824510474973425289e+01 8.558522736256432561e-02 5.584142444269057926e+00
1.193000000000000000e+03 9.349193263301330035e+02 1.842129717577484627e+01 8.552288817193923198e-02 5.712280525978844281e+00
1.194000000000000000e+03 9.305692067204905698e+02 1.859828081059036720e+01 8.545992612391067889e-02 5.823982174172614990e+00
1.195000000000000000e+03 9.262180719272261058e+02 1.877604294650675953e+01 8.539635721894825449e-02 5.919262547097801530e+00
1.196000000000000000e+03 9.218659790311036204e+02 1.895449669856314756e+01 8.533219758879399819e-02 5.998143057727303606e+00
1.197000000000000000e+03 9.175204134769460325e+02 1.913355528234509606e+01 8.526746348964042710e-02 6.060636512104378149e+00
1.198000000000000000e+03 9.131888608230772206e+02 1.931298344126064137e+01 8.520217129566172443e-02 6.106776818330438950e+00
1.199000000000000000e+03 9.088639501375462260e+02 1.949284314178895627e+01 8.513633749272485340e-02 6.136492700746446260e+00
1.200000000000000000e+03 9.045457391426751883e+02 1.967289929964856654e+01 8.506997867241439248e-02 6.149949400736359983e+00
1.201000000000000000e+03 9.002415936918392845e+02 1.985314662462262802e+01 8.500311152624880073e-02 6.147011246731914902e+00
1.202000000000000000e+03 8.959509693146681002e+02 2.003345879563851994e+01 8.493575284014522053e-02 6.127902445462948933e+00
1.203000000000000000e+03 8.916732014952098098e+02 2.021371642335094521e+01 8.486791948903564531e-02 6.092546286930048183e+00
1.204000000000000000e+03 8.874150547192452905e+02 2.039402302851663862e+01 8.479962843177089871e-02 6.041087713932890679e+00
1.205000000000000000e+03 8.831684375040471195e+02 2.057411076797074401e+01 8.473089670608409396e-02 5.973521904120838499e+00
1.206000000000000000e+03 8.789401158776389593e+02 2.075408326361730715e+01 8.466174142377548562e-02 5.889991404153942511e+00
1.207000000000000000e+03 8.747294284042372965e+02 2.093367276134156896e+01 8.459217976596365707e-02 5.790563279937435581e+00
1.208000000000000000e+03 8.705431429590596508e+02 2.111305724344922652e+01 8.452222897851123518e-02 5.675229117956952507e+00
1.209000000000000000e+03 8.663806001004510335e+02 2.129196902052571261e+01 8.445190636744213941e-02 5.544202161218470870e+00
1.210000000000000000e+03 8.622337131410419033e+02 2.147043756033059125e+01 8.438122929448912957e-02 5.397471610758621807e+00
1.211000000000000000e+03 8.581092532684027674e+02 2.164834378063531517e+01 8.431021517261455545e-02 5.235322613282930249e+00
1.212000000000000000e+03 8.540139929134153363e+02 2.182564289356964693e+01 8.423888146156013890e-02 5.057816280363423012e+00
1.213000000000000000e+03 8.499398491178400263e+02 2.200229011594751682e+01 8.416724566335520574e-02 4.865012543254198185e+00
1.214000000000000000e+03 8.458935970028009024e+02 2.217824066308778796e+01 8.409532531782232256e-02 4.657044441292137016e+00
1.215000000000000000e+03 8.418820131354149225e+02 2.235330117562578778e+01 8.402313799795171900e-02 4.434118127382345342e+00
1.216000000000000000e+03 8.378895905450332293e+02 2.252750113084118766e+01 8.395070130522155893e-02 4.196290023559090088e+00
1.217000000000000000e+03 8.339305372420600406e+02 2.270072141896307372e+01 8.387803286481657072e-02 3.943763961642397398e+00
1.218000000000000000e+03 8.300042061838033760e+02 2.287291718750057967e+01 8.380515032064353442e-02 3.676668339950016851e+00
1.219000000000000000e+03 8.261099520428050482e+02 2.304396926806971635e+01 8.373207133030315108e-02 3.395056131083172613e+00
1.220000000000000000e+03 8.222397029250824971e+02 2.321383273724249108e+01 8.365881355974222333e-02 3.099276307784442963e+00
1.221000000000000000e+03 8.184151021907026688e+02 2.338238834340141636e+01 8.358539467786510468e-02 2.789231016809975205e+00
1.222000000000000000e+03 8.146132250215911199e+02 2.354966535112542658e+01 8.351183235084780332e-02 2.465266990400420521e+00
1.223000000000000000e+03 8.108557186959675391e+02 2.371547011757803247e+01 8.343814423626440269e-02 2.127581288236788826e+00
1.224000000000000000e+03 8.071270908082711912e+02 2.387983178744847024e+01 8.336434797698825949e-02 1.776295591444318145e+00
1.225000000000000000e+03 8.034415644954295885e+02 2.404263086939427296e+01 8.329046119484777300e-02 1.411827631122146265e+00
1.226000000000000000e+03 7.997910800605478698e+02 2.420382208053585771e+01 8.321650148411044445e-02 1.034296931845879230e+00
1.227000000000000000e+03 7.961824368010755961e+02 2.436328577347420676e+01 8.314248640460281115e-02 6.438962411974910038e-01
1.228000000000000000e+03 7.926150080364855057e+02 2.452105078085947909e+01 8.306843347470452277e-02 2.410401092715014626e-01
1.229000000000000000e+03 7.890955978887275251e+02 2.467699727548399480e+01 8.299436016404132532e-02 -1.741550828689319430e-01
1.230000000000000000e+03 7.856161563129456908e+02 2.483107961493753280e+01 8.292028388595838739e-02 -6.014254087425304762e-01
1.231000000000000000e+03 7.821760642311737683e+02 2.498317776879810381e+01 8.284622198977459329e-02 -1.040582233073789498e+00
1.232000000000000000e+03 7.787821336167027084e+02 2.513332016338607389e+01 8.277219175279830476e-02 -1.491215063462181689e+00
1.233000000000000000e+03 7.754411792295417172e+02 2.528123797504962411e+01 8.269821037212986281e-02 -1.953285803656190422e+00
1.234000000000000000e+03 7.721377336526154522e+02 2.542703367604431719e+01 8.262429495631787302e-02 -2.426385903369185915e+00
1.235000000000000000e+03 7.688860458315790538e+02 2.557058676092953320e+01 8.255046251677411462e-02 -2.910404894241752416e+00
1.236000000000000000e+03 7.656780827121017410e+02 2.571185087505702072e+01 8.247672995905962201e-02 -3.405010389374950819e+00
1.237000000000000000e+03 7.625206710809572996e+02 2.585063095860647309e+01 8.240311407400068011e-02 -3.909945201013919736e+00
1.238000000000000000e+03 7.594132126057359073e+02 2.598702894221077742e+01 8.232963152872714574e-02 -4.424878756851200912e+00
1.239000000000000000e+03 7.563551122759781720e+02 2.612084947361570286e+01 8.225629885757701487e-02 -4.949555649986276507e+00
1.240000000000000000e+03 7.533457784942644366e+02 2.625204561344644105e+01 8.218313245292911684e-02 -5.483647054532897691e+00
1.241000000000000000e+03 7.503920515175278751e+02 2.638064454653063251e+01 8.211014855597872919e-02 -6.026824991402745191e+00
1.242000000000000000e+03 7.474933468473518587e+02 2.650652472629248280e+01 8.203736324752185227e-02 -6.578762310266431435e+00
1.243000000000000000e+03 7.446416553202420801e+02 2.662956443673755302e+01 8.196479243869056464e-02 -7.139206954707527863e+00
1.244000000000000000e+03 7.418438282478673500e+02 2.674979035451755394e+01 8.189245186177777913e-02 -7.707907660072345735e+00
1.245000000000000000e+03 7.390992924547447274e+02 2.686700612655965870e+01 8.182035706103875372e-02 -8.284405940726047746e+00
1.246000000000000000e+03 7.364149070658498886e+02 2.698131234980928994e+01 8.174852338366160598e-02 -8.868429773399499894e+00
1.247000000000000000e+03 7.337826785413718653e+02 2.709251229852089438e+01 8.167696597077711562e-02 -9.459648442144400704e+00
1.248000000000000000e+03 7.312094741613382212e+02 2.720063190417295118e+01 8.160569974866985210e-02 -1.005773937373774807e+01
1.249000000000000000e+03 7.286873087060854459e+02 2.730547404993900074e+01 8.153473942010726339e-02 -1.066238068933120964e+01
1.250000000000000000e+03 7.262304862865506720e+02 2.740706426727843237e+01 8.146409945589717927e-02 -1.127322147080541015e+01
1.251000000000000000e+03 7.238235636103793240e+02 2.750543190360420809e+01 8.139379408663344195e-02 -1.188990659591633303e+01
1.252000000000000000e+03 7.214732334315972366e+02 2.760039933505957066e+01 8.132383729472203449e-02 -1.251215128446776248e+01
1.253000000000000000e+03 7.191861546455332928e+02 2.769201559586155170e+01 8.125424280661609766e-02 -1.313969622389882197e+01
1.254000000000000000e+03 7.169541340135734799e+02 2.778032950123323630e+01 8.118502408541342086e-02 -1.377229754921140881e+01
1.255000000000000000e+03 7.147838396272595674e+02 2.786524107644297032e+01 8.111619432366748428e-02 -1.440968225151534554e+01
1.256000000000000000e+03 7.126745159167714974e+02 2.794672440345309283e+01 8.104776643663133551e-02 -1.505160758327587445e+01
1.257000000000000000e+03 7.106254120563451124e+02 2.802475333365688570e+01 8.097975305576246563e-02 -1.569782166630791487e+01
1.258000000000000000e+03 7.086357820152076101e+02 2.809945005122226291e+01 8.091216652263499842e-02 -1.634806777828098490e+01
1.259000000000000000e+03 7.066974562538679265e+02 2.817056508501313417e+01 8.084501888319817198e-02 -1.700209473028836626e+01
1.260000000000000000e+03 7.048319835173839465e+02 2.823829442365704878e+01 8.077832188241329536e-02 -1.765964793052867421e+01
1.261000000000000000e+03 7.030163473702388046e+02 2.830246239365989425e+01 8.071208695930363886e-02 -1.832048199003169131e+01
1.262000000000000000e+03 7.012646780817347008e+02 2.836304164066876865e+01 8.064632524238837807e-02 -1.898434361481762878e+01
1.263000000000000000e+03 6.995762542020864885e+02 2.842007884281897390e+01 8.058104754551147220e-02 -1.965098584553437178e+01
1.264000000000000000e+03 6.979429309356687554e+02 2.847362042418595607e+01 8.051626436409546617e-02 -2.032013980677703913e+01
1.265000000000000000e+03 6.963714252098899351e+02 2.852348970133832751e+01 8.045198587174962057e-02 -2.099153696904069832e+01
1.266000000000000000e+03 6.948536022874494620e+02 2.856973258152023121e+01 8.038822191737600431e-02 -2.166487198372834655e+01
1.267000000000000000e+03 6.934036175259952870e+02 2.861239470941928076e+01 8.032498202254259589e-02 -2.233986951492575557e+01
1.268000000000000000e+03 6.920133462802313034e+02 2.865144718104830446e+01 8.026227537936775347e-02 -2.301623221744181436e+01
1.269000000000000000e+03 6.906820973017939878e+02 2.868686082474213350e+01 8.020011084869112239e-02 -2.369366299822718602e+01
1.270000000000000000e+03 6.894091843832339919e+02 2.871868048226526327e+01 8.013849695869117162e-02 -2.437190956272630160e+01
1.271000000000000000e+03 6.881939263477196391e+02 2.874680215602167266e+01 8.007744190378844606e-02 -2.505060096731169850e+01
1.272000000000000000e+03 6.870430753845867002e+02 2.877127014089507995e+01 8.001695354395221838e-02 -2.572957444273148653e+01
1.273000000000000000e+03 6.859485319796402791e+02 2.879205417168595460e+01 7.995703940432107026e-02 -2.640837024223299068e+01
1.274000000000000000e+03 6.849088871078461125e+02 2.880919798817637201e+01 7.989770667510713575e-02 -2.708682588543536696e+01
1.275000000000000000e+03 6.839309078764479182e+02 2.882274504980366103e+01 7.983896221182029684e-02 -2.776455614958504370e+01
1.276000000000000000e+03 6.830117094537304183e+02 2.883258996694919318e+01 7.978081253578057919e-02 -2.844132446277013671e+01
1.277000000000000000e+03 6.821506403952903383e+02 2.883884991686345955e+01 7.972326383481539991e-02 -2.911682002905271460e+01
1.278000000000000000e+03 6.813470541015640265e+02 2.884141894118329219e+01 7.966632196430253887e-02 -2.979065780405618824e+01
1.279000000000000000e+03 6.806003087773887046e+02 2.884026507859543287e+01 7.960999244832929478e-02 -3.046267560451986967e+01
1.280000000000000000e+03 6.799105102237895153e+02 2.883557893061719923e+01 7.955428048106381878e-02 -3.113248838279625019e+01
1.281000000000000000e+03 6.792770261221373858e+02 2.882710510897303990e+01 7.949919092832315182e-02 -3.179985961985407172e+01
1.282000000000000000e+03 6.786992288210734614e+02 2.881503363664829820e+01 7.944472832923678285e-02 -3.246440416674841600e+01
1.283000000000000000e+03 6.781764952863521785e+02 2.879933139551606303e+01 7.939089689811985873e-02 -3.312588535411187252e+01
1.284000000000000000e+03 6.777082070488786485e+02 2.877989069261857935e+01 7.933770052632387049e-02 -3.378391783363856149e+01
1.285000000000000000e+03 6.772944929862125036e+02 2.875682639358157644e+01 7.928514278427771511e-02 -3.443826468761356807e+01
1.286000000000000000e+03 6.769340007626576607e+02 2.873010450463504739e+01 7.923322692354495267e-02 -3.508861455396275630e+01
1.287000000000000000e+03 6.766268681134517919e+02 2.869983930628696811e+01 7.918195587888844644e-02 -3.573465588536363668e+01
1.288000000000000000e+03 6.763717514479129704e+02 2.866592193560533630e+01 7.913133227042690176e-02 -3.637600264141548934e+01
1.289000000000000000e+03 6.761680542971375871e+02 2.862846608715992858e+01 7.908135840572341757e-02 -3.701234283139496739e+01
1.290000000000000000e+03 6.760166700912390070e+02 2.858751087907197430e+01 7.903203628193383734e-02 -3.764343849009834742e+01
1.291000000000000000e+03 6.759155250911985604e+02 2.854302085320767546e+01 7.898336758784466061e-02 -3.826890280328227334e+01
1.292000000000000000e+03 6.758640353409897443e+02 2.849510882601359896e+01 7.893535370592812128e-02 -3.888849721774199963e+01
1.293000000000000000e+03 6.758616209396461727e+02 2.844381303847234577e+01 7.888799571434366997e-02 -3.950176000000160315e+01
1.294000000000000000e+03 6.759084488187033912e+02 2.838902287319896800e+01 7.884129438883512309e-02 -4.010860048068570904e+01
1.295000000000000000e+03 6.760017185099233075e+02 2.833085027268857203e+01 7.879525020457281426e-02 -4.070855619600972375e+01
1.296000000000000000e+03 6.761423476039250318e+02 2.826933260617798993e+01 7.874986333794867233e-02 -4.130138713249311166e+01
1.297000000000000000e+03 6.763282861790186189e+02 2.820443267065436999e+01 7.870513366822917689e-02 -4.188677856983536429e+01
1.298000000000000000e+03 6.765597165911766524e+02 2.813626154250823674e+01 7.866106077915302475e-02 -4.246441534151144026e+01
1.299000000000000000e+03 6.768345964094769442e+02 2.806470716130353438e+01 7.861764396045879677e-02 -4.303405609558878808e+01
1.300000000000000000e+03 6.771523725376619041e+02 2.798995431571472281e+01 7.857488220924253863e-02 -4.359531042176985238e+01
1.301000000000000000e+03 6.775125646541332571e+02 2.791188793807557289e+01 7.853277423130820833e-02 -4.414803208544020663e+01
1.302000000000000000e+03 6.779142298133347140e+02 2.783075434063205478e+01 7.849131844241802325e-02 -4.469186453742206311e+01
1.303000000000000000e+03 6.783564977415426256e+02 2.774642569930796654e+01 7.845051296940469543e-02 -4.522684392762875660e+01
1.304000000000000000e+03 6.788385016239424203e+02 2.765892247917340541e+01 7.841035565130685669e-02 -4.575263440993359154e+01
1.305000000000000000e+03 6.793616065602892604e+02 2.756841343654292942e+01 7.837084404031520457e-02 -4.626919667262508540e+01
1.306000000000000000e+03 6.799227240009558955e+02 2.747484420369451641e+01 7.833197540280908977e-02 -4.677626793313719133e+01
1.307000000000000000e+03 6.805224828840835016e+02 2.737823442524366158e+01 7.829374672019655257e-02 -4.727373333513679654e+01
1.308000000000000000e+03 6.811600297427794430e+02 2.727867776063862948e+01 7.825615468986237000e-02 -4.776147736143227007e+01
1.309000000000000000e+03 6.818345143279193508e+02 2.717611903627806313e+01 7.821919572599697612e-02 -4.823930953073418948e+01
1.310000000000000000e+03 6.825443467261244450e+02 2.707065138227455492e+01 7.818286596046312986e-02 -4.870696437827889014e+01
1.311000000000000000e+03 6.832901686529685321e+02 2.696229338482751103e+01 7.814716124364320948e-02 -4.916447285433451242e+01
1.312000000000000000e+03 6.840703963958881104e+02 2.685106337273088073e+01 7.811207714538108415e-02 -4.961156803755432065e+01
1.313000000000000000e+03 6.848841921071348224e+02 2.673697942050164045e+01 7.807760895587370631e-02 -5.004805653425107437e+01
1.314000000000000000e+03 6.857307209212207226e+02 2.662013363513176145e+01 7.804375168669994145e-02 -5.047396702756066844e+01
1.315000000000000000e+03 6.866091509068392043e+02 2.650061787595417329e+01 7.801050007186687008e-02 -5.088895599198545483e+01
1.316000000000000000e+03 6.875186530180512818e+02 2.637837519112282081e+01 7.797784856900596973e-02 -5.129305051139438376e+01
1.317000000000000000e+03 6.884584010445589684e+02 2.625364552222709236e+01 7.794579136060500457e-02 -5.168612827789895192e+01
1.318000000000000000e+03 6.894275715608854398e+02 2.612629715648045448e+01 7.791432235544318297e-02 -5.206799185917359551e+01
1.319000000000000000e+03 6.904253438742803155e+02 2.599656956556584575e+01 7.788343519014663541e-02 -5.243851724970840422e+01
1.320000000000000000e+03 6.914501571361479364e+02 2.586440485804020994e+01 7.785312323083670716e-02 -5.279765385549161749e+01
1.321000000000000000e+03 6.925019387919523979e+02 2.572989348438012058e+01 7.782337957507656778e-02 -5.314520162862368835e+01
1.322000000000000000e+03 6.935798760191830752e+02 2.559312567410854911e+01 7.779419705389398199e-02 -5.348110818689176682e+01
1.323000000000000000e+03 6.946816728334210893e+02 2.545411715652214824e+01 7.776556823405224306e-02 -5.380524594927289428e+01
1.324000000000000000e+03 6.958072642024608285e+02 2.531295773202106147e+01 7.773748542052896782e-02 -5.411748640589638626e+01
1.325000000000000000e+03 6.969551018079446294e+02 2.516958842601845703e+01 7.770994065926334349e-02 -5.441770010495500998e+01
1.326000000000000000e+03 6.981243824848380655e+02 2.502417291095907004e+01 7.768292574005090934e-02 -5.470583092357206567e+01
1.327000000000000000e+03 6.993143053183323445e+02 2.487672609339870178e+01 7.765643219976095524e-02 -5.498182177211858601e+01
1.328000000000000000e+03 7.005233287381742002e+02 2.472726268568417751e+01 7.763045132577564567e-02 -5.524546601548386349e+01
1.329000000000000000e+03 7.017499132803945940e+02 2.457594577771298816e+01 7.760497415969887236e-02 -5.549670459581800941e+01
1.330000000000000000e+03 7.029940071813391569e+02 2.442278970775468849e+01 7.757999150130016897e-02 -5.573555173821950603e+01
1.331000000000000000e+03 7.042540749587836899e+02 2.426788291786324692e+01 7.755549391277766214e-02 -5.596187208987529260e+01
1.332000000000000000e+03 7.055278401653703213e+02 2.411123939184742326e+01 7.753147172321966929e-02 -5.617560356067365746e+01
1.333000000000000000e+03 7.068159994793322767e+02 2.395294722731836501e+01 7.750791503343018585e-02 -5.637668303026450900e+01
1.334000000000000000e+03 7.081162799370841867e+02 2.379316864079664740e+01 7.748481372091051145e-02 -5.656497205557683827e+01
1.335000000000000000e+03 7.094271530183518735e+02 2.363184283887045112e+01 7.746215744519135971e-02 -5.674040542930011100e+01
1.336000000000000000e+03 7.107485773884592390e+02 2.346913172443705520e+01 7.743993565339940544e-02 -5.690306545531933580e+01
1.337000000000000000e+03 7.120782846277833187e+02 2.330504848447222699e+01 7.741813758603505180e-02 -5.705281052359038796e+01
1.338000000000000000e+03 7.134162361438798143e+02 2.313975472937437061e+01 7.739675228308708077e-02 -5.718964652049475461e+01
1.339000000000000000e+03 7.147601660608028169e+02 2.297318908083598998e+01 7.737576859029279830e-02 -5.731342968812578675e+01
1.340000000000000000e+03 7.161085524562791989e+02 2.280558716179180223e+01 7.735517516565874885e-02 -5.742423803555055173e+01
1.341000000000000000e+03 7.174613600915478173e+02 2.263681305037101410e+01 7.733496048621762986e-02 -5.752199991549917968e+01
1.342000000000000000e+03 7.188163261289280399e+02 2.246717640394109594e+01 7.731511285496360519e-02 -5.760656830252090543e+01
1.343000000000000000e+03 7.201726741976839321e+02 2.229654106263279800e+01 7.729562040798175493e-02 -5.767809220560163652e+01
1.344000000000000000e+03 7.215281429428804358e+02 2.212514217345914957e+01 7.727647112174354516e-02 -5.773642239569984724e+01
1.345000000000000000e+03 7.228827000878676472e+02 2.195291764441828875e+01 7.725765282059496308e-02 -5.778155710276818269e+01
1.346000000000000000e+03 7.242340853100936329e+02 2.178002813466786236e+01 7.723915318432643395e-02 -5.781349344520542388e+01
1.347000000000000000e+03 7.255815243010016502e+02 2.160648564269862604e+01 7.722095975593229467e-02 -5.783222742676411343e+01
1.348000000000000000e+03 7.269227573097294908e+02 2.143237636255510736e+01 7.720305994942218419e-02 -5.783767965040605930e+01
1.349000000000000000e+03 7.282577532012842312e+02 2.125786068957350494e+01 7.718544105777006004e-02 -5.782984388311646740e+01
1.350000000000000000e+03 7.295842523289205701e+02 2.108302465913739354e+01 7.716809026089821444e-02 -5.780893562116926176e+01
1.351000000000000000e+03 7.309015790223629665e+02 2.090787375717105689e+01 7.715099463371878630e-02 -5.777494521389277082e+01
1.352000000000000000e+03 7.322087082574834085e+02 2.073253719058283551e+01 7.713414115420941242e-02 -5.772785719154726536e+01
1.353000000000000000e+03 7.335069415862137703e+02 2.055698934493617358e+01 7.711751671153030396e-02 -5.766780235374353936e+01
1.354000000000000000e+03 7.347879232280894257e+02 2.038150168658443917e+01 7.710110811410464393e-02 -5.759483609294034778e+01
1.355000000000000000e+03 7.360626105196758999e+02 2.020589993349071634e+01 7.708490209769265633e-02 -5.750893839497330617e+01
1.356000000000000000e+03 7.373241320476557803e+02 2.003038117961138909e+01 7.706888533344610770e-02 -5.741023669054830236e+01
1.357000000000000000e+03 7.385730439251266262e+02 1.985499391624425769e+01 7.705304443583615992e-02 -5.729878300617805564e+01
1.358000000000000000e+03 7.398099013281264433e+02 1.967963803790190269e+01 7.703736597060625857e-02 -5.717455396608576734e+01
1.359000000000000000e+03 7.410278300336977964e+02 1.950451054920610261e+01 7.702183646256921534e-02 -5.703774792857986142e+01
1.360000000000000000e+03 7.422273830104414856e+02 1.932965986975670347e+01 7.700644240331863677e-02 -5.688826500436341149e+01
1.361000000000000000e+03 7.434091119602495610e+02 1.915506012352061305e+01 7.699117025881911658e-02 -5.672622704434225227e+01
1.362000000000000000e+03 7.445809955626455121e+02 1.898075971172435317e+01 7.697600647690559794e-02 -5.655175479287335349e+01
1.363000000000000000e+03 7.457287259701503217e+02 1.880688131874093116e+01 7.696093749458869648e-02 -5.636481932498168845e+01
1.364000000000000000e+03 7.468602788085718203e+02 1.863339906746687902e+01 7.694594974522425690e-02 -5.616561346856210690e+01
1.365000000000000000e+03 7.479761996773573856e+02 1.846043565921271679e+01 7.693102966554585254e-02 -5.595425467552699672e+01
1.366000000000000000e+03 7.490621757033846961e+02 1.828803952907015429e+01 7.691616370249852730e-02 -5.573078502743313578e+01
1.367000000000000000e+03 7.501336055492893138e+02 1.811625913528175147e+01 7.690133831988207880e-02 -5.549531980858337477e+01
1.368000000000000000e+03 7.511836008714285526e+02 1.794506868159625768e+01 7.688654000487663009e-02 -5.524797322909080322e+01
1.369000000000000000e+03 7.522052712832975203e+02 1.777466525712532075e+01 7.687175527429586375e-02 -5.498885843191570189e+01
1.370000000000000000e+03 7.532140093219562686e+02 1.760509742466468808e+01 7.685697068071327409e-02 -5.471816178387511798e+01
1.371000000000000000e+03 7.541880635647598865e+02 1.743626522651302579e+01 7.684217281835704905e-02 -5.443599431661426991e+01
1.372000000000000000e+03 7.551428220536608933e+02 1.726844017479133697e+01 7.682734832883608700e-02 -5.414246601855419527e+01
1.373000000000000000e+03 7.560713854180911540e+02 1.710152242220106089e+01 7.681248390664459358e-02 -5.383776012730679383e+01
1.374000000000000000e+03 7.569742802039123717e+02 1.693563503580616825e+01 7.679756630450562671e-02 -5.352205885555049036e+01
1.375000000000000000e+03 7.578446021039108018e+02 1.677082686876230255e+01 7.678258233848027359e-02 -5.319546911736962613e+01
1.376000000000000000e+03 7.586903009425402615e+02 1.660722113303551595e+01 7.676751889295563291e-02 -5.285809682205994164e+01
1.377000000000000000e+03 7.595118955621120449e+02 1.644471827107869899e+01 7.675236292539346084e-02 -5.251019545189462434e+01
1.378000000000000000e+03 7.603024737626051319e+02 1.628351594600564667e+01 7.673710147090866129e-02 -5.215186893933024237e+01
1.379000000000000000e+03 7.610625489447672862e+02 1.612358906269795256e+01 7.672172164671894889e-02 -5.178329452918052311e+01
1.380000000000000000e+03 7.617852033549104362e+02 1.596506119090741116e+01 7.670621065637715785e-02 -5.140449994022184654e+01
1.381000000000000000e+03 7.624858014337908116e+02 1.580783315329632366e+01 7.669055579389022492e-02 -5.101580907876216742e+01
1.382000000000000000e+03 7.631499913152086947e+02 1.565210301546822258e+01 7.667474444770137898e-02 -5.061724778361102040e+01
1.383000000000000000e+03 7.637782748802005699e+02 1.549784610692147524e+01 7.665876410448482781e-02 -5.020898954051440910e+01
1.384000000000000000e+03 7.643711510114419525e+02 1.534511216048552740e+01 7.664260235289370449e-02 -4.979128121249539163e+01
1.385000000000000000e+03 7.649365439004668588e+02 1.519402531769976683e+01 7.662624688706584641e-02 -4.936436877061137096e+01
1.386000000000000000e+03 7.654675179558142872e+02 1.504463556713698935e+01 7.660968551021046791e-02 -4.892857159212513807e+01
1.387000000000000000e+03 7.659571344641966562e+02 1.489699303318164247e+01 7.659290613790029068e-02 -4.848398534156443418e+01
1.388000000000000000e+03 7.664133082532957815e+02 1.475114798124957893e+01 7.657589680144610833e-02 -4.803100197070172328e+01
1.389000000000000000e+03 7.668290942545281723e+02 1.460715082294935030e+01 7.655864565111317188e-02 -4.756978974988245312e+01
1.390000000000000000e+03 7.672124008691323525e+02 1.446512640468459665e+01 7.654114095927620764e-02 -4.710059041825534365e+01
1.391000000000000000e+03 7.675562765334262849e+02 1.432505116218208663e+01 7.652337112357543436e-02 -4.662371920035725026e+01
1.392000000000000000e+03 7.678611947368391384e+02 1.418705025947020815e+01 7.650532466997338188e-02 -4.613926768904264009e+01
1.393000000000000000e+03 7.681350539900721515e+02 1.405110045976743649e+01 7.648699025585430078e-02 -4.564754956378205009e+01
1.394000000000000000e+03 7.683634643930064385e+02 1.391725298081551365e+01 7.646835667300383443e-02 -4.514872919076633906e+01
1.395000000000000000e+03 7.685468893554724445e+02 1.378563349962941231e+01 7.644941285070400161e-02 -4.464311877485560842e+01
1.396000000000000000e+03 7.686932172170113517e+02 1.365614502315887613e+01 7.643014785872803696e-02 -4.413080696031640571e+01
1.397000000000000000e+03 7.688029045167637605e+02 1.352898787739621866e+01 7.641055091036857982e-02 -4.361217883388786731e+01
1.398000000000000000e+03 7.688615476138824079e+02 1.340413972736509507e+01 7.639061136550796827e-02 -4.308732167559779214e+01
1.399000000000000000e+03 7.688844527598761260e+02 1.328165271555011984e+01 7.637031873368836654e-02 -4.255669352939642636e+01
1.400000000000000000e+03 7.688572092675499334e+02 1.316157918272464933e+01 7.634966267720635913e-02 -4.202052895451073766e+01
1.401000000000000000e+03 7.687951511438147918e+02 1.304396785996075714e+01 7.632863301425196756e-02 -4.147911556076943640e+01
1.402000000000000000e+03 7.686840348381430204e+02 1.292885243608803414e+01 7.630721972208427684e-02 -4.093250932302869671e+01
1.403000000000000000e+03 7.685319330856757460e+02 1.281618871492332268e+01 7.628541294021790042e-02 -4.038104215720702683e+01
1.404000000000000000e+03 7.683394866171521471e+02 1.270608128195435071e+01 7.626320297372796153e-02 -3.982482257438103801e+01
1.405000000000000000e+03 7.680999041295582401e+02 1.259856065767864131e+01 7.624058029646968437e-02 -3.926395855179739414e+01
1.406000000000000000e+03 7.678138189571532166e+02 1.249365758484851341e+01 7.621753555449481410e-02 -3.869863183706861065e+01
1.407000000000000000e+03 7.674818606916340968e+02 1.239125446510293393e+01 7.619405956940406011e-02 -3.812909796904298787e+01
1.408000000000000000e+03 7.671120835027145404e+02 1.229153106351150626e+01 7.617014334177620027e-02 -3.755538916482898770e+01
1.409000000000000000e+03 7.666902527074038289e+02 1.219437024397380753e+01 7.614577805463737525e-02 -3.697776004199723587e+01
1.410000000000000000e+03 7.662318431920405146e+02 1.209987795704473257e+01 7.612095507698111996e-02 -3.639639050589801172e+01
1.411000000000000000e+03 7.657226125806424761e+02 1.200801182561674274e+01 7.609566596728990773e-02 -3.581138577111786958e+01
1.412000000000000000e+03 7.651705996571506603e+02 1.191887828200992416e+01 7.606990247711563347e-02 -3.522307351706366774e+01
1.413000000000000000e+03 7.645689825849053705e+02 1.183243543692591970e+01 7.604365655465650242e-02 -3.463148392512540852e+01
1.414000000000000000e+03 7.639257922787036250e+02 1.174871593280192705e+01 7.601692034838374024e-02 -3.403709253547706481e+01
1.415000000000000000e+03 7.632341989752982272e+02 1.166767837953354991e+01 7.598968621063863227e-02 -3.343992886690670474e+01
1.416000000000000000e+03 7.625022256064538624e+02 1.158943020759045339e+01 7.596194670123347648e-02 -3.284031927377588289e+01
1.417000000000000000e+03 7.617230343706914937e+02 1.151393053649379183e+01 7.593369459108030572e-02 -3.223844126700286949e+01
1.418000000000000000e+03 7.609046401078535382e+02 1.144121302768958692e+01 7.590492286577316117e-02 -3.163462067012492085e+01
1.419000000000000000e+03 7.600401968726291670e+02 1.137131160328990553e+01 7.587562472913016165e-02 -3.102888594037970904e+01
1.420000000000000000e+03 7.591302829609372793e+02 1.130418616469107818e+01 7.584579360672022430e-02 -3.042163674235935389e+01
1.421000000000000000e+03 7.581754725365673266e+02 1.123987116157604049e+01 7.581542314934723581e-02 -2.981304970214773675e+01
1.422000000000000000e+03 7.571763356094789970e+02 1.117840131028539297e+01 7.578450723644131193e-02 -2.920322699649991094e+01
1.423000000000000000e+03 7.561408663659166223e+02 1.111966302856185074e+01 7.575303997940206757e-02 -2.859249350903498410e+01
1.424000000000000000e+03 7.550547697489918164e+02 1.106384013819040923e+01 7.572101572487631438e-02 -2.798095115140433364e+01
1.425000000000000000e+03 7.539260315436405335e+02 1.101081959847914504e+01 7.568842905790110209e-02 -2.736892458648184245e+01
1.426000000000000000e+03 7.527552049611035727e+02 1.096063720865062407e+01 7.565527480496389567e-02 -2.675666411651364385e+01
1.427000000000000000e+03 7.515354106265825749e+02 1.091325475858649163e+01 7.562154803696034822e-02 -2.614427142175225782e+01
1.428000000000000000e+03 7.502746216199641367e+02 1.086870859696045777e+01 7.558724407199245154e-02 -2.553199671657246128e+01
1.429000000000000000e+03 7.489733784175014080e+02 1.082696106523739310e+01 7.555235847803044857e-02 -2.492023877153956235e+01
1.430000000000000000e+03 7.476322172370867065e+02 1.078804906555878240e+01 7.551688707548591395e-02 -2.430902495091535798e+01
1.431000000000000000e+03 7.462442416857404623e+02 1.075200977799758917e+01 7.548082593951774277e-02 -2.369875406965500275e+01
1.432000000000000000e+03 7.448174078109307175e+02 1.071880637769026556e+01 7.544417140227394070e-02 -2.308952786379784783e+01
1.433000000000000000e+03 7.433448107030834535e+02 1.068840231885157621e+01 7.540692005486974991e-02 -2.248167099683341519e+01
1.434000000000000000e+03 7.418343979031282061e+02 1.066076133516515689e+01 7.536906874925690392e-02 -2.187535966396562159e+01
1.435000000000000000e+03 7.402792560111660123e+02 1.063599600705798665e+01 7.533061459981552077e-02 -2.127091874782153624e+01
1.436000000000000000e+03 7.386873241003330577e+02 1.061399634433685790e+01 7.529155498478999620e-02 -2.066852470605548930e+01
1.437000000000000000e+03 7.370516803319208066e+02 1.059472692022747431e+01 7.525188754750616882e-02 -2.006850272688224379e+01
1.438000000000000000e+03 7.353728270255548978e+02 1.057830115478695099e+01 7.521161019736365139e-02 -1.947095533299019365e+01
1.439000000000000000e+03 7.336586906819622982e+02 1.056468418068530646e+01 7.517072111061040562e-02 -1.887628238738065534e+01
1.440000000000000000e+03 7.319097653086059836e+02 1.055376712638180869e+01 7.512921873089146996e-02 -1.828458684655923960e+01
1.441000000000000000e+03 7.301191124491882647e+02 1.054558996618929356e+01 7.508710176954848381e-02 -1.769619476614766285e+01
1.442000000000000000e+03 7.282872179170211666e+02 1.054011866920728124e+01 7.504436920571046221e-02 -1.711128390434202373e+01
1.443000000000000000e+03 7.264145634809942749e+02 1.053731948214964831e+01 7.500102028611724259e-02 -1.653010659326050558e+01
1.444000000000000000e+03 7.245090552553531325e+02 1.053723321205752228e+01 7.495705452475030783e-02 -1.595298975964642274e+01
1.445000000000000000e+03 7.225637386917445610e+02 1.053982665839080646e+01 7.491247170217993356e-02 -1.538003781141693338e+01
1.446000000000000000e+03 7.205790836759651938e+02 1.054506689551396015e+01 7.486727186470271134e-02 -1.481150407558291526e+01
1.447000000000000000e+03 7.185629845770923794e+02 1.055292127156688409e+01 7.482145532322832804e-02 -1.424779081849770357e+01
1.448000000000000000e+03 7.165084752489080984e+02 1.056335740722405880e+01 7.477502265195171138e-02 -1.368892928142228449e+01
1.449000000000000000e+03 7.144160141357696148e+02 1.057641747784527197e+01 7.472797468678361865e-02 -1.313539681896185840e+01
1.450000000000000000e+03 7.122934843305663435e+02 1.059199536150612353e+01 7.468031252356496785e-02 -1.258729980026622286e+01
1.451000000000000000e+03 7.101412854784578030e+02 1.061013563452490693e+01 7.463203751605472502e-02 -1.204494880244529043e+01
1.452000000000000000e+03 7.079521794708269908e+02 1.063074202503748467e+01 7.458315127371634157e-02 -1.150850421347161223e+01
1.453000000000000000e+03 7.057263015807876627e+02 1.065386895595385219e+01 7.453365565926151071e-02 -1.097810781724788320e+01
1.454000000000000000e+03 7.034712119876231782e+02 1.067949682946649936e+01 7.448355278607865504e-02 -1.045390190667241548e+01
1.455000000000000000e+03 7.011870391464299246e+02 1.070753202504814894e+01 7.443284501536469311e-02 -9.935955018836859054e+00
1.456000000000000000e+03 6.988739082104957561e+02 1.073802974785093234e+01 7.438153495318268471e-02 -9.424336236998399841e+00
1.457000000000000000e+03 6.965319411052431633e+02 1.077097117598539811e+01 7.432962544726369469e-02 -8.919263775815029049e+00
1.458000000000000000e+03 6.941538282535683493e+02 1.080618917469994145e+01 7.427711958370590561e-02 -8.420807865317703644e+00
1.459000000000000000e+03 6.917471137036521895e+02 1.084381399497399023e+01 7.422402068347026816e-02 -7.929039335640617026e+00
1.460000000000000000e+03 6.893119101565695246e+02 1.088382756997797429e+01 7.417033229883329692e-02 -7.444178201485493140e+00
1.461000000000000000e+03 6.868483273960176803e+02 1.092606351244609186e+01 7.411605820959821234e-02 -6.966222261793661552e+00
1.462000000000000000e+03 6.843564723687409241e+02 1.097057852945989964e+01 7.406120241926683612e-02 -6.495392817661754137e+00
1.463000000000000000e+03 6.818364492657266283e+02 1.101735528560863209e+01 7.400576915109081944e-02 -6.031763271437214691e+00
1.464000000000000000e+03 6.792883596040001066e+02 1.106630240005950050e+01 7.394976284403209643e-02 -5.575407710029482544e+00
1.465000000000000000e+03 6.767123023088504397e+02 1.111747729403635887e+01 7.389318814864315188e-02 -5.126400920905675562e+00
1.466000000000000000e+03 6.741158021465743104e+02 1.117078905368256159e+01 7.383604992290293545e-02 -4.685041258274210030e+00
1.467000000000000000e+03 6.714915247563301364e+02 1.122614699384148018e+01 7.377835322796585937e-02 -4.251256390412819997e+00
1.468000000000000000e+03 6.688469901336984549e+02 1.128368350524306685e+01 7.372010332390568910e-02 -3.825271866202199167e+00
1.469000000000000000e+03 6.661748593120594251e+02 1.134315978306754502e+01 7.366130566541266578e-02 -3.407165428776908200e+00
1.470000000000000000e+03 6.634752194953968001e+02 1.140470865845972170e+01 7.360196589748844997e-02 -2.996941313340166335e+00
1.471000000000000000e+03 6.607630124901542104e+02 1.146816604340259360e+01 7.354208985110545493e-02 -2.594827395124440272e+00
1.472000000000000000e+03 6.580234646847770819e+02 1.153359091153884464e+01 7.348168353891872118e-02 -2.200829501957483725e+00
1.473000000000000000e+03 6.552566572315820395e+02 1.160081959336905122e+01 7.342075315095659971e-02 -1.815102844978672136e+00
1.474000000000000000e+03 6.524775261263583843e+02 1.166998575689282447e+01 7.335930505037734084e-02 -1.437729180950609642e+00
1.475000000000000000e+03 6.496712921856176308e+02 1.174085185212185856e+01 7.329734576919663680e-02 -1.068865391691637301e+00
1.476000000000000000e+03 6.468528879264176794e+02 1.181355194205369585e+01 7.323488200415199934e-02 -7.084463620947514251e-01
1.477000000000000000e+03 6.440149591914503162e+02 1.188792314701285946e+01 7.317192061254716717e-02 -3.567049762690273074e-01
1.478000000000000000e+03 6.411575786258449625e+02 1.196387705794340484e+01 7.310846860816251624e-02 -1.365214423495618098e-02
1.479000000000000000e+03 6.382882457518983301e+02 1.204154829911202285e+01 7.304453315727395257e-02 3.206409099701165721e-01
1.480000000000000000e+03 6.353996019919602531e+02 1.212070025570598020e+01 7.298012157472143213e-02 6.460500662687284068e-01
1.481000000000000000e+03 6.324991441419590501e+02 1.220146790439781626e+01 7.291524132003515679e-02 9.625097238507333008e-01
1.482000000000000000e+03 6.295795110418198419e+02 1.228361497378355160e+01 7.284989999366149604e-02 1.269945936506840178e+00
1.483000000000000000e+03 6.266481970467832525e+02 1.236720249129402660e+01 7.278410533330104126e-02 1.568313545301810663e+00
1.484000000000000000e+03 6.237126953961515028e+02 1.245214307749647809e+01 7.271786521024151129e-02 1.857536743134529544e+00
1.485000000000000000e+03 6.207582132307412621e+02 1.253842379184835565e+01 7.265118762588095025e-02 2.137553636645000754e+00
1.486000000000000000e+03 6.177996701118405554e+02 1.262588327736828653e+01 7.258408070826824487e-02 2.408316238466389425e+00
1.487000000000000000e+03 6.148222712854716292e+02 1.271458317326138854e+01 7.251655270875911885e-02 2.669738461474375324e+00
1.488000000000000000e+03 6.118409345497731238e+02 1.280443669245640770e+01 7.244861199872340563e-02 2.921777823792367723e+00
1.489000000000000000e+03 6.088557202180735430e+02 1.289535718359953087e+01 7.238026706639405505e-02 3.164376015594960734e+00
1.490000000000000000e+03 6.058555453578583183e+02 1.298733240948751977e+01 7.231152651369360251e-02 3.397493806414142448e+00
1.491000000000000000e+03 6.028516114300936124e+02 1.308020169143517286e+01 7.224239905322960009e-02 3.621089497438958915e+00
1.492000000000000000e+03 5.998424911056960127e+02 1.317402732160979006e+01 7.217289350530076142e-02 3.835118916487088914e+00
1.493000000000000000e+03 5.968289850282219504e+02 1.326872314029038691e+01 7.210301879496953947e-02 4.039527985082338901e+00
1.494000000000000000e+03 5.938111505355999498e+02 1.336412881409436793e+01 7.203278394919429561e-02 4.234278713564577856e+00
1.495000000000000000e+03 5.907905302267868137e+02 1.346030696466699084e+01 7.196219809400908329e-02 4.419329140883789364e+00
1.496000000000000000e+03 5.877679235181259401e+02 1.355717174580653150e+01 7.189127045171231356e-02 4.594651159435274579e+00
1.497000000000000000e+03 5.847448723747919530e+02 1.365456312156538665e+01 7.182001033812782098e-02 4.760252797358856647e+00
1.498000000000000000e+03 5.817214328671742578e+02 1.375254399482274614e+01 7.174842715985099706e-02 4.916111361087375009e+00
1.499000000000000000e+03 5.786991465726097204e+02 1.385095450079911750e+01 7.167653041149017745e-02 5.062218003599744165e+00
1.500000000000000000e+03 5.756788121322116467e+02 1.394978341906823260e+01 7.160432967296583018e-02 5.198555437970301618e+00
1.501000000000000000e+03 5.726611487513182510e+02 1.404895061121855271e+01 7.153183460673215310e-02 5.325105911590892305e+00
1.502000000000000000e+03 5.696480437417172880e+02 1.414839717989406509e+01 7.145905495499280113e-02 5.441875131187575931e+00
1.503000000000000000e+03 5.666383337653834360e+02 1.424814386563367385e+01 7.138600053691346314e-02 5.548853480526333648e+00
1.504000000000000000e+03 5.636330841404696912e+02 1.434806289707592342e+01 7.131268124577518075e-02 5.646074900760738480e+00
1.505000000000000000e+03 5.606333604009143983e+02 1.444824940286528125e+01 7.123910704603933497e-02 5.733542607735808261e+00
1.506000000000000000e+03 5.576387426918673782e+02 1.454850142151622272e+01 7.116528797042007137e-02 5.811266234978155865e+00
1.507000000000000000e+03 5.546495543410982236e+02 1.464891416380569389e+01 7.109123411682380378e-02 5.879254407013744910e+00
1.508000000000000000e+03 5.516668619262380844e+02 1.474943430612428052e+01 7.101695564520905946e-02 5.937499884761211710e+00
1.509000000000000000e+03 5.486909896729241609e+02 1.484993426834155272e+01 7.094246277440494075e-02 5.986120706702793726e+00
1.510000000000000000e+03 5.457222623590040484e+02 1.495043505867595002e+01 7.086776577877236527e-02 6.025003631007193938e+00
1.511000000000000000e+03 5.427610053847229210e+02 1.505088341755210024e+01 7.079287498478505081e-02 6.054331551747391238e+00
1.512000000000000000e+03 5.398097733490044448e+02 1.515130037897576010e+01 7.071780076750194821e-02 6.074137801647045976e+00
1.513000000000000000e+03 5.368674074414739152e+02 1.525155841440428439e+01 7.064255354691147126e-02 6.084529006757195546e+00
1.514000000000000000e+03 5.339357210309135553e+02 1.535160427764273372e+01 7.056714378413510291e-02 6.085462240521859023e+00
1.515000000000000000e+03 5.310157855643498124e+02 1.545153328274831317e+01 7.049158197753836730e-02 6.077116446263808314e+00
1.516000000000000000e+03 5.281071878071870742e+02 1.555121788093579660e+01 7.041587865866266727e-02 6.059446741539351144e+00
1.517000000000000000e+03 5.252110012593667534e+02 1.565060478902387153e+01 7.034004438805313564e-02 6.032555841413085318e+00
1.518000000000000000e+03 5.223283005622166684e+02 1.574964070039006181e+01 7.026408975095180254e-02 5.996545497604090613e+00
1.519000000000000000e+03 5.194586759060712211e+02 1.584834656295402411e+01 7.018802535282576971e-02 5.951516505022122594e+00
1.520000000000000000e+03 5.166032044487290023e+02 1.594659472317668225e+01 7.011186181478180901e-02 5.897420141680093764e+00
1.521000000000000000e+03 5.137622218893346826e+02 1.604440605460498048e+01 7.003560976884673495e-02 5.834429593501600841e+00
1.522000000000000000e+03 5.109360653828538261e+02 1.614180138543201792e+01 6.995927985310523844e-02 5.762642827979686189e+00
1.523000000000000000e+03 5.081250736199064022e+02 1.623857864258723538e+01 6.988288270673945202e-02 5.682008318713075212e+00
1.524000000000000000e+03 5.053303297418868851e+02 1.633475854738387767e+01 6.980642896490016347e-02 5.592696471323730378e+00
1.525000000000000000e+03 5.025521757511426699e+02 1.643028747617819363e+01 6.972992925348554805e-02 5.494802498214406583e+00
1.526000000000000000e+03 4.997916982612474612e+02 1.652518602208243692e+01 6.965339418384305925e-02 5.388420711197359658e+00
1.527000000000000000e+03 4.970485000720044582e+02 1.661940042270862250e+01 6.957683434734786287e-02 5.273718814478136174e+00
1.528000000000000000e+03 4.943236715893257838e+02 1.671280255495999612e+01 6.950026030987289938e-02 5.150715063980396025e+00
1.529000000000000000e+03 4.916183052345135707e+02 1.680541278037446062e+01 6.942368260622167053e-02 5.019649695038165049e+00
1.530000000000000000e+03 4.889320098529310599e+02 1.689717708949934050e+01 6.934711173446946042e-02 4.880464948401411540e+00
1.531000000000000000e+03 4.862658821320561628e+02 1.698804138032420852e+01 6.927055815026958441e-02 4.733325065616146077e+00
1.532000000000000000e+03 4.836195353384011355e+02 1.707802573676346469e+01 6.919403226110808214e-02 4.578393449715036922e+00
1.533000000000000000e+03 4.809948135685632451e+02 1.716692728967787929e+01 6.911754442052869818e-02 4.415758393244299640e+00
1.534000000000000000e+03 4.783913348137424464e+02 1.725484019647660006e+01 6.904110492237740260e-02 4.245581657125397257e+00
1.535000000000000000e+03 4.758094623730866033e+02 1.734170993524143611e+01 6.896472399499586903e-02 4.067949915829607299e+00
1.536000000000000000e+03 4.732503049253585914e+02 1.742740758342465313e+01 6.888841179551082050e-02 3.882949053378556226e+00
1.537000000000000000e+03 4.707127452587665744e+02 1.751187838010713094e+01 6.881217840407731490e-02 3.690738459658837733e+00
1.538000000000000000e+03 4.681993830192067776e+02 1.759521600481308923e+01 6.873603381823785441e-02 3.491476760040825855e+00
1.539000000000000000e+03 4.657098492610483618e+02 1.767721687186809021e+01 6.865998794730855670e-02 3.285321828804512734e+00
1.540000000000000000e+03 4.632445206860938924e+02 1.775797439385405951e+01 6.858405060687612631e-02 3.072505086367327110e+00
1.541000000000000000e+03 4.608037768700854713e+02 1.783735899259041702e+01 6.850823151338067407e-02 2.853034379293733380e+00
1.542000000000000000e+03 4.583894859918568159e+02 1.791538951221014386e+01 6.843254027882143820e-02 2.627213979121289178e+00
1.543000000000000000e+03 4.560005478797389742e+02 1.799193608077972328e+01 6.835698640556726879e-02 2.395124612435130196e+00
1.544000000000000000e+03 4.536388367456702895e+02 1.806709152350934389e+01 6.828157928134487298e-02 2.156994893250065104e+00
1.545000000000000000e+03 4.513032585561595624e+02 1.814065137400222127e+01 6.820632817438304629e-02 1.912978487644366066e+00
1.546000000000000000e+03 4.489956937608242242e+02 1.821263385460953543e+01 6.813124222868864599e-02 1.663228412669064848e+00
1.547000000000000000e+03 4.467165403276792404e+02 1.828305702183216397e+01 6.805633045957007465e-02 1.407897052013809880e+00
1.548000000000000000e+03 4.444647137856188124e+02 1.835186447880083449e+01 6.798160174930578670e-02 1.147210455427681852e+00
1.549000000000000000e+03 4.422421042740420489e+02 1.841892537133338692e+01 6.790706484302459767e-02 8.813197878781812156e-01
1.550000000000000000e+03 4.400483767341167436e+02 1.848425723457557979e+01 6.783272834486131497e-02 6.103756294561083484e-01
1.551000000000000000e+03 4.378839092665285762e+02 1.854780668350406714e+01 6.775860071423810138e-02 3.345861639323784997e-01
1.552000000000000000e+03 4.357489512795802966e+02 1.860953432711740518e+01 6.768469026244954001e-02 5.402029387211682715e-02
1.553000000000000000e+03 4.336444653986520734e+02 1.866947841390951979e+01 6.761100514949502926e-02 -2.311211570464841714e-01
1.554000000000000000e+03 4.315691891660321744e+02 1.872760271651658925e+01 6.753755338109165840e-02 -5.208607326841095952e-01
1.555000000000000000e+03 4.295240920722586111e+02 1.878379652825159596e+01 6.746434280597260469e-02 -8.149986259445376469e-01
1.556000000000000000e+03 4.275094042342418561e+02 1.883817179373330220e+01 6.739138111342460324e-02 -1.113484078615003092e+00
1.557000000000000000e+03 4.255253592455973148e+02 1.889069168807859000e+01 6.731867583108867847e-02 -1.416118229501379444e+00
1.558000000000000000e+03 4.235721941891088704e+02 1.894124489719702353e+01 6.724623432299221826e-02 -1.722851230409451206e+00
1.559000000000000000e+03 4.216501496464260867e+02 1.898994274868162080e+01 6.717406378780151066e-02 -2.033485093941226562e+00
1.560000000000000000e+03 4.197587268700576715e+02 1.903667350776464673e+01 6.710217125734910248e-02 -2.348045092657899957e+00
1.561000000000000000e+03 4.178981734578638338e+02 1.908147379189235338e+01 6.703056359540095210e-02 -2.666185472563844083e+00
1.562000000000000000e+03 4.160694833550292628e+02 1.912430571737260010e+01 6.695924749660188413e-02 -2.987932269498457583e+00
1.563000000000000000e+03 4.142714255135825852e+02 1.916520546362910693e+01 6.688822948569916882e-02 -3.313089022355423463e+00
1.564000000000000000e+03 4.125057437349644829e+02 1.920413470354141339e+01 6.681751591693238512e-02 -3.641533888214050219e+00
1.565000000000000000e+03 4.107712139851217898e+02 1.924105488438911138e+01 6.674711297365251705e-02 -3.973071056347465824e+00
1.566000000000000000e+03 4.090688442330157386e+02 1.927592722539196401e+01 6.667702666808295042e-02 -4.307653579644916242e+00
1.567000000000000000e+03 4.073974174319836834e+02 1.930886128235441745e+01 6.660726284135075337e-02 -4.645086221428088358e+00
1.568000000000000000e+03 4.057579485197234135e+02 1.933974352789356033e+01 6.653782716355578775e-02 -4.985322570208863269e+00
1.569000000000000000e+03 4.041507130664957117e+02 1.936853448329156535e+01 6.646872513406794358e-02 -5.328093602855966893e+00
1.570000000000000000e+03 4.025745044270170183e+02 1.939534299994386046e+01 6.639996208194526295e-02 -5.673279082727892941e+00
1.571000000000000000e+03 4.010310907362894568e+02 1.941998055639430376e+01 6.633154316644605808e-02 -6.020803543341104458e+00
1.572000000000000000e+03 3.995185293789630805e+02 1.944262980801327245e+01 6.626347337766920476e-02 -6.370495130248205129e+00
1.573000000000000000e+03 3.980378524881995759e+02 1.946317603373749350e+01 6.619575753724533940e-02 -6.722182150095024511e+00
1.574000000000000000e+03 3.965893527533772840e+02 1.948157855195234589e+01 6.612840029914207607e-02 -7.075678194404908972e+00
1.575000000000000000e+03 3.951725834022477102e+02 1.949794500247288553e+01 6.606140615045930087e-02 -7.430819261805227782e+00
1.576000000000000000e+03 3.937871010175740025e+02 1.951223421112177192e+01 6.599477941232959055e-02 -7.787411740051158660e+00
1.577000000000000000e+03 3.924339511883752039e+02 1.952440475543258813e+01 6.592852424073594730e-02 -8.145299241663153111e+00
1.578000000000000000e+03 3.911126971507163148e+02 1.953456353046421157e+01 6.586264462745894388e-02 -8.504280872578586781e+00
1.579000000000000000e+03 3.898236482734797619e+02 1.954259433020949643e+01 6.579714440091156968e-02 -8.864200352887605661e+00
1.580000000000000000e+03 3.885656315338881086e+02 1.954852926414150005e+01 6.573202722694881928e-02 -9.224886570601499969e+00
1.581000000000000000e+03 3.873397056732215447e+02 1.955240018935499435e+01 6.566729660972674132e-02 -9.586175847320493659e+00
1.582000000000000000e+03 3.861454470023554677e+02 1.955423870982666656e+01 6.560295589238382408e-02 -9.947904490555806944e+00
1.583000000000000000e+03 3.849824350526108105e+02 1.955392760878405767e+01 6.553900825771308281e-02 -1.030991620281643861e+01
1.584000000000000000e+03 3.838502525567507178e+02 1.955157226570618079e+01 6.547545672878669898e-02 -1.067203977736737208e+01
1.585000000000000000e+03 3.827484854302132931e+02 1.954705495491110057e+01 6.541230416940074788e-02 -1.103411136417022576e+01
1.586000000000000000e+03 3.816782084226658185e+02 1.954048054628799491e+01 6.534955328450661738e-02 -1.139598187921234107e+01
1.587000000000000000e+03 3.806382709246717582e+02 1.953180508761629142e+01 6.528720662048849432e-02 -1.175745755878055476e+01
1.588000000000000000e+03 3.796282682898792586e+02 1.952098437151694910e+01 6.522526656533422784e-02 -1.211836308161873887e+01
1.589000000000000000e+03 3.786485418173981543e+02 1.950812250251803093e+01 6.516373534869802919e-02 -1.247852520784985231e+01
1.590000000000000000e+03 3.776986930643980145e+02 1.949317476321957443e+01 6.510261504185144155e-02 -1.283776161786275338e+01
1.591000000000000000e+03 3.767783266640217334e+02 1.947617046508983307e+01 6.504190755746989960e-02 -1.319589575055162278e+01
1.592000000000000000e+03 3.758877931434949460e+02 1.945706438186245890e+01 6.498161464936030862e-02 -1.355273821411292623e+01
1.593000000000000000e+03 3.750259604022787698e+02 1.943588531705683309e+01 6.492173791198886657e-02 -1.390812390960983791e+01
1.594000000000000000e+03 3.741931850354748690e+02 1.941266182110314986e+01 6.486227877999581337e-02 -1.426185778597569609e+01
1.595000000000000000e+03 3.733890838120555031e+02 1.938734790857944645e+01 6.480323852748895441e-02 -1.461375939222934583e+01
1.596000000000000000e+03 3.726125336580840894e+02 1.936004590956957827e+01 6.474461826729804859e-02 -1.496364057469811115e+01
1.597000000000000000e+03 3.718646429798558302e+02 1.933070933661390356e+01 6.468641895012527954e-02 -1.531132031615806177e+01
1.598000000000000000e+03 3.711442946365050375e+02 1.929936573628682694e+01 6.462864136358829892e-02 -1.565660986174522407e+01
1.599000000000000000e+03 3.704503744274432506e+02 1.926604240687257530e+01 6.457128613121082550e-02 -1.599932013009531495e+01
1.600000000000000000e+03 3.697847424143126887e+02 1.923069211614836860e+01 6.451435371131301888e-02 -1.633926912466698411e+01
1.601000000000000000e+03 3.691448392133293055e+02 1.919341473001433584e+01 6.445784439586349501e-02 -1.667629802962472141e+01
1.602000000000000000e+03 3.685312183101131041e+02 1.915415641017236581e+01 6.440175830932641510e-02 -1.701031210300766361e+01
1.603000000000000000e+03 3.679437278800158424e+02 1.911286185253932501e+01 6.434609540743450873e-02 -1.734122489377332954e+01
1.604000000000000000e+03 3.673822189403232414e+02 1.906969836272649488e+01 6.429085547598724359e-02 -1.766895696953891459e+01
1.605000000000000000e+03 3.668465453276544395e+02 1.902453587332578167e+01 6.423603812965840432e-02 -1.799345818560396282e+01
1.606000000000000000e+03 3.663358208390509958e+02 1.897746693033045418e+01 6.418164281082672229e-02 -1.831460367223406749e+01
1.607000000000000000e+03 3.658506477117515487e+02 1.892843527762400768e+01 6.412766878845022056e-02 -1.863226810257107857e+01
1.608000000000000000e+03 3.653901452562488998e+02 1.887745870958551819e+01 6.407411515697361559e-02 -1.894649652932178796e+01
1.609000000000000000e+03 3.649541783328569977e+02 1.882455478978002716e+01 6.402098083539763118e-02 -1.925703638355550495e+01
1.610000000000000000e+03 3.645426144863933473e+02 1.876981513674727253e+01 6.396826456637877412e-02 -1.956393172782236789e+01
1.611000000000000000e+03 3.641553239139905145e+02 1.871333114287726218e+01 6.391596491545682712e-02 -1.986692897347167275e+01
1.612000000000000000e+03 3.637921794309068559e+02 1.865497112637087085e+01 6.386408027045034630e-02 -2.016607113425489572e+01
1.613000000000000000e+03 3.634523135992150742e+02 1.859482603481139407e+01 6.381260884098481634e-02 -2.046117782764072501e+01
1.614000000000000000e+03 3.631356043593815457e+02 1.853298659730035070e+01 6.376154865817229567e-02 -2.075214239491181090e+01
1.615000000000000000e+03 3.628419321545096636e+02 1.846946904368323317e+01 6.371089757453436697e-02 -2.103893188751051113e+01
1.616000000000000000e+03 3.625711798872812892e+02 1.840421510736110733e+01 6.366065326403994029e-02 -2.132151277014582291e+01
1.617000000000000000e+03 3.623224900394930046e+02 1.833724059518871385e+01 6.361081322244999114e-02 -2.159970234066616612e+01
1.618000000000000000e+03 3.620957502942446240e+02 1.826863539044741103e+01 6.356137476780006346e-02 -2.187346585122032394e+01
1.619000000000000000e+03 3.618901078155776645e+02 1.819834060538863341e+01 6.351233504121275852e-02 -2.214276792868114185e+01
1.620000000000000000e+03 3.617054548657482087e+02 1.812652000187377510e+01 6.346369100785739792e-02 -2.240742399535164964e+01
1.621000000000000000e+03 3.615416859149584070e+02 1.805296572655608145e+01 6.341543945826383366e-02 -2.266754595797836558e+01
1.622000000000000000e+03 3.613979547486335377e+02 1.797791543268293779e+01 6.336757700982803554e-02 -2.292287364451884812e+01
1.623000000000000000e+03 3.612741600773489949e+02 1.790130944841691019e+01 6.332010010858972471e-02 -2.317344334425068553e+01
1.624000000000000000e+03 3.611694598042711277e+02 1.782316219776359034e+01 6.327300503134303256e-02 -2.341906781214154876e+01
1.625000000000000000e+03 3.610837566303702602e+02 1.774356220405482532e+01 6.322628788792891696e-02 -2.365978195905726977e+01
1.626000000000000000e+03 3.610169551522982943e+02 1.766259780999551410e+01 6.317994462387549470e-02 -2.389547142375274547e+01
1.627000000000000000e+03 3.609674761230655236e+02 1.758013433076980903e+01 6.313397102326168131e-02 -2.412602112969491586e+01
1.628000000000000000e+03 3.609359705558134124e+02 1.749633404223516919e+01 6.308836271185029598e-02 -2.435131527520000461e+01
1.629000000000000000e+03 3.609216054753671301e+02 1.741121048364504986e+01 6.304311516050151165e-02 -2.457146017440176067e+01
1.630000000000000000e+03 3.609235495131151197e+02 1.732470274494869145e+01 6.299822368879265388e-02 -2.478618998002017904e+01
1.631000000000000000e+03 3.609417156651479104e+02 1.723697260465636916e+01 6.295368346893895350e-02 -2.499560950950738203e+01
1.632000000000000000e+03 3.609752755437509109e+02 1.714795883273613342e+01 6.290948952987701626e-02 -2.519952568498242584e+01
1.633000000000000000e+03 3.610234021325534854e+02 1.705774861209279436e+01 6.286563676164851067e-02 -2.539796750954660354e+01
1.634000000000000000e+03 3.610867553754470691e+02 1.696635469208041869e+01 6.282211991987884936e-02 -2.559081464191310573e+01
1.635000000000000000e+03 3.611637679192413088e+02 1.687371539257400599e+01 6.277893363052045039e-02 -2.577809452290761527e+01
1.636000000000000000e+03 3.612536163706363368e+02 1.677999174210157918e+01 6.273607239475209596e-02 -2.595961095079843872e+01
1.637000000000000000e+03 3.613569640473898517e+02 1.668527034800507991e+01 6.269353059399719597e-02 -2.613546405901234237e+01
1.638000000000000000e+03 3.614722467187929738e+02 1.658941483365362757e+01 6.265130249509527627e-02 -2.630545604167192764e+01
1.639000000000000000e+03 3.615993866960422451e+02 1.649258582722514888e+01 6.260938225559152526e-02 -2.646961113203301252e+01
1.640000000000000000e+03 3.617375642422471742e+02 1.639486954850248068e+01 6.256776392908644513e-02 -2.662795274626242303e+01
1.641000000000000000e+03 3.618859603225662340e+02 1.629627781322491842e+01 6.252644147068232849e-02 -2.678028062758431105e+01
1.642000000000000000e+03 3.620444993545593206e+02 1.619682232098376318e+01 6.248540874246701765e-02 -2.692661654232014712e+01
1.643000000000000000e+03 3.622123634538695569e+02 1.609658894315797184e+01 6.244465951899005884e-02 -2.706698142477979374e+01
1.644000000000000000e+03 3.623894780205931170e+02 1.599566344388339445e+01 6.240418749279937061e-02 -2.720124680603129974e+01
1.645000000000000000e+03 3.625742831512918087e+02 1.589398291755667003e+01 6.236398627986914495e-02 -2.732935766056104754e+01
1.646000000000000000e+03 3.627667048971196664e+02 1.579155864388724240e+01 6.232404942509560397e-02 -2.745140668630916636e+01
1.647000000000000000e+03 3.629659266778800770e+02 1.568862465948113005e+01 6.228437040761037463e-02 -2.756726288407111269e+01
1.648000000000000000e+03 3.631711320374454317e+02 1.558504349443235171e+01 6.224494264609552185e-02 -2.767686868880511497e+01
1.649000000000000000e+03 3.633822474005867207e+02 1.548090044498552587e+01 6.220575950393020942e-02 -2.778023996731337775e+01
1.650000000000000000e+03 3.635977134912498059e+02 1.537620644419808436e+01 6.216681429427844963e-02 -2.787731744930328759e+01
1.651000000000000000e+03 3.638175172514976907e+02 1.527111661956177358e+01 6.212810028494614861e-02 -2.796811718130305735e+01
1.652000000000000000e+03 3.640418880597258635e+02 1.516562027096031962e+01 6.208961070316807579e-02 -2.805266190737346932e+01
1.653000000000000000e+03 3.642688871928268668e+02 1.505970233518529078e+01 6.205133874012762341e-02 -2.813090111945205507e+01
1.654000000000000000e+03 3.645002897832397935e+02 1.495334768829740391e+01 6.201327755536219927e-02 -2.820278345200576453e+01
1.655000000000000000e+03 3.647341564014129744e+02 1.484668971742804899e+01 6.197542028092550837e-02 -2.826840524903022356e+01
1.656000000000000000e+03 3.649700328357951093e+02 1.473971319158570203e+01 6.193776002535973657e-02 -2.832778771392078454e+01
1.657000000000000000e+03 3.652089500297967106e+02 1.463247711699794706e+01 6.190028987740415350e-02 -2.838080262673210541e+01
1.658000000000000000e+03 3.654497098458006121e+02 1.452489189145486570e+01 6.186300290952310987e-02 -2.842754376283461326e+01
1.659000000000000000e+03 3.656925991816083865e+02 1.441709072668688840e+01 6.182589218119903529e-02 -2.846802976042901534e+01
1.660000000000000000e+03 3.659364185738461970e+02 1.430913251923293927e+01 6.178895074191198544e-02 -2.850227840595183082e+01
1.661000000000000000e+03 3.661814534837371298e+02 1.420092757182666610e+01 6.175217163399722431e-02 -2.853030663635513164e+01
1.662000000000000000e+03 3.664265029048081033e+02 1.409260901580663194e+01 6.171554789519489298e-02 -2.855205625825768223e+01
1.663000000000000000e+03 3.666725934879111151e+02 1.398416139850828444e+01 6.167907256096341606e-02 -2.856769108498022192e+01
1.664000000000000000e+03 3.669185224829978438e+02 1.387564353868073219e+01 6.164273866660927026e-02 -2.857715123892437603e+01
1.665000000000000000e+03 3.671638290331007397e+02 1.376703996439377775e+01 6.160653924913851720e-02 -2.858037600583964277e+01
1.666000000000000000e+03 3.674080512950605453e+02 1.365833520145302238e+01 6.157046734895918472e-02 -2.857752668945259700e+01
1.667000000000000000e+03 3.676514692320776589e+02 1.354973662881852192e+01 6.153451601133184262e-02 -2.856861519843472408e+01
1.668000000000000000e+03 3.678936189028570993e+02 1.344108021549214804e+01 6.149867828766666239e-02 -2.855357833474021234e+01
1.669000000000000000e+03 3.681332924223543728e+02 1.333242479343904918e+01 6.146294723660109677e-02 -2.853250064929964225e+01
1.670000000000000000e+03 3.683707664290229786e+02 1.322390349547589672e+01 6.142731592497074899e-02 -2.850539159704550585e+01
1.671000000000000000e+03 3.686055735432060487e+02 1.311542662614355592e+01 6.139177742861556819e-02 -2.847233410979249157e+01
1.672000000000000000e+03 3.688372451667859195e+02 1.300712736759200716e+01 6.135632483303743445e-02 -2.843333603544586197e+01
1.673000000000000000e+03 3.690653114488207507e+02 1.289899036692246703e+01 6.132095123399262937e-02 -2.838855299505537388e+01
1.674000000000000000e+03 3.692900440870762964e+02 1.279107459153196480e+01 6.128564973795990606e-02 -2.833791697217754901e+01
1.675000000000000000e+03 3.695102277901769980e+02 1.268343905042788755e+01 6.125041346258520980e-02 -2.828158202108893704e+01
1.676000000000000000e+03 3.697261315855038220e+02 1.257614279902257159e+01 6.121523553703542286e-02 -2.821962714029252695e+01
1.677000000000000000e+03 3.699372802823410780e+02 1.246924494390303551e+01 6.118010910236435645e-02 -2.815205628034704333e+01
1.678000000000000000e+03 3.701439401104266267e+02 1.236265608056831766e+01 6.114502731185592760e-02 -2.807894691900909834e+01
1.679000000000000000e+03 3.703441473484877520e+02 1.225650971565450220e+01 6.110998333139284339e-02 -2.800037578616982969e+01
1.680000000000000000e+03 3.705381653030259486e+02 1.215086513760493681e+01 6.107497033986759860e-02 -2.791634458908817962e+01
1.681000000000000000e+03 3.707269986067686887e+02 1.204563313781315159e+01 6.103998152966841340e-02 -2.782700287192518829e+01
1.682000000000000000e+03 3.709079361767638829e+02 1.194094743274355963e+01 6.100501010717990918e-02 -2.773242517454853129e+01
1.683000000000000000e+03 3.710819795325027712e+02 1.183679325098737323e+01 6.097004929350072905e-02 -2.763253675862140213e+01
1.684000000000000000e+03 3.712486429181379890e+02 1.173315590479385406e+01 6.093509232516099855e-02 -2.752755931848270876e+01
1.685000000000000000e+03 3.714074389393539377e+02 1.163016936155698033e+01 6.090013245504216632e-02 -2.741749100676238271e+01
1.686000000000000000e+03 3.715578785295284092e+02 1.152781911424000150e+01 6.086516295344594069e-02 -2.730240357878601287e+01
1.687000000000000000e+03 3.716994709151654206e+02 1.142609075276566521e+01 6.083017710927381833e-02 -2.718251668672788313e+01
1.688000000000000000e+03 3.718324664155652499e+02 1.132511853535454449e+01 6.079516823145198617e-02 -2.705782647299875876e+01
1.689000000000000000e+03 3.719563707365871323e+02 1.122481397529182878e+01 6.076012965050792830e-02 -2.692840271540019259e+01
1.690000000000000000e+03 3.720699449335994018e+02 1.112538582966764800e+01 6.072505472035644863e-02 -2.679438883850640707e+01
1.691000000000000000e+03 3.721734338786270087e+02 1.102674583552135701e+01 6.068993682025503739e-02 -2.665585335827315916e+01
1.692000000000000000e+03 3.722670805514939047e+02 1.092895441495983277e+01 6.065476935704795097e-02 -2.651286417737969359e+01
1.693000000000000000e+03 3.723488974950771535e+02 1.083199782869045613e+01 6.061954576752181384e-02 -2.636563716429293081e+01
1.694000000000000000e+03 3.724206094550002604e+02 1.073601103050389405e+01 6.058425952105003093e-02 -2.621409046452529168e+01
1.695000000000000000e+03 3.724794821530607578e+02 1.064098053717235715e+01 6.054890412243910808e-02 -2.605843878113499557e+01
1.696000000000000000e+03 3.725272362655020402e+02 1.054681871579130714e+01 6.051347311495147013e-02 -2.589874768639310787e+01
1.697000000000000000e+03 3.725626190300764620e+02 1.045373520506021947e+01 6.047796008353870795e-02 -2.573515648516832499e+01
1.698000000000000000e+03 3.725843755428888926e+02 1.036164265095801440e+01 6.044235865832388310e-02 -2.556765537748650985e+01
1.699000000000000000e+03 3.725934772197454663e+02 1.027060241137904306e+01 6.040666251820952376e-02 -2.539653117279598504e+01
1.700000000000000000e+03 3.725894075769456890e+02 1.018075027617533834e+01 6.037086539468319857e-02 -2.522177303537543835e+01
1.701000000000000000e+03 3.725716769497001337e+02 1.009192186525269896e+01 6.033496107577118045e-02 -2.504358062791339634e+01
1.702000000000000000e+03 3.725399097257622429e+02 1.000431161990562323e+01 6.029894341020943654e-02 -2.486195714414858671e+01
1.703000000000000000e+03 3.724944998580544961e+02 9.917962385181882112e+00 6.026280631164721013e-02 -2.467711630391876199e+01
1.704000000000000000e+03 3.724350960577846763e+02 9.832694317463127831e+00 6.022654376302682966e-02 -2.448904852076097782e+01
1.705000000000000000e+03 3.723620874207094289e+02 9.748773439128797236e+00 6.019014982101263123e-02 -2.429781805014708240e+01
1.706000000000000000e+03 3.722743748788078051e+02 9.666020239582863383e+00 6.015361862057359149e-02 -2.410356300385095807e+01
1.707000000000000000e+03 3.721723424978374055e+02 9.584478229747503519e+00 6.011694437953027381e-02 -2.390619823044130854e+01
1.708000000000000000e+03 3.720556289305998803e+02 9.504265377942511250e+00 6.008012140317334215e-02 -2.370593531443185498e+01
1.709000000000000000e+03 3.719253558814192502e+02 9.425276978672131989e+00 6.004314408887460180e-02 -2.350276260652024618e+01
1.710000000000000000e+03 3.717796710566374259e+02 9.347631356348387044e+00 6.000600693070000380e-02 -2.329674237247234458e+01
1.711000000000000000e+03 3.716196908068801577e+02 9.271224166895200014e+00 5.996870452394353207e-02 -2.308801080810847139e+01
1.712000000000000000e+03 3.714443002455456053e+02 9.196099817790056363e+00 5.993123156965042553e-02 -2.287662948739044921e+01
1.713000000000000000e+03 3.712538673893619716e+02 9.122302903497718773e+00 5.989358287899122085e-02 -2.266265966111624763e+01
1.714000000000000000e+03 3.710487574557085395e+02 9.049803924315334314e+00 5.985575337754914238e-02 -2.244608798870348920e+01
1.715000000000000000e+03 3.708285899970601918e+02 8.978647855633607122e+00 5.981773810949280595e-02 -2.222719797107599504e+01
1.716000000000000000e+03 3.705937245427597304e+02 8.908879866598580222e+00 5.977953224153523260e-02 -2.200597569809976051e+01
1.717000000000000000e+03 3.703430320680624277e+02 8.840471038681309679e+00 5.974113106676499918e-02 -2.178248128162721287e+01
1.718000000000000000e+03 3.700768663108881924e+02 8.773392651160135003e+00 5.970253000822958733e-02 -2.155692315460152741e+01
1.719000000000000000e+03 3.697963209161023883e+02 8.707690466510385363e+00 5.966372462235089436e-02 -2.132921238570696332e+01
1.720000000000000000e+03 3.694995152424642697e+02 8.643336165194009268e+00 5.962471060205842832e-02 -2.109963124661445377e+01
1.721000000000000000e+03 3.691882798627884199e+02 8.580450197868993101e+00 5.958548377967502058e-02 -2.086816467623366833e+01
1.722000000000000000e+03 3.688614710366036320e+02 8.518930369486152898e+00 5.954604012952242897e-02 -2.063494599754783820e+01
1.723000000000000000e+03 3.685186848761779856e+02 8.458897541820784127e+00 5.950637577030763042e-02 -2.040018264997026520e+01
1.724000000000000000e+03 3.681617430105384301e+02 8.400249933881941189e+00 5.946648696712161786e-02 -2.016378478772366023e+01
1.725000000000000000e+03 3.677887499023478313e+02 8.343034540756873341e+00 5.942637013319058276e-02 -1.992603384728105809e+01
1.726000000000000000e+03 3.674000355283093313e+02 8.287224284343389868e+00 5.938602183131900386e-02 -1.968691401178219280e+01
1.727000000000000000e+03 3.669966697124555139e+02 8.232940865005378583e+00 5.934543877501812642e-02 -1.944655792800116245e+01
1.728000000000000000e+03 3.665774907925072057e+02 8.180009061614327948e+00 5.930461782929099396e-02 -1.920509815530187581e+01
1.729000000000000000e+03 3.661428198045521185e+02 8.128625284037061860e+00 5.926355601113096616e-02 -1.896266718159967724e+01
1.730000000000000000e+03 3.656929748255964228e+02 8.078689022487630211e+00 5.922225048968169508e-02 -1.871924887231270063e+01
1.731000000000000000e+03 3.652275281541295158e+02 8.030174265823617930e+00 5.918069858612953066e-02 -1.847504990381927570e+01
1.732000000000000000e+03 3.647467919986769402e+02 7.983129502239880715e+00 5.913889777322733216e-02 -1.823012836187198005e+01
1.733000000000000000e+03 3.642503328290725335e+02 7.937603436369961685e+00 5.909684567459447257e-02 -1.798461660800724005e+01
1.734000000000000000e+03 3.637384570705487477e+02 7.893496422795721834e+00 5.905454006370345482e-02 -1.773857272841118871e+01
1.735000000000000000e+03 3.632107254603216120e+02 7.850857600483105436e+00 5.901197886255092617e-02 -1.749220340026029419e+01
1.736000000000000000e+03 3.626689244167919810e+02 7.809736326114324001e+00 5.896916014017781343e-02 -1.724564105700277850e+01
1.737000000000000000e+03 3.621118662257944152e+02 7.770107890834644593e+00 5.892608211081611785e-02 -1.699894390409658840e+01
1.738000000000000000e+03 3.615398460843391035e+02 7.731947803916424888e+00 5.888274313195728665e-02 -1.675239306869997336e+01
1.739000000000000000e+03 3.609531564661601237e+02 7.695306076336105860e+00 5.883914170211249767e-02 -1.650597263077037979e+01
1.740000000000000000e+03 3.603520871591491641e+02 7.660158653756944602e+00 5.879527645841751970e-02 -1.625988962312779407e+01
1.741000000000000000e+03 3.597369253044458333e+02 7.626481699932923242e+00 5.875114617409415985e-02 -1.601420262941062944e+01
1.742000000000000000e+03 3.591072126019796542e+02 7.594325880026808306e+00 5.870674975578796251e-02 -1.576919321697280374e+01
1.743000000000000000e+03 3.584632310223734066e+02 7.563593509832777784e+00 5.866208624072523359e-02 -1.552477168415772901e+01
1.744000000000000000e+03 3.578045171798478918e+02 7.534409972933958421e+00 5.861715479388790451e-02 -1.528114562701775014e+01
1.745000000000000000e+03 3.571328337161838817e+02 7.506678019247895683e+00 5.857195470500166368e-02 -1.503844853689475158e+01
1.746000000000000000e+03 3.564462266651058258e+02 7.480449182015215470e+00 5.852648538559235281e-02 -1.479681409890569022e+01
1.747000000000000000e+03 3.557457110126222233e+02 7.455626643181971325e+00 5.848074636595922832e-02 -1.455622763980372980e+01
1.748000000000000000e+03 3.550322994023901515e+02 7.432336650221016860e+00 5.843473729217481261e-02 -1.431704612723861381e+01
1.749000000000000000e+03 3.543040308412488457e+02 7.410482814342773672e+00 5.838845792310826815e-02 -1.407918106584239126e+01
1.750000000000000000e+03 3.535633990951016585e+02 7.390043243648218407e+00 5.834190812753955319e-02 -1.384291563023388960e+01
1.751000000000000000e+03 3.528091595860047391e+02 7.371071154897790301e+00 5.829508788130980529e-02 -1.360829743691432903e+01
1.752000000000000000e+03 3.520422062282111710e+02 7.353548143609720533e+00 5.824799726458756988e-02 -1.337547105270854964e+01
1.753000000000000000e+03 3.512626660220344661e+02 7.337456628334778408e+00 5.820063645922619183e-02 -1.314441979804262139e+01
1.754000000000000000e+03 3.504699210610102682e+02 7.322779236763597766e+00 5.815300574632036035e-02 -1.291520158573971422e+01
1.755000000000000000e+03 3.496640942452809782e+02 7.309573087963856075e+00 5.810510550385040995e-02 -1.268794893472217211e+01
1.756000000000000000e+03 3.488460493240926326e+02 7.297746940526794290e+00 5.805693620454856901e-02 -1.246257184953019959e+01
1.757000000000000000e+03 3.480151624322815564e+02 7.287358325151047644e+00 5.800849841387505090e-02 -1.223927781818866478e+01
1.758000000000000000e+03 3.471715506358965513e+02 7.278316409126552422e+00 5.795979278826528247e-02 -1.201805184085382017e+01
1.759000000000000000e+03 3.463153291366375583e+02 7.270723698860469320e+00 5.791082007353436090e-02 -1.179895357679652967e+01
1.760000000000000000e+03 3.454473541452123868e+02 7.264497192349798738e+00 5.786158110350999445e-02 -1.158196879017387992e+01
1.761000000000000000e+03 3.445669944134234584e+02 7.259635798047075816e+00 5.781207679885044110e-02 -1.136723221311115140e+01
1.762000000000000000e+03 3.436743597752179085e+02 7.256138621186057236e+00 5.776230816611629265e-02 -1.115473042405869819e+01
1.763000000000000000e+03 3.427703011814697334e+02 7.253990105181945758e+00 5.771227629703049034e-02 -1.094467327745840812e+01
1.764000000000000000e+03 3.418541822285086482e+02 7.253174886355269635e+00 5.766198236800534199e-02 -1.073697393116209575e+01
1.765000000000000000e+03 3.409275933656967936e+02 7.253692648579121105e+00 5.761142763978537723e-02 -1.053169455915907449e+01
1.766000000000000000e+03 3.399898949166217790e+02 7.255528407748621511e+00 5.756061345739263424e-02 -1.032904636306073698e+01
1.767000000000000000e+03 3.390411884494885157e+02 7.258659937926039696e+00 5.750954125025295460e-02 -1.012894388233718601e+01
1.768000000000000000e+03 3.380823168064314359e+02 7.263087482461817679e+00 5.745821253242682641e-02 -9.931524989848650620e+00
1.769000000000000000e+03 3.371133784618811546e+02 7.268789181538674704e+00 5.740662890313149441e-02 -9.736779485104952059e+00
1.770000000000000000e+03 3.361344703852087150e+02 7.275750783144736999e+00 5.735479204736844416e-02 -9.544846238800866800e+00
1.771000000000000000e+03 3.351456880676538503e+02 7.283958212222678696e+00 5.730270373665848072e-02 -9.355790352583392533e+00
1.772000000000000000e+03 3.341471255486839596e+02 7.293382711396576568e+00 5.725036582998761781e-02 -9.169528885569175003e+00
1.773000000000000000e+03 3.331396182769332199e+02 7.304010551729239076e+00 5.719778027482092658e-02 -8.986202281618353993e+00
1.774000000000000000e+03 3.321225146307349405e+02 7.315828173307937554e+00 5.714494910820847734e-02 -8.805877244823488326e+00
1.775000000000000000e+03 3.310973901186883950e+02 7.328814754111245833e+00 5.709187445791975152e-02 -8.628546748742493833e+00
1.776000000000000000e+03 3.300628475599078797e+02 7.342957063858493783e+00 5.703855854372825995e-02 -8.454352895869780227e+00
1.777000000000000000e+03 3.290204597897800909e+02 7.358227176041086892e+00 5.698500367862005533e-02 -8.283215508814675943e+00
1.778000000000000000e+03 3.279703126756591018e+02 7.374604749989538632e+00 5.693121227004390578e-02 -8.115277839731758647e+00
1.779000000000000000e+03 3.269117479781777433e+02 7.392069599474901054e+00 5.687718682116108676e-02 -7.950535160945059410e+00
1.780000000000000000e+03 3.258463347182300254e+02 7.410601689597309694e+00 5.682292993200666054e-02 -7.789131906813492101e+00
1.781000000000000000e+03 3.247734121944514527e+02 7.430173705262343553e+00 5.676844430062581714e-02 -7.630990263789838579e+00
1.782000000000000000e+03 3.236938041868710911e+02 7.450773332998035237e+00 5.671373272406964733e-02 -7.476330162223563391e+00
1.783000000000000000e+03 3.226075904814033493e+02 7.472373544261134981e+00 5.665879809933164341e-02 -7.325000731835095813e+00
1.784000000000000000e+03 3.215155925706435482e+02 7.494940020437328876e+00 5.660364342410521138e-02 -7.177148859944662895e+00
1.785000000000000000e+03 3.204171451808450115e+02 7.518460862836431779e+00 5.654827179740627707e-02 -7.032847780373661983e+00
1.786000000000000000e+03 3.193138104805254329e+02 7.542902019131016544e+00 5.649268642003586749e-02 -6.892022796061984202e+00
1.787000000000000000e+03 3.182056639403637632e+02 7.568236993245285760e+00 5.643689059480838655e-02 -6.754896985907230089e+00
1.788000000000000000e+03 3.170920372048859690e+02 7.594446841792382052e+00 5.638088772659428233e-02 -6.621322658769373426e+00
1.789000000000000000e+03 3.159744894709543246e+02 7.621497885412312989e+00 5.632468132213665907e-02 -6.491524193724746539e+00
1.790000000000000000e+03 3.148530933528337528e+02 7.649363990164620652e+00 5.626827498963134916e-02 -6.365355209970751105e+00
1.791000000000000000e+03 3.137271777592729336e+02 7.678026563825498307e+00 5.621167243805639396e-02 -6.242967122977951533e+00
1.792000000000000000e+03 3.125982992775691969e+02 7.707437410390888033e+00 5.615487747621375481e-02 -6.124363447803728100e+00
1.793000000000000000e+03 3.114665280443518895e+02 7.737578153092028899e+00 5.609789401155466232e-02 -6.009622653627041622e+00
1.794000000000000000e+03 3.103311906284731663e+02 7.768408232118662049e+00 5.604072604867590263e-02 -5.898749600468699228e+00
1.795000000000000000e+03 3.091938414209320172e+02 7.799916899209104137e+00 5.598337768758489263e-02 -5.791749826117058575e+00
1.796000000000000000e+03 3.080538056764916632e+02 7.832056358601980683e+00 5.592585312165902767e-02 -5.688629549248783057e+00
1.797000000000000000e+03 3.069126365775086356e+02 7.864801189909953472e+00 5.586815663534600018e-02 -5.589544239252343338e+00
1.798000000000000000e+03 3.057696582793256539e+02 7.898111202410210474e+00 5.581029260157275435e-02 -5.494501484734248820e+00
1.799000000000000000e+03 3.046264229777659693e+02 7.931968572809595663e+00 5.575226547891857370e-02 -5.403360995733369698e+00
1.800000000000000000e+03 3.034822539580522971e+02 7.966325842781252220e+00 5.569407980849185730e-02 -5.316354590151180837e+00
1.801000000000000000e+03 3.023386582820583044e+02 8.001161234270545819e+00 5.563574021055705393e-02 -5.233407663299358248e+00
1.802000000000000000e+03 3.011954795246183494e+02 8.036458894705480915e+00 5.557725138098273954e-02 -5.154547520251234971e+00
1.803000000000000000e+03 3.000525166579921574e+02 8.072198930254360860e+00 5.551861808741159060e-02 -5.079799608173417802e+00
1.804000000000000000e+03 2.989103113353847334e+02 8.108368937545678889e+00 5.545984516521162977e-02 -5.009160355828776723e+00
1.805000000000000000e+03 2.977694051219452831e+02 8.144949142861841906e+00 5.540093751327569704e-02 -4.942619459042087549e+00
1.806000000000000000e+03 2.966295967267402602e+02 8.181927254721752973e+00 5.534190008966041047e-02 -4.880182165868744981e+00
1.807000000000000000e+03 2.954906849055844873e+02 8.219283603052581100e+00 5.528273790698161327e-02 -4.821839563016147245e+00
1.808000000000000000e+03 2.943532113645090931e+02 8.256998563404463809e+00 5.522345602782896545e-02 -4.767590860422447285e+00
1.809000000000000000e+03 2.932169751586125699e+02 8.295059981159777607e+00 5.516405955992793875e-02 -4.717443390491505184e+00
1.810000000000000000e+03 2.920825184312860188e+02 8.333448310688215344e+00 5.510455365131813887e-02 -4.671390321985477101e+00
1.811000000000000000e+03 2.909496408134238550e+02 8.372144039551359995e+00 5.504494348538997023e-02 -4.629418087028380313e+00
1.812000000000000000e+03 2.898188851626292148e+02 8.411120256007508900e+00 5.498523427597713786e-02 -4.591506379470941646e+00
1.813000000000000000e+03 2.886900519620231194e+02 8.450372358270632489e+00 5.492543126234988859e-02 -4.557650438019511085e+00
1.814000000000000000e+03 2.875636850586639071e+02 8.489873480271601380e+00 5.486553970429459970e-02 -4.527838758978471212e+00
1.815000000000000000e+03 2.864403288962133729e+02 8.529604200928773139e+00 5.480556487716840147e-02 -4.502053093760326696e+00
1.816000000000000000e+03 2.853197857467378640e+02 8.569545111675946458e+00 5.474551206707779782e-02 -4.480275874464900276e+00
1.817000000000000000e+03 2.842026014465353114e+02 8.609676812351203523e+00 5.468538656608210036e-02 -4.462505067529634495e+00
1.818000000000000000e+03 2.830885797906399830e+02 8.649979907098053644e+00 5.462519366755687333e-02 -4.448709600300836620e+00
1.819000000000000000e+03 2.819782682660322166e+02 8.690427571930538164e+00 5.456493866165201823e-02 -4.438866499182855918e+00
1.820000000000000000e+03 2.808714724431967511e+02 8.731000407364881255e+00 5.450462683093779820e-02 -4.432953457413084664e+00
1.821000000000000000e+03 2.797687417060751045e+02 8.771641864266744193e+00 5.444426344616621477e-02 -4.430948830916874748e+00
1.822000000000000000e+03 2.786706264751003914e+02 8.812421663524517612e+00 5.438385376230002455e-02 -4.432824205544347862e+00
1.823000000000000000e+03 2.775761925932326903e+02 8.853253514728427476e+00 5.432340301464300136e-02 -4.438566677442704389e+00
1.824000000000000000e+03 2.764859927200593575e+02 8.894073392587261040e+00 5.426291641529472354e-02 -4.448149134713867525e+00
1.825000000000000000e+03 2.754013235485787163e+02 8.934891531414525190e+00 5.420239914979811668e-02 -4.461522823862652309e+00
1.826000000000000000e+03 2.743212545146323009e+02 8.975792421188021564e+00 5.414185637398763462e-02 -4.478661914439025615e+00
1.827000000000000000e+03 2.732463420192123067e+02 9.016563386123252144e+00 5.408129321116229155e-02 -4.499511494872321826e+00
1.828000000000000000e+03 2.721771438031857997e+02 9.057288848807173665e+00 5.402071474946116419e-02 -4.524032136606778387e+00
1.829000000000000000e+03 2.711142189896197010e+02 9.097978908828453726e+00 5.396012603951929471e-02 -4.552192459536335001e+00
1.830000000000000000e+03 2.700566424535793999e+02 9.138569338950460974e+00 5.389953209242150101e-02 -4.583954268843160484e+00
1.831000000000000000e+03 2.690064618696405319e+02 9.178995864818222827e+00 5.383893787788016777e-02 -4.619265119943602116e+00
1.832000000000000000e+03 2.679627550665697981e+02 9.219268444697982900e+00 5.377834832269699078e-02 -4.658080596595472578e+00
1.833000000000000000e+03 2.669260870698943791e+02 9.259322698742948887e+00 5.371776830946067144e-02 -4.700356875367955212e+00
1.834000000000000000e+03 2.658962816268219740e+02 9.299242755806290006e+00 5.365720267555369044e-02 -4.746035861528354438e+00
1.835000000000000000e+03 2.648739069039108358e+02 9.338889832269982705e+00 5.359665621235112920e-02 -4.795074894800739784e+00
1.836000000000000000e+03 2.638595326773556735e+02 9.378273645935506053e+00 5.353613366467141477e-02 -4.847417028096810299e+00
1.837000000000000000e+03 2.628522446860168316e+02 9.417403845434829890e+00 5.347563973046369490e-02 -4.903020732826392170e+00
1.838000000000000000e+03 2.618533588274834187e+02 9.456215723182708643e+00 5.341517906069644800e-02 -4.961830177187596114e+00
1.839000000000000000e+03 2.608619641668237250e+02 9.494718778876256593e+00 5.335475625942685818e-02 -5.023790074343857270e+00
1.840000000000000000e+03 2.598793799637102211e+02 9.532848149025145545e+00 5.329437588408286047e-02 -5.088830816989283079e+00
1.841000000000000000e+03 2.589054415124680304e+02 9.570613170533460945e+00 5.323404244586268236e-02 -5.156890753458894139e+00
1.842000000000000000e+03 2.579399858256270477e+02 9.607874526811531979e+00 5.317376041030010686e-02 -5.227901321885193298e+00
1.843000000000000000e+03 2.569843373159424686e+02 9.644789945453666746e+00 5.311353419796099873e-02 -5.301801897557697707e+00
1.844000000000000000e+03 2.560375936318530989e+02 9.681219926925210828e+00 5.305336818522195241e-02 -5.378532355038181834e+00
1.845000000000000000e+03 2.551003398419513815e+02 9.717099158827323890e+00 5.299326670511007864e-02 -5.458018201736434705e+00
1.846000000000000000e+03 2.541731627731924732e+02 9.752510796197812581e+00 5.293323404823912365e-02 -5.540200281403073745e+00
1.847000000000000000e+03 2.532566510182234651e+02 9.787389324346495556e+00 5.287327446374022466e-02 -5.625005050640529802e+00
1.848000000000000000e+03 2.523491664368607132e+02 9.821669122753421632e+00 5.281339216023800409e-02 -5.712351996990327585e+00
1.849000000000000000e+03 2.514527868422205756e+02 9.855358745513399299e+00 5.275359130680154496e-02 -5.802175913550791542e+00
1.850000000000000000e+03 2.505666204909560975e+02 9.888392351322776719e+00 5.269387603384534380e-02 -5.894397174977878073e+00
1.851000000000000000e+03 2.496912392461476031e+02 9.920780991496936707e+00 5.263425043400461745e-02 -5.988967283068330261e+00
1.852000000000000000e+03 2.488271213550188179e+02 9.952472211969684679e+00 5.257471856293689794e-02 -6.085842101164770312e+00
1.853000000000000000e+03 2.479732373410049320e+02 9.983564729036787710e+00 5.251528444000829604e-02 -6.184986312724837454e+00
1.854000000000000000e+03 2.471307880362880098e+02 1.001386000157077838e+01 5.245595204886673718e-02 -6.286357567174858829e+00
1.855000000000000000e+03 2.462994904118955333e+02 1.004353077979780196e+01 5.239672533793642006e-02 -6.389899040214744197e+00
1.856000000000000000e+03 2.454798060883218795e+02 1.007245255108491122e+01 5.233760822070721019e-02 -6.495583992441630983e+00
1.857000000000000000e+03 2.446707128364259631e+02 1.010072352182374722e+01 5.227860457591079757e-02 -6.603363759292852464e+00
1.858000000000000000e+03 2.438734187590444549e+02 1.012821891383913098e+01 5.221971824749327418e-02 -6.713190024369694697e+00
1.859000000000000000e+03 2.430869052879241963e+02 1.015496237938357638e+01 5.216095304442321806e-02 -6.825022235944678606e+00
1.860000000000000000e+03 2.423131270366398553e+02 1.018097743167370162e+01 5.210231274034489435e-02 -6.938812738307888139e+00
1.861000000000000000e+03 2.415495834587986224e+02 1.020628744249215814e+01 5.204380107295601687e-02 -7.054506759709524566e+00
1.862000000000000000e+03 2.407982328775454732e+02 1.023076707284602271e+01 5.198542174324863319e-02 -7.172049828554295736e+00
1.863000000000000000e+03 2.400588069803201563e+02 1.025451368820519349e+01 5.192717841453457772e-02 -7.291402617853608881e+00
1.864000000000000000e+03 2.393310393346993692e+02 1.027755022228190285e+01 5.186907471125461883e-02 -7.412511219489784864e+00
1.865000000000000000e+03 2.386146653999468015e+02 1.029967660787981565e+01 5.181111421756691426e-02 -7.535321988501214818e+00
1.866000000000000000e+03 2.379094225393278634e+02 1.032106404283371859e+01 5.175330047580151138e-02 -7.659781530592647769e+00
1.867000000000000000e+03 2.372165357032077111e+02 1.034166071997595182e+01 5.169563698464374468e-02 -7.785836689576973058e+00
1.868000000000000000e+03 2.365357461026856924e+02 1.036141467569794905e+01 5.163812719717542771e-02 -7.913412249703905665e+00
1.869000000000000000e+03 2.358660540589853554e+02 1.038034807157554695e+01 5.158077451869775426e-02 -8.042455493084480267e+00
1.870000000000000000e+03 2.352086903584756783e+02 1.039848290905885086e+01 5.152358230446069109e-02 -8.172899045212480118e+00
1.871000000000000000e+03 2.345634020929424253e+02 1.041576674423285276e+01 5.146655385716935455e-02 -8.304675718893326675e+00
1.872000000000000000e+03 2.339291955103900875e+02 1.043222125315714877e+01 5.140969242433336001e-02 -8.437725929784249956e+00
1.873000000000000000e+03 2.333073073711927066e+02 1.044786794677056818e+01 5.135300119559788740e-02 -8.571982826851398229e+00
1.874000000000000000e+03 2.326967479541572459e+02 1.046257960236686024e+01 5.129648329983173272e-02 -8.707379707851149675e+00
1.875000000000000000e+03 2.320987580829242916e+02 1.047645167966205371e+01 5.124014180223875059e-02 -8.843835149740121082e+00
1.876000000000000000e+03 2.315123521319777353e+02 1.048943090191198557e+01 5.118397970132154695e-02 -8.981282709171861001e+00
1.877000000000000000e+03 2.309380322177014477e+02 1.050161238862820845e+01 5.112799992582040681e-02 -9.119648624532814551e+00
1.878000000000000000e+03 2.303755597088683373e+02 1.051286823684803196e+01 5.107220533164637255e-02 -9.258859231376032284e+00
1.879000000000000000e+03 2.298246980767144976e+02 1.052321893750693071e+01 5.101659869875365544e-02 -9.398840949506990228e+00
1.880000000000000000e+03 2.292852129093295162e+02 1.053275909087392570e+01 5.096118272806744731e-02 -9.539520270077451514e+00
1.881000000000000000e+03 2.287583575952873218e+02 1.054128598805558781e+01 5.090596003841851153e-02 -9.680823742692819422e+00
1.882000000000000000e+03 2.282431591611452291e+02 1.054896816161417483e+01 5.085093316355445564e-02 -9.822670534188187474e+00
1.883000000000000000e+03 2.277393896230651649e+02 1.055575111672293609e+01 5.079610454918701001e-02 -9.964979844129340236e+00
1.884000000000000000e+03 2.272468231620625545e+02 1.056165446443142386e+01 5.074147655020525699e-02 -1.010768574869361025e+01
1.885000000000000000e+03 2.267659789679183291e+02 1.056654907049386516e+01 5.068705142790953105e-02 -1.025071490283440667e+01
1.886000000000000000e+03 2.262973784115191904e+02 1.057052847229815740e+01 5.063283134748206710e-02 -1.039397167083603613e+01
1.887000000000000000e+03 2.258393165454988036e+02 1.057361174435348694e+01 5.057881837552995891e-02 -1.053739754041621524e+01
1.888000000000000000e+03 2.253930619533583695e+02 1.057574349786907852e+01 5.052501447782937333e-02 -1.068088939822377448e+01
1.889000000000000000e+03 2.249576569063546856e+02 1.057694244741921352e+01 5.047142151728428727e-02 -1.082435894404638077e+01
1.890000000000000000e+03 2.245336315387038155e+02 1.057722712718219249e+01 5.041804125202738185e-02 -1.096771782157540898e+01
1.891000000000000000e+03 2.241207753405077199e+02 1.057654160726050918e+01 5.036487533379703507e-02 -1.111087760593599683e+01
1.892000000000000000e+03 2.237196228236475122e+02 1.057490406058987631e+01 5.031192530648771755e-02 -1.125373493458590879e+01
1.893000000000000000e+03 2.233292250103259846e+02 1.057233247942175680e+01 5.025919260497893615e-02 -1.139620863673999729e+01
1.894000000000000000e+03 2.229493779294762987e+02 1.056884467538931460e+01 5.020667855416445502e-02 -1.153821000772083316e+01
1.895000000000000000e+03 2.225806226057698325e+02 1.056445827965390194e+01 5.015438436827995838e-02 -1.167963536844294659e+01
1.896000000000000000e+03 2.222227593762171693e+02 1.055911645962929590e+01 5.010231115044450761e-02 -1.182040319508589477e+01
1.897000000000000000e+03 2.218755907094721920e+02 1.055283648629323778e+01 5.005045989246923593e-02 -1.196043182205682243e+01
1.898000000000000000e+03 2.215389211877357525e+02 1.054556116756826789e+01 4.999883147493776325e-02 -1.209963200174943765e+01
1.899000000000000000e+03 2.212125574862961628e+02 1.053738169929387425e+01 4.994742666752219340e-02 -1.223791432110357391e+01
1.900000000000000000e+03 2.208970511857566521e+02 1.052824053175929109e+01 4.989624612956167909e-02 -1.237518176156839900e+01
1.901000000000000000e+03 2.205907413177646959e+02 1.051815407674284231e+01 4.984529041089248713e-02 -1.251136215957471087e+01
1.902000000000000000e+03 2.202949959156228488e+02 1.050706370893862385e+01 4.979455995288712550e-02 -1.264640904266716070e+01
1.903000000000000000e+03 2.200089704068083165e+02 1.049513333300513551e+01 4.974405508976120771e-02 -1.278026362880554245e+01
1.904000000000000000e+03 2.197333078455410771e+02 1.048215526048209689e+01 4.969377605009518695e-02 -1.291299319514110522e+01
1.905000000000000000e+03 2.194671675390385133e+02 1.046829304573821595e+01 4.964372295855347395e-02 -1.304440479269876896e+01
1.906000000000000000e+03 2.192111963520545714e+02 1.045348721894739441e+01 4.959389583776774996e-02 -1.317456521991810980e+01
1.907000000000000000e+03 2.189645573294146743e+02 1.043775242116735313e+01 4.954429461048710792e-02 -1.330346673604760710e+01
1.908000000000000000e+03 2.187271581620406096e+02 1.042110312197740107e+01 4.949491910178614035e-02 -1.343095276693360596e+01
1.909000000000000000e+03 2.185003939813688021e+02 1.040355362068907219e+01 4.944576904150598667e-02 -1.355708931196398481e+01
1.910000000000000000e+03 2.182826903071722313e+02 1.038504376412377006e+01 4.939684406679076267e-02 -1.368186779963280308e+01
1.911000000000000000e+03 2.180739600144039514e+02 1.036558751496628261e+01 4.934814372469735477e-02 -1.380513079375977270e+01
1.912000000000000000e+03 2.178748604537316282e+02 1.034527295318048523e+01 4.929966747498915752e-02 -1.392686911737325417e+01
1.913000000000000000e+03 2.176845649010421369e+02 1.032403942698373278e+01 4.925141469290583024e-02 -1.404714755923541958e+01
1.914000000000000000e+03 2.175029910162677140e+02 1.030190040490119152e+01 4.920338467205076505e-02 -1.416580773001853366e+01
1.915000000000000000e+03 2.173308007964648709e+02 1.027886919387400688e+01 4.915557662726710575e-02 -1.428291375366817206e+01
1.916000000000000000e+03 2.171671720233018448e+02 1.025488465743011623e+01 4.910798969753845528e-02 -1.439838084040484034e+01
1.917000000000000000e+03 2.170120267203345179e+02 1.023010835142893349e+01 4.906062294894249221e-02 -1.451212384441248915e+01
1.918000000000000000e+03 2.168652882699739166e+02 1.020440454133892061e+01 4.901347537746082034e-02 -1.462420582170005012e+01
1.919000000000000000e+03 2.167276242004438984e+02 1.017793447211160540e+01 4.896654591184017302e-02 -1.473446660362208682e+01
1.920000000000000000e+03 2.165974747977022616e+02 1.015056210207351128e+01 4.891983341635501581e-02 -1.484296848910705791e+01
1.921000000000000000e+03 2.164755100678372628e+02 1.012237408941220096e+01 4.887333669349944870e-02 -1.494962481854182990e+01
1.922000000000000000e+03 2.163616583495756913e+02 1.009330837668778713e+01 4.882705448656488034e-02 -1.505442281586326025e+01
1.923000000000000000e+03 2.162551062673780962e+02 1.006352561042366744e+01 4.878098548214307439e-02 -1.515727501332793636e+01
1.924000000000000000e+03 2.161572700252388302e+02 1.003296344222284375e+01 4.873512831245758320e-02 -1.525816781048579784e+01
1.925000000000000000e+03 2.160658526809010880e+02 1.000155938145851486e+01 4.868948155763276608e-02 -1.535708718284367436e+01
1.926000000000000000e+03 2.159815296163105529e+02 9.969399364512970152e+00 4.864404374770464612e-02 -1.545401867423178821e+01
1.927000000000000000e+03 2.159049771536461719e+02 9.936494906553333450e+00 4.859881336460075696e-02 -1.554879882236913780e+01
1.928000000000000000e+03 2.158346440073569852e+02 9.902857387365740394e+00 4.855378884386114813e-02 -1.564156085265581098e+01
1.929000000000000000e+03 2.157712082524701600e+02 9.868423770231595782e+00 4.850896857625591058e-02 -1.573214040314035067e+01
1.930000000000000000e+03 2.157146059437498877e+02 9.833279454859884083e+00 4.846435090920542255e-02 -1.582052121873500816e+01
1.931000000000000000e+03 2.156640310761005424e+02 9.797435429349365066e+00 4.841993414797604589e-02 -1.590668657762703297e+01
1.932000000000000000e+03 2.156186783811676548e+02 9.760976839706918540e+00 4.837571655679699656e-02 -1.599061928491356888e+01
1.933000000000000000e+03 2.155799717951810806e+02 9.723765858393553785e+00 4.833169635972837247e-02 -1.607230166645805980e+01
1.934000000000000000e+03 2.155463645777446402e+02 9.685887387936833903e+00 4.828787174140272004e-02 -1.615164127946804484e+01
1.935000000000000000e+03 2.155185391221674251e+02 9.647351929558759309e+00 4.824424084753209385e-02 -1.622861947380698666e+01
1.936000000000000000e+03 2.154956927466661512e+02 9.608169869355245751e+00 4.820080178535213200e-02 -1.630321710302746396e+01
1.937000000000000000e+03 2.154777661669123745e+02 9.568425764513898812e+00 4.815755262380781027e-02 -1.637534023563531704e+01
1.938000000000000000e+03 2.154647006295801361e+02 9.528055495558719556e+00 4.811449139367404010e-02 -1.644504300059697854e+01
1.939000000000000000e+03 2.154556950469461185e+02 9.487143403148298404e+00 4.807161608749623005e-02 -1.651223044856445199e+01
1.940000000000000000e+03 2.154506916375553658e+02 9.445625156888814544e+00 4.802892465941242112e-02 -1.657695568135706665e+01
1.941000000000000000e+03 2.154496330627321754e+02 9.403584892200806067e+00 4.798641502487678567e-02 -1.663912271366184115e+01
1.942000000000000000e+03 2.154524623989592556e+02 9.361032362701010356e+00 4.794408506027122291e-02 -1.669863503598881493e+01
1.943000000000000000e+03 2.154591231110143497e+02 9.317977226625764331e+00 4.790193260245779322e-02 -1.675561846137032518e+01
1.944000000000000000e+03 2.154680733557212875e+02 9.274429049782312973e+00 4.785995544820317166e-02 -1.680990113727766655e+01
1.945000000000000000e+03 2.154800001314448252e+02 9.230397308529347811e+00 4.781815135362409847e-02 -1.686153352681643014e+01
1.946000000000000000e+03 2.154948479128254348e+02 9.185891392785737963e+00 4.777651803354678733e-02 -1.691041698813602778e+01
1.947000000000000000e+03 2.155118186259745414e+02 9.140994892568739871e+00 4.773505316085797229e-02 -1.695660090560684807e+01
1.948000000000000000e+03 2.155308572939716498e+02 9.095642750548075028e+00 4.769375436583870448e-02 -1.699998555322277838e+01
1.949000000000000000e+03 2.155511663424038318e+02 9.049918399142127257e+00 4.765261923556859958e-02 -1.704054494276713783e+01
1.950000000000000000e+03 2.155726912450383281e+02 9.003756629617743812e+00 4.761164531325992599e-02 -1.707832682171687821e+01
1.951000000000000000e+03 2.155961530259898495e+02 8.957238289890785410e+00 4.757083009771747445e-02 -1.711323261655893546e+01
1.952000000000000000e+03 2.156201744748466922e+02 8.910360119147444635e+00 4.753017104282276917e-02 -1.714524866871427733e+01
1.953000000000000000e+03 2.156448967170060200e+02 8.863190636046512694e+00 4.748966555711074677e-02 -1.717443784615823077e+01
1.954000000000000000e+03 2.156704609916874062e+02 8.815724014247395601e+00 4.744931100342171526e-02 -1.720078817962770756e+01
1.955000000000000000e+03 2.156970086261330550e+02 8.767880085618982022e+00 4.740910469867412602e-02 -1.722421286175094224e+01
1.956000000000000000e+03 2.157239381742076034e+02 8.719727193972085288e+00 4.736904391370705403e-02 -1.724484738043049603e+01
1.957000000000000000e+03 2.157513910594134643e+02 8.671333631294043442e+00 4.732912587333230198e-02 -1.726267810094574529e+01
1.958000000000000000e+03 2.157795087120956907e+02 8.622693357499272793e+00 4.728934775643574284e-02 -1.727754226580888997e+01
1.959000000000000000e+03 2.158076897058424493e+02 8.573800287196814196e+00 4.724970669629448283e-02 -1.728964797937791076e+01
1.960000000000000000e+03 2.158360753980955735e+02 8.524574009463567137e+00 4.721019978101238107e-02 -1.729883137316524611e+01
1.961000000000000000e+03 2.158648070647717532e+02 8.475156925139325281e+00 4.717082405410963353e-02 -1.730522515793036575e+01
1.962000000000000000e+03 2.158925401989013437e+02 8.425542832607140653e+00 4.713157651530854725e-02 -1.730873863996724182e+01
1.963000000000000000e+03 2.159209014884813200e+02 8.375651214595144722e+00 4.709245412149143384e-02 -1.730942913965467156e+01
1.964000000000000000e+03 2.159485461029687485e+02 8.325550091988432655e+00 4.705345378776768644e-02 -1.730727914221753139e+01
1.965000000000000000e+03 2.159748718340823075e+02 8.275233176629384957e+00 4.701457238882177092e-02 -1.730227058272712881e+01
1.966000000000000000e+03 2.160015047305108453e+02 8.224768441632701155e+00 4.697580676031719998e-02 -1.729445913132806467e+01
1.967000000000000000e+03 2.160270992163909796e+02 8.174075274188446372e+00 4.693715370053438973e-02 -1.728382562818227441e+01
1.968000000000000000e+03 2.160510522291006339e+02 8.123295896384194137e+00 4.689860997219909983e-02 -1.727042465264523941e+01
1.969000000000000000e+03 2.160749888510260348e+02 8.072275383994856668e+00 4.686017230439430692e-02 -1.725423595865195026e+01
1.970000000000000000e+03 2.160968195901701847e+02 8.021230221308526254e+00 4.682183739468510908e-02 -1.723531304433024047e+01
1.971000000000000000e+03 2.161174258553297705e+02 7.970079752901972903e+00 4.678360191136515800e-02 -1.721356030431642381e+01
1.972000000000000000e+03 2.161369457401288514e+02 7.918817604444134517e+00 4.674546249587425290e-02 -1.718917873380577888e+01
1.973000000000000000e+03 2.161540311464295598e+02 7.867437402476276986e+00 4.670741576527765587e-02 -1.716199738027507493e+01
1.974000000000000000e+03 2.161695619172503484e+02 7.816007061187086435e+00 4.666945831493076596e-02 -1.713206761495475661e+01
1.975000000000000000e+03 2.161836744539033930e+02 7.764520218668889306e+00 4.663158672121277271e-02 -1.709951456948044779e+01
1.976000000000000000e+03 2.161950188377470568e+02 7.713044807170880368e+00 4.659379754433752574e-02 -1.706424000574110167e+01
1.977000000000000000e+03 2.162037301267031637e+02 7.661500205825404919e+00 4.655608733127573895e-02 -1.702629373744878194e+01
1.978000000000000000e+03 2.162099426413716969e+02 7.609880094373306925e+00 4.651845261873025633e-02 -1.698572506738702259e+01
1.979000000000000000e+03 2.162130470860284959e+02 7.558401023369403227e+00 4.648088993614946790e-02 -1.694250850835549116e+01
1.980000000000000000e+03 2.162139190096967241e+02 7.506833865841608500e+00 4.644339580878262264e-02 -1.689669235481285980e+01
1.981000000000000000e+03 2.162112045871105295e+02 7.455395222482284368e+00 4.640596676077363147e-02 -1.684832440420037614e+01
1.982000000000000000e+03 2.162057775851647250e+02 7.404004589762985589e+00 4.636859931817774449e-02 -1.679745196195332468e+01
1.983000000000000000e+03 2.161970251444234918e+02 7.352655780563506660e+00 4.633129001210038039e-02 -1.674412184669533943e+01
1.984000000000000000e+03 2.161843334062589577e+02 7.301491210766660522e+00 4.629403538169411803e-02 -1.668830611211009440e+01
1.985000000000000000e+03 2.161685731405647175e+02 7.250430484812198095e+00 4.625683197716941308e-02 -1.663005061949803576e+01
1.986000000000000000e+03 2.161483855289895359e+02 7.199467532746214538e+00 4.621967636274646601e-02 -1.656940076000016049e+01
1.987000000000000000e+03 2.161246391342569382e+02 7.148744896734744891e+00 4.618256511950682985e-02 -1.650640146049631340e+01
1.988000000000000000e+03 2.160967156851343702e+02 7.098182316532723135e+00 4.614549484821466735e-02 -1.644109718967293432e+01
1.989000000000000000e+03 2.160639957076100472e+02 7.047848149947221863e+00 4.610846217199355418e-02 -1.637345768075493169e+01
1.990000000000000000e+03 2.160273441572074091e+02 6.997662241746168910e+00 4.607146373894337871e-02 -1.630360078841154703e+01
1.991000000000000000e+03 2.159861390423839111e+02 6.947767344056488881e+00 4.603449622461262131e-02 -1.623149536130625492e+01
1.992000000000000000e+03 2.159397570594070999e+02 6.898083418200554817e+00 4.599755633432885127e-02 -1.615718409932270561e+01
1.993000000000000000e+03 2.158875735585914981e+02 6.848679055024785356e+00 4.596064080546151398e-02 -1.608078356043935031e+01
1.994000000000000000e+03 2.158311910170983197e+02 6.799622910674481879e+00 4.592374640946193104e-02 -1.600218703374746099e+01
1.995000000000000000e+03 2.157684963280174486e+02 6.750835142331295557e+00 4.588686995383434164e-02 -1.592158453114718064e+01
1.996000000000000000e+03 2.157010891215157358e+02 6.702310261424959670e+00 4.585000828387100075e-02 -1.583894281015669492e+01
1.997000000000000000e+03 2.156275962221786244e+02 6.654191419800724816e+00 4.581315828433432658e-02 -1.575430251539402882e+01
1.998000000000000000e+03 2.155473857984120798e+02 6.606473278334265231e+00 4.577631688088185102e-02 -1.566777818619124041e+01
1.999000000000000000e+03 2.154620530085121572e+02 6.559076293018059722e+00 4.573948104139705095e-02 -1.557933541384080200e+01
2.000000000000000000e+03 2.153694772982502741e+02 6.512069568011008336e+00 4.570264777712412796e-02 -1.548908798349610549e+01
2.001000000000000000e+03 2.152712702421983408e+02 6.465520050622610704e+00 4.566581414367301001e-02 -1.539699499723082532e+01
2.002000000000000000e+03 2.151661485443810591e+02 6.419411528735641248e+00 4.562897724187559706e-02 -1.530321504684168232e+01
2.003000000000000000e+03 2.150543324970248307e+02 6.373725638251764636e+00 4.559213421841830371e-02 -1.520767777398127585e+01
2.004000000000000000e+03 2.149360407838888420e+02 6.328444105969062150e+00 4.555528226644994794e-02 -1.511038676353066990e+01
2.005000000000000000e+03 2.148114904668969984e+02 6.283697318908954443e+00 4.551841862592644755e-02 -1.501141955212843726e+01
2.006000000000000000e+03 2.146801541394533785e+02 6.239318625576893318e+00 4.548154058391195437e-02 -1.491077906981291257e+01
2.007000000000000000e+03 2.145415027514756900e+02 6.195438606211387089e+00 4.544464547470968702e-02 -1.480854221578922214e+01
2.008000000000000000e+03 2.143964912710739839e+02 6.152039373950699108e+00 4.540773067988605749e-02 -1.470463701679526380e+01
2.009000000000000000e+03 2.142445873376448446e+02 6.109103143971672090e+00 4.537079362814873396e-02 -1.459913977009299835e+01
2.010000000000000000e+03 2.140859997616436772e+02 6.066686519077511441e+00 4.533383179522147005e-02 -1.449205220204640909e+01
2.011000000000000000e+03 2.139201928506671777e+02 6.024697641226684830e+00 4.529684270350917141e-02 -1.438337576081001146e+01
2.012000000000000000e+03 2.137473720769975785e+02 5.983193327529695793e+00 4.525982392180058489e-02 -1.427318590911389151e+01
2.013000000000000000e+03 2.135669984063314928e+02 5.942156221678424721e+00 4.522277306481643777e-02 -1.416148356663403085e+01
2.014000000000000000e+03 2.133800168028346320e+02 5.901643362837440954e+00 4.518568779271018437e-02 -1.404834368646114307e+01
2.015000000000000000e+03 2.131858848901384533e+02 5.861637620474215105e+00 4.514856581062938468e-02 -1.393376669764413656e+01
2.016000000000000000e+03 2.129840586235155229e+02 5.822196263148033069e+00 4.511140486808645073e-02 -1.381782708182369745e+01
2.017000000000000000e+03 2.127762207980185565e+02 5.783228109734353417e+00 4.507420275842056318e-02 -1.370059909943427989e+01
2.018000000000000000e+03 2.125603383721928878e+02 5.744790665114329897e+00 4.503695731823074977e-02 -1.358208251597751826e+01
2.019000000000000000e+03 2.123380908229968611e+02 5.706941554796546967e+00 4.499966642675290451e-02 -1.346235117886997479e+01
2.020000000000000000e+03 2.121081846359134317e+02 5.669589959485406006e+00 4.496232800535153451e-02 -1.334147874384564680e+01
2.021000000000000000e+03 2.118715531560413297e+02 5.632868034113416300e+00 4.492494001692756006e-02 -1.321939011791340768e+01
2.022000000000000000e+03 2.116283852544006834e+02 5.596640638190311101e+00 4.488750046542680505e-02 -1.309623288688456100e+01
2.023000000000000000e+03 2.113773824997211932e+02 5.561017893381393407e+00 4.485000739534898001e-02 -1.297208019142567004e+01
2.024000000000000000e+03 2.111194733407050421e+02 5.525968910650624899e+00 4.481245889136483557e-02 -1.284685645366171336e+01
2.025000000000000000e+03 2.108548417733126428e+02 5.491492643617172043e+00 4.477485307790336072e-02 -1.272063452132929129e+01
2.026000000000000000e+03 2.105821845132988130e+02 5.457603033099832857e+00 4.473718811888744568e-02 -1.259356139445021050e+01
2.027000000000000000e+03 2.103024251790056667e+02 5.424299294904858293e+00 4.469946221745988574e-02 -1.246556110152473096e+01
2.028000000000000000e+03 2.100157429589752098e+02 5.391588206008827378e+00 4.466167361588273266e-02 -1.233670612726992033e+01
2.029000000000000000e+03 2.097215726196500611e+02 5.359469248933409702e+00 4.462382059539918289e-02 -1.220706885585723711e+01
2.030000000000000000e+03 2.094200901830614043e+02 5.327956897813910686e+00 4.458590147627838896e-02 -1.207672158116714733e+01
2.031000000000000000e+03 2.091122129343611675e+02 5.297058334308642813e+00 4.454791461785610751e-02 -1.194566223354762258e+01
2.032000000000000000e+03 2.087966280891099871e+02 5.266766020150561722e+00 4.450985841877649202e-02 -1.181403724058398907e+01
2.033000000000000000e+03 2.084735069756168855e+02 5.237102268092317381e+00 4.447173131716813943e-02 -1.168184440334720620e+01
2.034000000000000000e+03 2.081437622069316831e+02 5.208067244239090954e+00 4.443353179103690792e-02 -1.154915575715034493e+01
2.035000000000000000e+03 2.078068191825742304e+02 5.179668682175041283e+00 4.439525835868981390e-02 -1.141596901477815962e+01
2.036000000000000000e+03 2.074628446001919428e+02 5.151899598578522976e+00 4.435690957923361932e-02 -1.128243042720938938e+01
2.037000000000000000e+03 2.071112607918670392e+02 5.124760578878990280e+00 4.431848405315087780e-02 -1.114846337629417405e+01
2.038000000000000000e+03 2.067529742353303561e+02 5.098267206153283659e+00 4.427998042295562542e-02 -1.101428836943161649e+01
2.039000000000000000e+03 2.063874042197918186e+02 5.072412919860012970e+00 4.424139737396001748e-02 -1.087982878167475675e+01
2.040000000000000000e+03 2.060147113567555266e+02 5.047206158015917765e+00 4.420273363499598734e-02 -1.074523085033309400e+01
2.041000000000000000e+03 2.056343119155450836e+02 5.022640644158981260e+00 4.416398797934463494e-02 -1.061049226750032481e+01
2.042000000000000000e+03 2.052471063338173280e+02 4.998725101052625241e+00 4.412515922558576248e-02 -1.047568504055229788e+01
2.043000000000000000e+03 2.048532507178256026e+02 4.975468394227121394e+00 4.408624623853762275e-02 -1.034088121858068199e+01
2.044000000000000000e+03 2.044521568476989444e+02 4.952872103809855986e+00 4.404724793027006702e-02 -1.020615290227012650e+01
2.045000000000000000e+03 2.040447206877807389e+02 4.930937952994693951e+00 4.400816326106464504e-02 -1.007157225371194542e+01
2.046000000000000000e+03 2.036303510518267501e+02 4.909667808099436037e+00 4.396899124047570079e-02 -9.937137222647409729e+00
2.047000000000000000e+03 2.032084552784406526e+02 4.889063678561710979e+00 4.392973092836663374e-02 -9.803068690151427234e+00
2.048000000000000000e+03 2.027806677416767513e+02 4.869142573573761901e+00 4.389038143594651414e-02 -9.669364777214925155e+00
2.049000000000000000e+03 2.023463928466187838e+02 4.849891931853666627e+00 4.385094192676204650e-02 -9.536097988271889037e+00
2.050000000000000000e+03 2.019057763754704808e+02 4.831321619908189646e+00 4.381141161779612131e-02 -9.403266653627261107e+00
2.051000000000000000e+03 2.014582117281338469e+02 4.813419206484002011e+00 4.377178978040772994e-02 -9.271009924532114255e+00
2.052000000000000000e+03 2.010045441469309822e+02 4.796186638416148007e+00 4.373207574128376574e-02 -9.139287054095454721e+00
2.053000000000000000e+03 2.005441236706999462e+02 4.779633277496504462e+00 4.369226888344252685e-02 -9.008123851281441219e+00
2.054000000000000000e+03 2.000770417432077863e+02 4.763746341836627707e+00 4.365236864701915742e-02 -8.877620554746249226e+00
2.055000000000000000e+03 1.996033883863502751e+02 4.748528047125089024e+00 4.361237453014251558e-02 -8.747654707786152173e+00
2.056000000000000000e+03 1.991239950440317443e+02 4.733973321022679315e+00 4.357228608969526684e-02 -8.618401151708207308e+00
2.057000000000000000e+03 1.986374632516081817e+02 4.720092087599286224e+00 4.353210294201378949e-02 -8.489737766555686349e+00
2.058000000000000000e+03 1.981453644913479479e+02 4.706872124909446065e+00 4.349182476347514259e-02 -8.361839747762946473e+00
2.059000000000000000e+03 1.976462975233130521e+02 4.694308777661143850e+00 4.345145129108605314e-02 -8.234659630159235633e+00
2.060000000000000000e+03 1.971418310774846816e+02 4.682412384775557435e+00 4.341098232291437653e-02 -8.108150146881678566e+00
2.061000000000000000e+03 1.966305611863782019e+02 4.671171136787414468e+00 4.337041771848643146e-02 -7.982487088169718525e+00
2.062000000000000000e+03 1.961140538789884715e+02 4.660588216690669583e+00 4.332975739906214790e-02 -7.857549325013612140e+00
2.063000000000000000e+03 1.955909025153021901e+02 4.650652085575401884e+00 4.328900134779367637e-02 -7.733513085217237126e+00
2.064000000000000000e+03 1.950619276471836088e+02 4.641373623360993683e+00 4.324814960987574675e-02 -7.610331976798088149e+00
2.065000000000000000e+03 1.945279485300360420e+02 4.632734129271314671e+00 4.320720229249571526e-02 -7.487959846284629961e+00
2.066000000000000000e+03 1.939875546355104348e+02 4.624737319158962912e+00 4.316615956476220484e-02 -7.366573636884143461e+00
2.067000000000000000e+03 1.934415626805020167e+02 4.617379610923262767e+00 4.312502165750905364e-02 -7.246053411494152385e+00
2.068000000000000000e+03 1.928907881419965520e+02 4.610650123276629486e+00 4.308378886297953986e-02 -7.126576628117825329e+00
2.069000000000000000e+03 1.923338167729957036e+02 4.604545531159569549e+00 4.304246153448579998e-02 -7.008023879104250398e+00
2.070000000000000000e+03 1.917722044697720492e+02 4.599070064404428670e+00 4.300104008587722626e-02 -6.890498882789251489e+00
2.071000000000000000e+03 1.912052774498475003e+02 4.594205792948149458e+00 4.295952499101199362e-02 -6.774031356469900622e+00
2.072000000000000000e+03 1.906323607812840066e+02 4.589949767148451265e+00 4.291791678305392765e-02 -6.658651306751254495e+00
2.073000000000000000e+03 1.900550069130205202e+02 4.586291731250005554e+00 4.287621605378049566e-02 -6.544389036248571934e+00
2.074000000000000000e+03 1.894725386910089640e+02 4.583236406905315086e+00 4.283442345273957147e-02 -6.431200866643422387e+00
2.075000000000000000e+03 1.888857635606226779e+02 4.580773778198014234e+00 4.279253968634193217e-02 -6.319191995604558798e+00
2.076000000000000000e+03 1.882932594197810943e+02 4.578886518372667247e+00 4.275056551689863926e-02 -6.208319369044633440e+00
2.077000000000000000e+03 1.876965744933043254e+02 4.577579701571634629e+00 4.270850176161528067e-02 -6.098688821248590131e+00
2.078000000000000000e+03 1.870950275178071536e+02 4.576836231026984336e+00 4.266634929144587363e-02 -5.990332230334746377e+00
2.079000000000000000e+03 1.864894219477387480e+02 4.576661407413845417e+00 4.262410903000279916e-02 -5.883207524072117778e+00
2.080000000000000000e+03 1.858798174820192912e+02 4.577030928610306582e+00 4.258178195233124075e-02 -5.777421536052325557e+00
2.081000000000000000e+03 1.852662729315231616e+02 4.577950314671856979e+00 4.253936908365073266e-02 -5.672932877189745149e+00
2.082000000000000000e+03 1.846488462522285374e+02 4.579410335864213977e+00 4.249687149814181109e-02 -5.569849075085859802e+00
2.083000000000000000e+03 1.840275945790023968e+02 4.581394439111105221e+00 4.245429031756720040e-02 -5.468203728718698642e+00
2.084000000000000000e+03 1.834025742599616535e+02 4.583908459456925044e+00 4.241162670998237239e-02 -5.367956513480991454e+00
2.085000000000000000e+03 1.827753265613992824e+02 4.586921191291760458e+00 4.236888188837912433e-02 -5.269216036565524952e+00
2.086000000000000000e+03 1.821436778579390250e+02 4.590438669847419106e+00 4.232605710930583548e-02 -5.171942707671153272e+00
2.087000000000000000e+03 1.815091680185048517e+02 4.594444742356516898e+00 4.228315367149532156e-02 -5.076171594063045411e+00
2.088000000000000000e+03 1.808725934322167461e+02 4.598923351033000095e+00 4.224017291450110623e-02 -4.981938141458132741e+00
2.089000000000000000e+03 1.802325213746483143e+02 4.603873387672233974e+00 4.219711621731685181e-02 -4.889278178246757811e+00
2.090000000000000000e+03 1.795897470544833823e+02 4.609278978120472381e+00 4.215398499698276569e-02 -4.798227919546671494e+00
2.091000000000000000e+03 1.789443223100567195e+02 4.615131765167969746e+00 4.211078070727120037e-02 -4.708749687585330967e+00
2.092000000000000000e+03 1.782962984810927765e+02 4.621416049663927161e+00 4.206750483729336521e-02 -4.620954765921598373e+00
2.093000000000000000e+03 1.776464692804553636e+02 4.628116216656152915e+00 4.202415891022252825e-02 -4.534880552480511362e+00
2.094000000000000000e+03 1.769948851607740323e+02 4.635224161505854035e+00 4.198074448195764780e-02 -4.450416279419584953e+00
2.095000000000000000e+03 1.763408533510134077e+02 4.642731859278000250e+00 4.193726313984627585e-02 -4.367748717338008291e+00
2.096000000000000000e+03 1.756859092329806344e+02 4.650616505758471853e+00 4.189371650144812359e-02 -4.286842193777337329e+00
2.097000000000000000e+03 1.750293593673673911e+02 4.658870228550805237e+00 4.185010621330614855e-02 -4.207691159970985417e+00
2.098000000000000000e+03 1.743712528697743096e+02 4.667485228050428425e+00 4.180643394975538246e-02 -4.130364763608204370e+00
2.099000000000000000e+03 1.737123814463215865e+02 4.676431490048615025e+00 4.176270141175685013e-02 -4.054873141012578230e+00
2.100000000000000000e+03 1.730520509238245666e+02 4.685708781819806212e+00 4.171891032579140568e-02 -3.981234274596763267e+00
2.101000000000000000e+03 1.723910289817445687e+02 4.695303789525016924e+00 4.167506244273706806e-02 -3.909471143344624977e+00
2.102000000000000000e+03 1.717292457525288967e+02 4.705195245474388166e+00 4.163115953685660175e-02 -3.839595741483894376e+00
2.103000000000000000e+03 1.710666076195621201e+02 4.715393366149863930e+00 4.158720340475211691e-02 -3.771610206806310650e+00
2.104000000000000000e+03 1.704030208935893995e+02 4.725893569784331838e+00 4.154319586436976824e-02 -3.705531958927788416e+00
2.105000000000000000e+03 1.697391346806303716e+02 4.736683902265292900e+00 4.149913875406579383e-02 -3.641356558923427134e+00
2.106000000000000000e+03 1.690741124092331233e+02 4.747752463024758285e+00 4.145503393168285117e-02 -3.579079995579221407e+00
2.107000000000000000e+03 1.684093460373456139e+02 4.759109687616652984e+00 4.141088327365452515e-02 -3.518720971458220603e+00
2.108000000000000000e+03 1.677432562382875290e+02 4.770736346779588466e+00 4.136668867415622952e-02 -3.460276333628463874e+00
2.109000000000000000e+03 1.670779779465075876e+02 4.782628114041586720e+00 4.132245204427856256e-02 -3.403758216057612973e+00
2.110000000000000000e+03 1.664119320372412290e+02 4.794780706512343116e+00 4.127817531122351252e-02 -3.349156898318812470e+00
2.111000000000000000e+03 1.657465108710102868e+02 4.807189882366349920e+00 4.123386041754693171e-02 -3.296485375963308151e+00
2.112000000000000000e+03 1.650808784770858040e+02 4.819844009967025222e+00 4.118950932035376350e-02 -3.245749647204543731e+00
2.113000000000000000e+03 1.644156847566120803e+02 4.832738922033499307e+00 4.114512399065135828e-02 -3.196926427767029733e+00
2.114000000000000000e+03 1.637500941698697261e+02 4.845863056399416280e+00 4.110070641258730534e-02 -3.150037434103277079e+00
2.115000000000000000e+03 1.630854999381308232e+02 4.859204881816127752e+00 4.105625858277198170e-02 -3.105060242720662611e+00
2.116000000000000000e+03 1.624210670596147850e+02 4.872760323750472189e+00 4.101178250959957444e-02 -3.062002573030117247e+00
2.117000000000000000e+03 1.617574465101035344e+02 4.886525333477463207e+00 4.096728021261605845e-02 -3.020857716407745475e+00
2.118000000000000000e+03 1.610938039277285156e+02 4.900481028819038798e+00 4.092275372187377525e-02 -2.981634248577092805e+00
2.119000000000000000e+03 1.604315338123938375e+02 4.914623404981550259e+00 4.087820507724760494e-02 -2.944318886658286782e+00
2.120000000000000000e+03 1.597690597043261391e+02 4.928941046939428361e+00 4.083363632789605013e-02 -2.908898772839693336e+00
2.121000000000000000e+03 1.591085197224696230e+02 4.943429983569291863e+00 4.078904953154312285e-02 -2.875376329521106555e+00
2.122000000000000000e+03 1.584483382368701427e+02 4.958071400032491916e+00 4.074444675395907933e-02 -2.843739544178745859e+00
2.123000000000000000e+03 1.577891685709948604e+02 4.972868776960639892e+00 4.069983006832556677e-02 -2.813984252507200523e+00
2.124000000000000000e+03 1.571324073533083379e+02 4.987795889439942343e+00 4.065520155458968860e-02 -2.786106707986695241e+00
2.125000000000000000e+03 1.564757375282793816e+02 5.002848802901692871e+00 4.061056329894155437e-02 -2.760096151279359145e+00
2.126000000000000000e+03 1.558212995623660504e+02 5.018023585514155727e+00 4.056591739315305173e-02 -2.735942236156254204e+00
2.127000000000000000e+03 1.551682631140539854e+02 5.033301448929370814e+00 4.052126593401616378e-02 -2.713642455257164521e+00
2.128000000000000000e+03 1.545172840638972787e+02 5.048671030787045488e+00 4.047661102273612116e-02 -2.693179852284068865e+00
2.129000000000000000e+03 1.538682760289621001e+02 5.064120963824255917e+00 4.043195476433897317e-02 -2.674537875782921237e+00
2.130000000000000000e+03 1.532204103819979366e+02 5.079639873343306355e+00 4.038729926706104839e-02 -2.657722661115031304e+00
2.131000000000000000e+03 1.525750876103853670e+02 5.095216374688511074e+00 4.034264664176583776e-02 -2.642718457117874564e+00
2.132000000000000000e+03 1.519314803245368921e+02 5.110846499083312899e+00 4.029799900131818963e-02 -2.629517336112720649e+00
2.133000000000000000e+03 1.512902474512970912e+02 5.126503977727253414e+00 4.025335846000761830e-02 -2.618089476956908968e+00
2.134000000000000000e+03 1.506513057468929446e+02 5.142192237757996942e+00 4.020872713291293032e-02 -2.608427731448026865e+00
2.135000000000000000e+03 1.500153154847803023e+02 5.157884972972978765e+00 4.016410713528992260e-02 -2.600517907077499746e+00
2.136000000000000000e+03 1.493821948031839497e+02 5.173570711469023919e+00 4.011950058198802266e-02 -2.594331334689623514e+00
2.137000000000000000e+03 1.487511197225016986e+02 5.189245384845963649e+00 4.007490958679871956e-02 -2.589854577749151510e+00
2.138000000000000000e+03 1.481234955026419300e+02 5.204897469076754213e+00 4.003033626184808458e-02 -2.587067143017234283e+00
2.139000000000000000e+03 1.474992424849878887e+02 5.220500553745834438e+00 3.998578271697057068e-02 -2.585956332841423233e+00
2.140000000000000000e+03 1.468782817794057109e+02 5.236057909758335960e+00 3.994125105909441392e-02 -2.586502383910324276e+00
2.141000000000000000e+03 1.462605352810859642e+02 5.251543060166148358e+00 3.989674339157049665e-02 -2.588678462577102657e+00
2.142000000000000000e+03 1.456466685223081754e+02 5.266951776269059415e+00 3.985226181357489489e-02 -2.592458088404469674e+00
2.143000000000000000e+03 1.450358621840151443e+02 5.282257505185337543e+00 3.980780841943166309e-02 -2.597829985933798547e+00
2.144000000000000000e+03 1.444295262875070307e+02 5.297463365999206530e+00 3.976338529800269028e-02 -2.604763166384489015e+00
2.145000000000000000e+03 1.438268432007892557e+02 5.312542720679483743e+00 3.971899453203127373e-02 -2.613243321395098295e+00
2.146000000000000000e+03 1.432277389951059945e+02 5.327476313577487410e+00 3.967463819744430215e-02 -2.623246075669739774e+00
2.147000000000000000e+03 1.426328834613132699e+02 5.342267125901215330e+00 3.963031836272628422e-02 -2.634745152755746833e+00
2.148000000000000000e+03 1.420422044561454129e+02 5.356888375065519625e+00 3.958603708823020539e-02 -2.647711626688777908e+00
2.149000000000000000e+03 1.414563735885246274e+02 5.371328082624729383e+00 3.954179642554859347e-02 -2.662117630538715751e+00
2.150000000000000000e+03 1.408745777306885714e+02 5.385574215433702072e+00 3.949759841676198091e-02 -2.677936350673509658e+00
2.151000000000000000e+03 1.402974743818675734e+02 5.399609044322973617e+00 3.945344509378500425e-02 -2.695144204841764868e+00
2.152000000000000000e+03 1.397249152015928928e+02 5.413429366122334052e+00 3.940933847765040049e-02 -2.713731845008837684e+00
2.153000000000000000e+03 1.391574796734397239e+02 5.427026277520919706e+00 3.936528057781113477e-02 -2.733693142539038501e+00
2.154000000000000000e+03 1.385942626084336382e+02 5.440398240627852822e+00 3.932127339141858885e-02 -2.755016312621647590e+00
2.155000000000000000e+03 1.380365883359985446e+02 5.453551081000203915e+00 3.927731890256589559e-02 -2.777686953664866731e+00
2.156000000000000000e+03 1.374828108744955273e+02 5.466460843955691651e+00 3.923341908158239216e-02 -2.801691086598918190e+00
2.157000000000000000e+03 1.369342566270126440e+02 5.479140647825872179e+00 3.918957588422744553e-02 -2.827015519884973127e+00
2.158000000000000000e+03 1.363907673866620769e+02 5.491581255292696362e+00 3.914579125096809276e-02 -2.853646951618939553e+00
2.159000000000000000e+03 1.358514431868911174e+02 5.503780784966633810e+00 3.910206710615208442e-02 -2.881572705789227751e+00
2.160000000000000000e+03 1.353176136566844150e+02 5.515722424552135905e+00 3.905840535726477075e-02 -2.910778422830772705e+00
2.161000000000000000e+03 1.347883810253100592e+02 5.527411570855141676e+00 3.901480789405517569e-02 -2.941247978606240654e+00
2.162000000000000000e+03 1.342643343121087014e+02 5.538846114678737109e+00 3.897127658775381698e-02 -2.972961249090636304e+00
2.163000000000000000e+03 1.337453208358245149e+02 5.550016439161046478e+00 3.892781329022286518e-02 -3.005902051823283294e+00
2.164000000000000000e+03 1.332311890637498095e+02 5.560912846505100759e+00 3.888441983306054062e-02 -3.040051453440035356e+00
2.165000000000000000e+03 1.327217886255281201e+02 5.571532984750827033e+00 3.884109802681365298e-02 -3.075392219663695137e+00
2.166000000000000000e+03 1.322177131616355439e+02 5.581874417889428841e+00 3.879784965999899526e-02 -3.111907322549862354e+00
2.167000000000000000e+03 1.317188146664074111e+02 5.591927196020745505e+00 3.875467649829961864e-02 -3.149576219166073443e+00
2.168000000000000000e+03 1.312249463357281059e+02 5.601696138955304605e+00 3.871158028360222741e-02 -3.188371873046989435e+00
2.169000000000000000e+03 1.307359625792487918e+02 5.611163693058200508e+00 3.866856273309764169e-02 -3.228262975438701776e+00
2.170000000000000000e+03 1.302524618671495205e+02 5.620341928340256921e+00 3.862562553833771839e-02 -3.269219880664901101e+00
2.171000000000000000e+03 1.297735582362847708e+02 5.629213110339866155e+00 3.858277036433765267e-02 -3.311213113092530413e+00
2.172000000000000000e+03 1.293005954759768201e+02 5.637789125653648981e+00 3.853999884860231928e-02 -3.354211131214881458e+00
2.173000000000000000e+03 1.288326901279464494e+02 5.646052053907997248e+00 3.849731260020384377e-02 -3.398186262875630526e+00
2.174000000000000000e+03 1.283704456708952648e+02 5.654006165029504594e+00 3.845471319883637246e-02 -3.443107269421065819e+00
2.175000000000000000e+03 1.279137240242287987e+02 5.661640776357602434e+00 3.841220219389875762e-02 -3.488946023679419195e+00
2.176000000000000000e+03 1.274623883911860531e+02 5.668952536604588310e+00 3.836978110352921856e-02 -3.535672302544725643e+00
2.177000000000000000e+03 1.270163032662156724e+02 5.675945424810279860e+00 3.832745141368519570e-02 -3.583257493549019568e+00
2.178000000000000000e+03 1.265753344415905843e+02 5.682601035941107881e+00 3.828521457723736698e-02 -3.631672358725712257e+00
2.179000000000000000e+03 1.261400918482540590e+02 5.688923150037161314e+00 3.824307201308712462e-02 -3.680888512622601638e+00
2.180000000000000000e+03 1.257104438907660011e+02 5.694900589551961545e+00 3.820102510527872974e-02 -3.730876186117904503e+00
2.181000000000000000e+03 1.252855174514456422e+02 5.700529503539638831e+00 3.815907520212484527e-02 -3.781605927243146592e+00
2.182000000000000000e+03 1.248666692337331341e+02 5.705805938486439466e+00 3.811722361540993004e-02 -3.833041016553275782e+00
2.183000000000000000e+03 1.244530287543943672e+02 5.710733265888036314e+00 3.807547161957788862e-02 -3.885143699216448976e+00
2.184000000000000000e+03 1.240452125200714875e+02 5.715299896471033314e+00 3.803382045095791281e-02 -3.937876068683683339e+00
2.185000000000000000e+03 1.236423526876582457e+02 5.719501564561018547e+00 3.799227130706412520e-02 -3.991200801786934260e+00
2.186000000000000000e+03 1.232450684039072542e+02 5.723341327444841475e+00 3.795082534591259771e-02 -4.045079071063217846e+00
2.187000000000000000e+03 1.228539801339043578e+02 5.726807279726984667e+00 3.790948368538338276e-02 -4.099474399761688481e+00
2.188000000000000000e+03 1.224674811535229964e+02 5.729902266182360648e+00 3.786824740262696720e-02 -4.154349385641000758e+00
2.189000000000000000e+03 1.220869373911248346e+02 5.732614167851632025e+00 3.782711753356080703e-02 -4.209664430431217852e+00
2.190000000000000000e+03 1.217122304129263739e+02 5.734953043333181455e+00 3.778609507239805848e-02 -4.265380703469451973e+00
2.191000000000000000e+03 1.213425002525297174e+02 5.736891701566052326e+00 3.774518097124294341e-02 -4.321461619682753330e+00
2.192000000000000000e+03 1.209783739094939818e+02 5.738447413311750900e+00 3.770437613971534818e-02 -4.377866146407185965e+00
2.193000000000000000e+03 1.206197368367533187e+02 5.739600198974352807e+00 3.766368144473107582e-02 -4.434556966932297506e+00
2.194000000000000000e+03 1.202657329321153128e+02 5.740352255119212543e+00 3.762309771025336425e-02 -4.491496015878841952e+00
2.195000000000000000e+03 1.199177358688776991e+02 5.740698240832185384e+00 3.758262571717425199e-02 -4.548642243113927286e+00
2.196000000000000000e+03 1.195756349102558573e+02 5.740632705873535357e+00 3.754226620325793601e-02 -4.605949377702150294e+00
2.197000000000000000e+03 1.192385777330162142e+02 5.740157518875113496e+00 3.750201986316216429e-02 -4.663372605916650926e+00
2.198000000000000000e+03 1.189064560852150976e+02 5.739267010529896851e+00 3.746188734851717966e-02 -4.720855935582614293e+00
2.199000000000000000e+03 1.185799057729965824e+02 5.737962830225524336e+00 3.742186926807231778e-02 -4.778363387733985945e+00
2.200000000000000000e+03 1.182588209764804219e+02 5.736239089319583151e+00 3.738196618794991516e-02 -4.835840361827988154e+00
2.201000000000000000e+03 1.179431007019661877e+02 5.734097550609300598e+00 3.734217863198083243e-02 -4.893252912662871879e+00
2.202000000000000000e+03 1.176326596624552252e+02 5.731533769944233470e+00 3.730250708206037102e-02 -4.950568171329794431e+00
2.203000000000000000e+03 1.173274173650420948e+02 5.728550954778057758e+00 3.726295197861193009e-02 -5.007788766514126522e+00
2.204000000000000000e+03 1.170280372967610845e+02 5.725144774863077934e+00 3.722351372110038054e-02 -5.064894962261107025e+00
2.205000000000000000e+03 1.167336984017463806e+02 5.721318219138535888e+00 3.718419266865741202e-02 -5.121874364313065975e+00
2.206000000000000000e+03 1.164443235679409554e+02 5.717074167610297408e+00 3.714498914066782093e-02 -5.178729341465257541e+00
2.207000000000000000e+03 1.161605796081819904e+02 5.712400534922043249e+00 3.710590341754121946e-02 -5.235439876892741928e+00
2.208000000000000000e+03 1.158816487357165812e+02 5.707299984069846843e+00 3.706693574143899578e-02 -5.291993274704530847e+00
2.209000000000000000e+03 1.156081998844537964e+02 5.701775070056834593e+00 3.702808631709691295e-02 -5.348376724824626116e+00
2.210000000000000000e+03 1.153401601836600463e+02 5.695828240289911193e+00 3.698935531264853360e-02 -5.404577296303684442e+00
2.211000000000000000e+03 1.150767149374059102e+02 5.689461835017805669e+00 3.695074286056580781e-02 -5.460574502363755300e+00
2.212000000000000000e+03 1.148185361088223573e+02 5.682678087810463907e+00 3.691224905852562993e-02 -5.516355150579076216e+00
2.213000000000000000e+03 1.145655537940006212e+02 5.675464269378998061e+00 3.687387397036927944e-02 -5.571891051393620842e+00
2.214000000000000000e+03 1.143176990358435461e+02 5.667844686588818348e+00 3.683561762711121124e-02 -5.627176153530686342e+00
2.215000000000000000e+03 1.140741609677762511e+02 5.659806399559463408e+00 3.679748002782658178e-02 -5.682189395992099712e+00
2.216000000000000000e+03 1.138363581325473604e+02 5.651351220759179839e+00 3.675946114068265325e-02 -5.736902130253195509e+00
2.217000000000000000e+03 1.136034814508014961e+02 5.642488287338009556e+00 3.672156090392131311e-02 -5.791307827604602387e+00
2.218000000000000000e+03 1.133754655399755080e+02 5.633219205150937547e+00 3.668377922679881553e-02 -5.845377503089463467e+00
2.219000000000000000e+03 1.131515030231699939e+02 5.623545477871831899e+00 3.664611599051384450e-02 -5.899096851393062835e+00
2.220000000000000000e+03 1.129330158483437998e+02 5.613475936147173329e+00 3.660857104916766941e-02 -5.952451384381973298e+00
2.221000000000000000e+03 1.127191982574773306e+02 5.603004453388438222e+00 3.657114423061669922e-02 -6.005418997096168887e+00
2.222000000000000000e+03 1.125099881062460696e+02 5.592139660055467587e+00 3.653383533736778710e-02 -6.057969962195839386e+00
2.223000000000000000e+03 1.123060668438928360e+02 5.580890087877462769e+00 3.649664414734462431e-02 -6.110096637914607776e+00
2.224000000000000000e+03 1.121058881533327849e+02 5.569249314112633797e+00 3.645957041466151016e-02 -6.161768892617353721e+00
2.225000000000000000e+03 1.119108777768961289e+02 5.557218247597487171e+00 3.642261387032806608e-02 -6.212978669669142917e+00
2.226000000000000000e+03 1.117194908170836385e+02 5.544812558133649816e+00 3.638577422288970936e-02 -6.263695412210429581e+00
2.227000000000000000e+03 1.115331543981312876e+02 5.532018107460561218e+00 3.634905115899735029e-02 -6.313903199895582574e+00
2.228000000000000000e+03 1.113510678026237173e+02 5.518850377168858401e+00 3.631244434393070264e-02 -6.363585887290953202e+00
2.229000000000000000e+03 1.111724309587928161e+02 5.505309899747073743e+00 3.627595342199099737e-02 -6.412712242385574690e+00
2.230000000000000000e+03 1.109986729282569655e+02 5.491397116466513850e+00 3.623957801692157671e-02 -6.461265655316715595e+00
2.231000000000000000e+03 1.108289948789753083e+02 5.477119806951806780e+00 3.620331773211513116e-02 -6.509221848758079965e+00
2.232000000000000000e+03 1.106633414088877458e+02 5.462485662086028704e+00 3.616717215087530968e-02 -6.556563730174493010e+00
2.233000000000000000e+03 1.105009148598300612e+02 5.447494856950584108e+00 3.613114083652856773e-02 -6.603266530791714217e+00
2.234000000000000000e+03 1.103431466420086906e+02 5.432169765550419527e+00 3.609522333242527053e-02 -6.649305229733849743e+00
2.235000000000000000e+03 1.101884973735895557e+02 5.416502963719805663e+00 3.605941916196338248e-02 -6.694654549928340970e+00
2.236000000000000000e+03 1.100383995460250333e+02 5.400516657314755165e+00 3.602372782842031690e-02 -6.739288954129512454e+00
2.237000000000000000e+03 1.098913148293152915e+02 5.384203256833374418e+00 3.598814881483269890e-02 -6.783197497761899619e+00
2.238000000000000000e+03 1.097479339029421652e+02 5.367584805671671511e+00 3.595268158368616213e-02 -6.826346683432030993e+00
2.239000000000000000e+03 1.096074622667637328e+02 5.350646126455624874e+00 3.591732557660464592e-02 -6.868717599063513646e+00
2.240000000000000000e+03 1.094713344023756179e+02 5.333416534407996679e+00 3.588208021401623898e-02 -6.910298486052407263e+00
2.241000000000000000e+03 1.093372710793182989e+02 5.315880698688493666e+00 3.584694489464460704e-02 -6.951055022494224467e+00
2.242000000000000000e+03 1.092067076918558257e+02 5.298052927467436390e+00 3.581191899507099596e-02 -6.990974890036693701e+00
2.243000000000000000e+03 1.090795944003992730e+02 5.279947456123248450e+00 3.577700186919284542e-02 -7.030023200653531923e+00
2.244000000000000000e+03 1.089551389531452514e+02 5.261556163816549336e+00 3.574219284764200422e-02 -7.068194492096208315e+00
2.245000000000000000e+03 1.088332923426986980e+02 5.242885716891701797e+00 3.570749123720045465e-02 -7.105453298217651259e+00
2.246000000000000000e+03 1.087140059575229571e+02 5.223957570551565510e+00 3.567289632020833462e-02 -7.141793573026150810e+00
2.247000000000000000e+03 1.085972315682586355e+02 5.204778257154873522e+00 3.563840735391719805e-02 -7.177179261262532250e+00
2.248000000000000000e+03 1.084829213138287116e+02 5.185346816287373706e+00 3.560402356986985123e-02 -7.211588866008758814e+00
2.249000000000000000e+03 1.083710276872719902e+02 5.165677081555035244e+00 3.556974417330628635e-02 -7.245015446323662012e+00
2.250000000000000000e+03 1.082615035212481729e+02 5.145775397296369569e+00 3.553556834253015356e-02 -7.277422044906656673e+00
2.251000000000000000e+03 1.081543182318035008e+02 5.125654338907885688e+00 3.550149522837411920e-02 -7.308796347359740153e+00
2.252000000000000000e+03 1.080487637439642867e+02 5.105307015121671732e+00 3.546752395363785004e-02 -7.339128955557146838e+00
2.253000000000000000e+03 1.079448913700497741e+02 5.084740197697696473e+00 3.543365361260463614e-02 -7.368412825409619948e+00
2.254000000000000000e+03 1.078434955346895379e+02 5.063960604715830982e+00 3.539988327062437712e-02 -7.396655458940838201e+00
2.255000000000000000e+03 1.077431424178066663e+02 5.042952617375456192e+00 3.536621196370510339e-02 -7.423841760959986047e+00
2.256000000000000000e+03 1.076453697822569922e+02 5.021730280311759387e+00 3.533263869826847731e-02 -7.449978607720748158e+00
2.257000000000000000e+03 1.075494871104649377e+02 5.000292733372190490e+00 3.529916245083871557e-02 -7.475050275511699205e+00
2.258000000000000000e+03 1.074555469256504381e+02 4.978639070206893003e+00 3.526578216803825244e-02 -7.499063009584731709e+00
2.259000000000000000e+03 1.073628591021968788e+02 4.956775768520273573e+00 3.523249676642463413e-02 -7.522007881366112869e+00
2.260000000000000000e+03 1.072722193504169184e+02 4.934709263631960496e+00 3.519930513262703453e-02 -7.543883072605553686e+00
2.261000000000000000e+03 1.071836806904276358e+02 4.912438522046937095e+00 3.516620612348927283e-02 -7.564686446260608044e+00
2.262000000000000000e+03 1.070965534303532678e+02 4.889984756784926390e+00 3.513319856634034011e-02 -7.584422974218298030e+00
2.263000000000000000e+03 1.070101479788059180e+02 4.867354287564513271e+00 3.510028125940731214e-02 -7.603082451752771753e+00
2.264000000000000000e+03 1.069260033266758398e+02 4.844538542744581733e+00 3.506745297229071218e-02 -7.620661782221542779e+00
2.265000000000000000e+03 1.068434300129692076e+02 4.821558631372201198e+00 3.503471244662319239e-02 -7.637157548498178627e+00
2.266000000000000000e+03 1.067624814401889211e+02 4.798405918331114073e+00 3.500205839680228109e-02 -7.652610582994062050e+00
2.267000000000000000e+03 1.066824681788856992e+02 4.775101453097273740e+00 3.496948951085932650e-02 -7.666927687309869732e+00
2.268000000000000000e+03 1.066034436116625415e+02 4.751636544892567038e+00 3.493700445144171107e-02 -7.680178766440453053e+00
2.269000000000000000e+03 1.065262039065239179e+02 4.728024763093470639e+00 3.490460185691760669e-02 -7.692321980147161398e+00
2.270000000000000000e+03 1.064500594845904402e+02 4.704272225787358153e+00 3.487228034255762665e-02 -7.703463735684970004e+00
2.271000000000000000e+03 1.063750634974579583e+02 4.680370173378879173e+00 3.484003850192839841e-02 -7.713487270894455961e+00
2.272000000000000000e+03 1.063012689640093100e+02 4.656332112296612813e+00 3.480787490823190194e-02 -7.722424072454384003e+00
2.273000000000000000e+03 1.062287287418682240e+02 4.632171531895314054e+00 3.477578811588764862e-02 -7.730305309751915210e+00
2.274000000000000000e+03 1.061567526635152348e+02 4.607879621355205124e+00 3.474377666212612875e-02 -7.737087552389428247e+00
2.275000000000000000e+03 1.060853931772391405e+02 4.583484698430138060e+00 3.471183906869251129e-02 -7.742801338332347960e+00
2.276000000000000000e+03 1.060154453178775924e+02 4.558985356236944675e+00 3.467997384358984664e-02 -7.747476891681876587e+00
2.277000000000000000e+03 1.059454753373788662e+02 4.534380178592645194e+00 3.464817948292296668e-02 -7.751069840579051906e+00
2.278000000000000000e+03 1.058762776856187884e+02 4.509697455345576422e+00 3.461645447280554261e-02 -7.753609785746639282e+00
2.279000000000000000e+03 1.058079036410615004e+02 4.484928329146540271e+00 3.458479729128497576e-02 -7.755126018652358511e+00
2.280000000000000000e+03 1.057404041167263102e+02 4.460086224166758484e+00 3.455320641028936102e-02 -7.755573239799669061e+00
2.281000000000000000e+03 1.056730867963772482e+02 4.435169706254491473e+00 3.452168029758993784e-02 -7.754905844149701188e+00
2.282000000000000000e+03 1.056060017761494407e+02 4.410199626585366239e+00 3.449021741883587233e-02 -7.753226490170251672e+00
2.283000000000000000e+03 1.055384558665282242e+02 4.385174553450680079e+00 3.445881623951596584e-02 -7.750563251495067973e+00
2.284000000000000000e+03 1.054719839050195560e+02 4.360100487538252523e+00 3.442747522692062717e-02 -7.746795335709402153e+00
2.285000000000000000e+03 1.054051488841742099e+02 4.334983435451503553e+00 3.439619285208409677e-02 -7.742024504269791940e+00
2.286000000000000000e+03 1.053387417706756111e+02 4.309836839917961626e+00 3.436496759169838100e-02 -7.736203657516359300e+00
2.287000000000000000e+03 1.052720673049227571e+02 4.284674153285684461e+00 3.433379792994201846e-02 -7.729433971323059538e+00
2.288000000000000000e+03 1.052051724816864890e+02 4.259486554307024164e+00 3.430268236026524226e-02 -7.721593482338920289e+00
2.289000000000000000e+03 1.051381036916123293e+02 4.234309805112753011e+00 3.427161938708419425e-02 -7.712782791868138865e+00
2.290000000000000000e+03 1.050709066987630393e+02 4.209135112817754099e+00 3.424060752744352565e-02 -7.702953651331943874e+00
2.291000000000000000e+03 1.050028837842142053e+02 4.183983414818665203e+00 3.420964531246072082e-02 -7.692206099359959026e+00
2.292000000000000000e+03 1.049348222308837535e+02 4.158860810473298919e+00 3.417873128879814898e-02 -7.680491330966510155e+00
2.293000000000000000e+03 1.048660229643705435e+02 4.133788276268037798e+00 3.414786401993325643e-02 -7.667760267844506927e+00
2.294000000000000000e+03 1.047965290401947271e+02 4.108764525817928615e+00 3.411704208733976063e-02 -7.654186412262058425e+00
2.295000000000000000e+03 1.047263827921998427e+02 4.083795725003475319e+00 3.408626409155037645e-02 -7.639571582529738336e+00
2.296000000000000000e+03 1.046548829822444873e+02 4.058902922040809713e+00 3.405552865302372695e-02 -7.624088751608483427e+00
2.297000000000000000e+03 1.045828132913019459e+02 4.034084907433872935e+00 3.402483441295477140e-02 -7.607687782765908402e+00
2.298000000000000000e+03 1.045094709667045692e+02 4.009355357412307086e+00 3.399418003387136983e-02 -7.590466850856211423e+00
2.299000000000000000e+03 1.044356381509099236e+02 3.984720550550024498e+00 3.396356420012840160e-02 -7.572301028663757982e+00
2.300000000000000000e+03 1.043598676963576821e+02 3.960194226117310645e+00 3.393298561823835519e-02 -7.553213708358227585e+00
2.301000000000000000e+03 1.042829527081337631e+02 3.935773927747602485e+00 3.390244301705032381e-02 -7.533374467689178289e+00
2.302000000000000000e+03 1.042049928201251987e+02 3.911481456406145973e+00 3.387193514778659431e-02 -7.512572676080728762e+00
2.303000000000000000e+03 1.041246137301106955e+02 3.887300135581108762e+00 3.384146078394741075e-02 -7.491041030843663684e+00
2.304000000000000000e+03 1.040441544987216815e+02 3.863243040927930139e+00 3.381101872106613559e-02 -7.468566297242995589e+00
2.305000000000000000e+03 1.039614963603449667e+02 3.839315860074321130e+00 3.378060777632001938e-02 -7.445306431366223165e+00
2.306000000000000000e+03 1.038774910706574843e+02 3.815509465805795308e+00 3.375022678803791393e-02 -7.421196316516830649e+00
2.307000000000000000e+03 1.037922467298313762e+02 3.791837059331841786e+00 3.371987461505657202e-02 -7.396244901708755926e+00
2.308000000000000000e+03 1.037051277818417532e+02 3.768297030028190164e+00 3.368955013601417081e-02 -7.370460922717011698e+00
2.309000000000000000e+03 1.036162406847287798e+02 3.744887813609051541e+00 3.365925224846542940e-02 -7.343852906697200922e+00
2.310000000000000000e+03 1.035264339116348395e+02 3.721622750276980973e+00 3.362897986797636768e-02 -7.316503460372277168e+00
2.311000000000000000e+03 1.034350694475085106e+02 3.698492944398186211e+00 3.359873192712817258e-02 -7.288346424271596291e+00
2.312000000000000000e+03 1.033415084615875941e+02 3.675511836007393729e+00 3.356850737436834625e-02 -7.259315444543024576e+00
2.313000000000000000e+03 1.032465969804456591e+02 3.652670632085784685e+00 3.353830517292898800e-02 -7.229566828326002614e+00
2.314000000000000000e+03 1.031504373863837571e+02 3.629990306367990360e+00 3.350812429962795463e-02 -7.199108131161106705e+00
2.315000000000000000e+03 1.030523884212728660e+02 3.607454745520278561e+00 3.347796374363715133e-02 -7.167798161966818071e+00
2.316000000000000000e+03 1.029525508607257649e+02 3.585077605597928763e+00 3.344782250525962092e-02 -7.135792689083817919e+00
2.317000000000000000e+03 1.028510246833784407e+02 3.562865171573291523e+00 3.341769959471661139e-02 -7.103024460837760401e+00
2.318000000000000000e+03 1.027479090752856905e+02 3.540808930238545926e+00 3.338759403090594408e-02 -7.069500344678302461e+00
2.319000000000000000e+03 1.026425595992878641e+02 3.518915284832887291e+00 3.335750484019270323e-02 -7.035301332355277992e+00
2.320000000000000000e+03 1.025358167043831656e+02 3.497190699540775327e+00 3.332743105530810296e-02 -7.000433978134984692e+00
2.321000000000000000e+03 1.024270343897431275e+02 3.475634272312690509e+00 3.329737171418845065e-02 -6.964830404064821678e+00
2.322000000000000000e+03 1.023163087136377243e+02 3.454260021058417784e+00 3.326732585896610001e-02 -6.928571155786794833e+00
2.323000000000000000e+03 1.022044777969416742e+02 3.433059743009460707e+00 3.323729253502579611e-02 -6.891662357375682113e+00
2.324000000000000000e+03 1.020901504861243723e+02 3.412047585904831148e+00 3.320727079011889793e-02 -6.854110000224672206e+00
2.325000000000000000e+03 1.019741633660059392e+02 3.391222907294150435e+00 3.317725967363393397e-02 -6.815994231966920225e+00
2.326000000000000000e+03 1.018558665866947877e+02 3.370599988962671212e+00 3.314725823590101289e-02 -6.777246511420805142e+00
2.327000000000000000e+03 1.017360952051547827e+02 3.350170896173098267e+00 3.311726552770633686e-02 -6.737872464582014054e+00
2.328000000000000000e+03 1.016141978459308177e+02 3.329957477079093842e+00 3.308728059988111370e-02 -6.698026173640498904e+00
2.329000000000000000e+03 1.014910080413980893e+02 3.309944508502957294e+00 3.305730250303863527e-02 -6.657638765010235105e+00
2.330000000000000000e+03 1.013651300560815116e+02 3.290153980335776662e+00 3.302733028745759997e-02 -6.616715548907196265e+00
2.331000000000000000e+03 1.012373958955267170e+02 3.270570812899848523e+00 3.299736300312038767e-02 -6.575336024940926727e+00
2.332000000000000000e+03 1.011078939641884489e+02 3.251209712932712659e+00 3.296739969989623265e-02 -6.533431037220099213e+00
2.333000000000000000e+03 1.009767118977111977e+02 3.232063175933672650e+00 3.293743942784382178e-02 -6.491079913994803441e+00
2.334000000000000000e+03 1.008431937244362473e+02 3.213146057029547364e+00 3.290748123774230038e-02 -6.448287622798335228e+00
2.335000000000000000e+03 1.007074255312789290e+02 3.194458429953422218e+00 3.287752418169972296e-02 -6.405059059613660288e+00
2.336000000000000000e+03 1.005694926238541171e+02 3.175993016090195908e+00 3.284756731396012985e-02 -6.361473338052188176e+00
2.337000000000000000e+03 1.004302223560118250e+02 3.157772326888180547e+00 3.281760969180301524e-02 -6.317535228034931727e+00
2.338000000000000000e+03 1.002882127836538757e+02 3.139781809331821272e+00 3.278765037665631182e-02 -6.273175161486186369e+00
2.339000000000000000e+03 1.001442896682607255e+02 3.122036701683406523e+00 3.275768843526913332e-02 -6.228546372041978252e+00
2.340000000000000000e+03 9.999853512969109204e+01 3.104544892285362234e+00 3.272772294107555852e-02 -6.183653483238515491e+00
2.341000000000000000e+03 9.985028763867364887e+01 3.087299491727537593e+00 3.269775297561611227e-02 -6.138426797715244909e+00
2.342000000000000000e+03 9.970037051404317197e+01 3.070308546729414445e+00 3.266777763010092483e-02 -6.092945153420070703e+00
2.343000000000000000e+03 9.954812057455360730e+01 3.053580183884369692e+00 3.263779600705585260e-02 -6.047287362296326130e+00
2.344000000000000000e+03 9.939361663570703342e+01 3.037107753367284779e+00 3.260780722208603960e-02 -6.001457932463960532e+00
2.345000000000000000e+03 9.923693666641698030e+01 3.020906971057272461e+00 3.257781040563197811e-02 -5.955387073892000949e+00
2.346000000000000000e+03 9.907890061575352547e+01 3.004963920420481216e+00 3.254780470485289096e-02 -5.909227838066992256e+00
2.347000000000000000e+03 9.891809906469613622e+01 2.989294479609827526e+00 3.251778928550586728e-02 -5.862910422619709294e+00
2.348000000000000000e+03 9.875535022837203769e+01 2.973892323274011762e+00 3.248776333389212512e-02 -5.816513594459610914e+00
2.349000000000000000e+03 9.858998577336018343e+01 2.958766064532634132e+00 3.245772605879600897e-02 -5.770041844866828029e+00
2.350000000000000000e+03 9.842282215066502715e+01 2.943924398462723246e+00 3.242767669336521497e-02 -5.723573962071123233e+00
2.351000000000000000e+03 9.825393110275311415e+01 2.929360830328826548e+00 3.239761449705754609e-02 -5.677036002418708982e+00
2.352000000000000000e+03 9.808263671369212489e+01 2.915074715088613821e+00 3.236753875751634951e-02 -5.630560161784871731e+00
2.353000000000000000e+03 9.790900401796987751e+01 2.901079931478477647e+00 3.233744879234814323e-02 -5.584051631653931480e+00
2.354000000000000000e+03 9.773309714246495616e+01 2.887368155522052060e+00 3.230734395091324623e-02 -5.537638489449281387e+00
2.355000000000000000e+03 9.755572213810000903e+01 2.873938573935255203e+00 3.227722361592646333e-02 -5.491151719419880450e+00
2.356000000000000000e+03 9.737545563740445687e+01 2.860805312444358428e+00 3.224708720509053550e-02 -5.444719486021810440e+00
2.357000000000000000e+03 9.719384469846916375e+01 2.847952865616564910e+00 3.221693417248139985e-02 -5.398395721722105911e+00
2.358000000000000000e+03 9.700946412471948577e+01 2.835395523558366104e+00 3.218676400992024483e-02 -5.352085848764733811e+00
2.359000000000000000e+03 9.682385914635054291e+01 2.823117944974612659e+00 3.215657624815871501e-02 -5.305843918398618797e+00
2.360000000000000000e+03 9.663560274268617434e+01 2.811127155446341952e+00 3.212637045788645229e-02 -5.259575482032578186e+00
2.361000000000000000e+03 9.644549549128818455e+01 2.799415405470862872e+00 3.209614625063877263e-02 -5.213483297359727153e+00
2.362000000000000000e+03 9.625285139818497271e+01 2.787997311970018544e+00 3.206590327951056724e-02 -5.167398781886471504e+00
2.363000000000000000e+03 9.605846924477785365e+01 2.776857859561503439e+00 3.203564123969182553e-02 -5.121450569446169609e+00
2.364000000000000000e+03 9.586166125602372290e+01 2.765996970349819506e+00 3.200535986886089701e-02 -5.075544530610268446e+00
2.365000000000000000e+03 9.566322445030765209e+01 2.755422075232441426e+00 3.197505894728320391e-02 -5.029809478567284664e+00
2.366000000000000000e+03 9.546321214563347723e+01 2.745133256822831491e+00 3.194473829791138336e-02 -4.984151472904947866e+00
2.367000000000000000e+03 9.526019113734942323e+01 2.735115820691579991e+00 3.191439778614079542e-02 -4.938625241851294589e+00
2.368000000000000000e+03 9.505569872251584229e+01 2.725384865027464798e+00 3.188403731941222286e-02 -4.893211336425030034e+00
2.369000000000000000e+03 9.484978570541112219e+01 2.715933281713870162e+00 3.185365684667992164e-02 -4.848038985528676292e+00
2.370000000000000000e+03 9.464101641458620406e+01 2.706761469227195960e+00 3.182325635762874028e-02 -4.802940399445224884e+00
2.371000000000000000e+03 9.443092573141896651e+01 2.697869903753574050e+00 3.179283588179851461e-02 -4.758045042294357430e+00
2.372000000000000000e+03 9.421881926463338175e+01 2.689251710275856411e+00 3.176239548745761476e-02 -4.713333935376582851e+00
2.373000000000000000e+03 9.400548754634063187e+01 2.680907518681985735e+00 3.173193528034892047e-02 -4.668862511961824779e+00
2.374000000000000000e+03 9.378949187897352147e+01 2.672845463144102318e+00 3.170145540227069236e-02 -4.624612054485919721e+00
2.375000000000000000e+03 9.357236420357953932e+01 2.665044039718077240e+00 3.167095602957799988e-02 -4.580563982174126636e+00
2.376000000000000000e+03 9.335340727872788591e+01 2.657518960818918696e+00 3.164043737144847657e-02 -4.536774138582966742e+00
2.377000000000000000e+03 9.313192321053024614e+01 2.650263727714678996e+00 3.160989966810468649e-02 -4.493224228552239907e+00
2.378000000000000000e+03 9.290944198341897220e+01 2.643271914846474058e+00 3.157934318891767594e-02 -4.449940675682618085e+00
2.379000000000000000e+03 9.268526447634503995e+01 2.636544597421899283e+00 3.154876823041904976e-02 -4.406950056023836382e+00
2.380000000000000000e+03 9.246017666477976604e+01 2.630082922282390268e+00 3.151817511422429913e-02 -4.364264245079252369e+00
2.381000000000000000e+03 9.223273547287499241e+01 2.623873250395256207e+00 3.148756418495624043e-02 -4.321887849776015145e+00
2.382000000000000000e+03 9.200372581118480753e+01 2.617924297773057685e+00 3.145693580803836376e-02 -4.279833068699783638e+00
2.383000000000000000e+03 9.177318926429938983e+01 2.612229992866417660e+00 3.142629036756844352e-02 -4.238119695543063337e+00
2.384000000000000000e+03 9.154116695364153600e+01 2.606791760735520214e+00 3.139562826408307666e-02 -4.196752837416378057e+00
2.385000000000000000e+03 9.130844240017748348e+01 2.601596237097085762e+00 3.136494991244526825e-02 -4.155752631524618934e+00
2.386000000000000000e+03 9.107357021179402068e+01 2.596644980800808078e+00 3.133425573967513200e-02 -4.115131963304852647e+00
2.387000000000000000e+03 9.083733312059732157e+01 2.591939616182374895e+00 3.130354618287641694e-02 -4.074918754578566116e+00
2.388000000000000000e+03 9.060051350454264707e+01 2.587474403745420481e+00 3.127282168719024841e-02 -4.035126253165199017e+00
2.389000000000000000e+03 9.036240774353227323e+01 2.583251095873346337e+00 3.124208270386181346e-02 -3.995767892509885844e+00
2.390000000000000000e+03 9.012231191495135363e+01 2.579256650769544468e+00 3.121132968839260627e-02 -3.956857294523452140e+00
2.391000000000000000e+03 8.988175032346605065e+01 2.575492944829522735e+00 3.118056309880384847e-02 -3.918423129035562003e+00
2.392000000000000000e+03 8.964076134976654942e+01 2.571961914892147316e+00 3.114978339401390170e-02 -3.880479403059094778e+00
2.393000000000000000e+03 8.939789747349483662e+01 2.568650700472010495e+00 3.111899103235478761e-02 -3.843032891718243693e+00
2.394000000000000000e+03 8.915468230530643723e+01 2.565561356074848476e+00 3.108818647025337126e-02 -3.806097997439513492e+00
2.395000000000000000e+03 8.891041076252359687e+01 2.562688565043283795e+00 3.105737016105027115e-02 -3.769696752354750213e+00
2.396000000000000000e+03 8.866586326394870810e+01 2.560019638435834466e+00 3.102654255398265559e-02 -3.733843963916091191e+00
2.397000000000000000e+03 8.842033440826519097e+01 2.557564227289863101e+00 3.099570409337557009e-02 -3.698547217123838049e+00
2.398000000000000000e+03 8.817386149639075654e+01 2.555309751365496762e+00 3.096485521796419477e-02 -3.663829161717290450e+00
2.399000000000000000e+03 8.792722454750720829e+01 2.553251111375891558e+00 3.093399636043267162e-02 -3.629697800826149567e+00
2.400000000000000000e+03 8.767971780875355137e+01 2.551383259450594299e+00 3.090312794711883027e-02 -3.596176206335810477e+00
2.401000000000000000e+03 8.743136751881463908e+01 2.549701902304534418e+00 3.087225039793218065e-02 -3.563277959233351666e+00
2.402000000000000000e+03 8.718364249022525314e+01 2.548205613133577518e+00 3.084136412638927710e-02 -3.531000321956949684e+00
2.403000000000000000e+03 8.693428654017461099e+01 2.546893717271778268e+00 3.081046953993679671e-02 -3.499360782934425540e+00
2.404000000000000000e+03 8.668550044057674597e+01 2.545765586576084427e+00 3.077956704038302405e-02 -3.468347336221113686e+00
2.405000000000000000e+03 8.643577074143767902e+01 2.544828066518505683e+00 3.074865702445426716e-02 -3.437970481472558237e+00
2.406000000000000000e+03 8.618581245858582918e+01 2.544065761513865986e+00 3.071773988466431141e-02 -3.408226083624600999e+00
2.407000000000000000e+03 8.593559774005208851e+01 2.543485603737623890e+00 3.068681601019519756e-02 -3.379125087635695301e+00
2.408000000000000000e+03 8.568435587157073030e+01 2.543079710078763434e+00 3.065588578796198810e-02 -3.350656377986506396e+00
2.409000000000000000e+03 8.543354462128066018e+01 2.542847665882934205e+00 3.062494960388619653e-02 -3.322823921591083529e+00
2.410000000000000000e+03 8.518165039833964158e+01 2.542796523633755523e+00 3.059400784414536764e-02 -3.295639340515095661e+00
2.411000000000000000e+03 8.493013093619570952e+01 2.542911088222171490e+00 3.056306089671073645e-02 -3.269092199551486111e+00
2.412000000000000000e+03 8.467747261484197452e+01 2.543191057357934604e+00 3.053210915279364057e-02 -3.243187148855762203e+00
2.413000000000000000e+03 8.442513314296098770e+01 2.543643591869644727e+00 3.050115300848162125e-02 -3.217929068036622375e+00
2.414000000000000000e+03 8.417234171429383593e+01 2.544253600944710758e+00 3.047019286640408053e-02 -3.193315638503269938e+00
2.415000000000000000e+03 8.391907034899840312e+01 2.545028310862956111e+00 3.043922913743273700e-02 -3.169352200769199879e+00
2.416000000000000000e+03 8.366603389473768004e+01 2.545960121869095705e+00 3.040826224241153716e-02 -3.146036898260453629e+00
2.417000000000000000e+03 8.341246152264056946e+01 2.547048891839380769e+00 3.037729261386144797e-02 -3.123375534429415179e+00
2.418000000000000000e+03 8.315906806850337318e+01 2.548287078189525712e+00 3.034632069777182597e-02 -3.101374144722248261e+00
2.419000000000000000e+03 8.290508269397332697e+01 2.549682021527260645e+00 3.031534695516991881e-02 -3.080024140099568264e+00
2.420000000000000000e+03 8.265196306325418618e+01 2.551211374146095334e+00 3.028437186386994523e-02 -3.059332020561981391e+00
2.421000000000000000e+03 8.239819549992098757e+01 2.552889953767246922e+00 3.025339591998662397e-02 -3.039289661776169549e+00
2.422000000000000000e+03 8.214449483460185775e+01 2.554702886971766063e+00 3.022241963946445051e-02 -3.019911456755710599e+00
2.423000000000000000e+03 8.189157590302905021e+01 2.556650177881856223e+00 3.019144355942508448e-02 -3.001182317240691955e+00
2.424000000000000000e+03 8.163792504480716161e+01 2.558724421685794503e+00 3.016046823947381855e-02 -2.983109671882575142e+00
2.425000000000000000e+03 8.138499995323765290e+01 2.560933088260912260e+00 3.012949426284027357e-02 -2.965693752477670753e+00
2.426000000000000000e+03 8.113202983568227467e+01 2.563253950641440237e+00 3.009852223736428703e-02 -2.948927593502788547e+00
2.427000000000000000e+03 8.087898676016415322e+01 2.565694510387510174e+00 3.006755279639308776e-02 -2.932811888252661703e+00
2.428000000000000000e+03 8.062658566289589146e+01 2.568247426049073301e+00 3.003658659941414732e-02 -2.917347559827512704e+00
2.429000000000000000e+03 8.037479868683965378e+01 2.570912796780950860e+00 3.000562433257953840e-02 -2.902535760372201512e+00
2.430000000000000000e+03 8.012285519144312218e+01 2.573675875855934603e+00 2.997466670908427097e-02 -2.888363013516173972e+00
2.431000000000000000e+03 7.987147026861032373e+01 2.576536782629984312e+00 2.994371446921947899e-02 -2.874845783516921660e+00
2.432000000000000000e+03 7.962061624970424134e+01 2.579495644406617050e+00 2.991276838040322211e-02 -2.861971047401994817e+00
2.433000000000000000e+03 7.937026555384207427e+01 2.582537738302958186e+00 2.988182923687093470e-02 -2.849740863916783606e+00
2.434000000000000000e+03 7.912113353738280352e+01 2.585663203219358497e+00 2.985089785927442022e-02 -2.838150087223160867e+00
2.435000000000000000e+03 7.887170716946906168e+01 2.588872181710448306e+00 2.981997509398444032e-02 -2.827193793902565755e+00
2.436000000000000000e+03 7.862344489399993108e+01 2.592149961859555152e+00 2.978906181233319586e-02 -2.816874709863669057e+00
2.437000000000000000e+03 7.837557680237370050e+01 2.595489260908685480e+00 2.975815890953092263e-02 -2.807188352104453166e+00
2.438000000000000000e+03 7.812881882760437691e+01 2.598897652192781571e+00 2.972726730346334639e-02 -2.798123027081098169e+00
2.439000000000000000e+03 7.788240142422897350e+01 2.602352993627735422e+00 2.969638793332402688e-02 -2.789682114035020088e+00
2.440000000000000000e+03 7.763704092936328038e+01 2.605862853108138033e+00 2.966552175802527822e-02 -2.781861778126949680e+00
2.441000000000000000e+03 7.739271107945276640e+01 2.609412508658079499e+00 2.963466975452491714e-02 -2.774658396881974909e+00
2.442000000000000000e+03 7.714938586790687225e+01 2.613002088792514499e+00 2.960383291595379204e-02 -2.768061129845334811e+00
2.443000000000000000e+03 7.690629673337151928e+01 2.616616857734575863e+00 2.957301224962420594e-02 -2.762066773201720782e+00
2.444000000000000000e+03 7.666490392371062512e+01 2.620256927443724848e+00 2.954220877492010414e-02 -2.756672329258393006e+00
2.445000000000000000e+03 7.642518234523782894e+01 2.623922399551929630e+00 2.951142352108519079e-02 -2.751875004194475505e+00
2.446000000000000000e+03 7.618562158743100099e+01 2.627591078959710114e+00 2.948065752494868560e-02 -2.747657349027758045e+00
2.447000000000000000e+03 7.594842579305942820e+01 2.631270470945563655e+00 2.944991182850606112e-02 -2.744031827303151871e+00
2.448000000000000000e+03 7.571208533299811450e+01 2.634945781383182695e+00 2.941918747658150285e-02 -2.740973957449032383e+00
2.449000000000000000e+03 7.547657667645147228e+01 2.638609628823614273e+00 2.938848551431284470e-02 -2.738489165361783773e+00
2.450000000000000000e+03 7.524336241585643847e+01 2.642262043188979614e+00 2.935780698471158329e-02 -2.736560783311884570e+00
2.451000000000000000e+03 7.501092499186106011e+01 2.645889191288382847e+00 2.932715292621674436e-02 -2.735188338254849416e+00
2.452000000000000000e+03 7.478068152924959122e+01 2.649488696168496915e+00 2.929652437026341108e-02 -2.734361283467522163e+00
2.453000000000000000e+03 7.455106904892465991e+01 2.653066600269839537e+00 2.926592233883570232e-02 -2.734092689625260419e+00
2.454000000000000000e+03 7.432349646063129001e+01 2.656621495616707129e+00 2.923534784221598626e-02 -2.734380950858681381e+00
2.455000000000000000e+03 7.409714474002406348e+01 2.660144522582910120e+00 2.920480187667414892e-02 -2.735209781772130366e+00
2.456000000000000000e+03 7.387268112513351070e+01 2.663634225373924913e+00 2.917428542235088462e-02 -2.736585356152103632e+00
2.457000000000000000e+03 7.365003063161928765e+01 2.667096550825163614e+00 2.914379944114797727e-02 -2.738499162114166996e+00
2.458000000000000000e+03 7.342837607198067928e+01 2.670522562166360192e+00 2.911334487488379669e-02 -2.740957712345340802e+00
2.459000000000000000e+03 7.320764374360079785e+01 2.673918151255304299e+00 2.908292264346224940e-02 -2.743952827489927415e+00
2.460000000000000000e+03 7.298924628046098917e+01 2.677274324027399288e+00 2.905253364328748769e-02 -2.747476489584546044e+00
2.461000000000000000e+03 7.277236849331961821e+01 2.680596912765631057e+00 2.902217874578940163e-02 -2.751528267092645752e+00
2.462000000000000000e+03 7.255619588863561376e+01 2.683876861587281226e+00 2.899185879613136105e-02 -2.756107883190752172e+00
2.463000000000000000e+03 7.234288602100167509e+01 2.687112510401496568e+00 2.896157461214952933e-02 -2.761200355658425476e+00
2.464000000000000000e+03 7.213014015366317722e+01 2.690309593835702451e+00 2.893132698341461043e-02 -2.766805706826080513e+00
2.465000000000000000e+03 7.191937445296083808e+01 2.693458955131045940e+00 2.890111667057156108e-02 -2.772916675029319045e+00
2.466000000000000000e+03 7.170977731567083424e+01 2.696558830159632159e+00 2.887094440480855381e-02 -2.779526139424493003e+00
2.467000000000000000e+03 7.150202355002905108e+01 2.699607418061251707e+00 2.884081088754294683e-02 -2.786627116416403371e+00
2.468000000000000000e+03 7.129604587491249390e+01 2.702610308601334221e+00 2.881071679039452077e-02 -2.794212756050036273e+00
2.469000000000000000e+03 7.109177775748808870e+01 2.705550767798866385e+00 2.878066275523510215e-02 -2.802276338368328013e+00
2.470000000000000000e+03 7.088841057920119226e+01 2.708441735428322339e+00 2.875064939451672102e-02 -2.810811269737677254e+00
2.471000000000000000e+03 7.068736497531266139e+01 2.711266397289393559e+00 2.872067729180988876e-02 -2.819803650792721328e+00
2.472000000000000000e+03 7.048783382265483510e+01 2.714030182752357412e+00 2.869074700245471607e-02 -2.829247129403011929e+00
2.473000000000000000e+03 7.028975357616292285e+01 2.716731050472610765e+00 2.866085905446419044e-02 -2.839135468561675868e+00
2.474000000000000000e+03 7.009306142887369617e+01 2.719359487528449471e+00 2.863101394954049861e-02 -2.849455114248391041e+00
2.475000000000000000e+03 6.989843814064313676e+01 2.721920793631883218e+00 2.860121216432496769e-02 -2.860207476669244464e+00
2.476000000000000000e+03 6.970507952551955100e+01 2.724412795260549025e+00 2.857145415170446456e-02 -2.871371784671643113e+00
2.477000000000000000e+03 6.951366778314122996e+01 2.726825844862926562e+00 2.854174034234787175e-02 -2.882934795290300389e+00
2.478000000000000000e+03 6.932414298391165630e+01 2.729157676786956088e+00 2.851207114624656341e-02 -2.894890789872014647e+00
2.479000000000000000e+03 6.913644589333542001e+01 2.731413406530927457e+00 2.848244695446563654e-02 -2.907219285131032560e+00
2.480000000000000000e+03 6.894977512548064169e+01 2.733583244966697912e+00 2.845286814090636565e-02 -2.919922170988858312e+00
2.481000000000000000e+03 6.876555847086179085e+01 2.735672211037709634e+00 2.842333506416908767e-02 -2.932964279844543221e+00
2.482000000000000000e+03 6.858299587349193871e+01 2.737670417678170320e+00 2.839384806946491577e-02 -2.946355094484568227e+00
2.483000000000000000e+03 6.840203075773010255e+01 2.739582784557486939e+00 2.836440749054373878e-02 -2.960074460623564718e+00
2.484000000000000000e+03 6.822260717967670018e+01 2.741399324045953101e+00 2.833501365167514358e-02 -2.974102296335678908e+00
2.485000000000000000e+03 6.804541264842026749e+01 2.743117425655638542e+00 2.830566686951995273e-02 -2.988433444773698433e+00
2.486000000000000000e+03 6.787039244213782752e+01 2.744741855453787238e+00 2.827636745511536917e-02 -3.003047956776045080e+00
2.487000000000000000e+03 6.769674959429985961e+01 2.746255042098733501e+00 2.824711571572354266e-02 -3.017933371916079466e+00
2.488000000000000000e+03 6.752517338512730305e+01 2.747669074752014495e+00 2.821791195664619806e-02 -3.033084714492145562e+00
2.489000000000000000e+03 6.735486798817062493e+01 2.748973704110460492e+00 2.818875648296464975e-02 -3.048474776109316053e+00
2.490000000000000000e+03 6.718652379749899239e+01 2.750158626964337660e+00 2.815964960115812862e-02 -3.064091253407279947e+00
2.491000000000000000e+03 6.702083174525795073e+01 2.751235770778956979e+00 2.813059162066079352e-02 -3.079921887331207753e+00
2.492000000000000000e+03 6.685625478482248241e+01 2.752194723147631805e+00 2.810158285525649405e-02 -3.095947030749184314e+00
2.493000000000000000e+03 6.669348488988809720e+01 2.753032444770680431e+00 2.807262362433156008e-02 -3.112154501117424754e+00
2.494000000000000000e+03 6.653284312162303138e+01 2.753753269056994135e+00 2.804371425398856366e-02 -3.128517291392895583e+00
2.495000000000000000e+03 6.637398248527230749e+01 2.754339188348099654e+00 2.801485507805888744e-02 -3.145023279397327176e+00
2.496000000000000000e+03 6.621707645775158824e+01 2.754801852018715191e+00 2.798604643879028589e-02 -3.161660367080597389e+00
2.497000000000000000e+03 6.606200186166938693e+01 2.755130567697217092e+00 2.795728868750741586e-02 -3.178401619786618504e+00
2.498000000000000000e+03 6.590885884343391865e+01 2.755329442712724397e+00 2.792858218504886206e-02 -3.195234975624329898e+00
2.499000000000000000e+03 6.575752516690110383e+01 2.755380242063327767e+00 2.789992730194437026e-02 -3.212140956391910329e+00
2.500000000000000000e+03 6.560810191014721227e+01 2.755294386610783963e+00 2.787132441850439027e-02 -3.229100091908675640e+00
2.501000000000000000e+03 6.546054178879998631e+01 2.755061368561609658e+00 2.784277392465756007e-02 -3.246095825505801002e+00
2.502000000000000000e+03 6.531487123645483450e+01 2.754679707157041690e+00 2.781427621958713556e-02 -3.263123238528559789e+00
2.503000000000000000e+03 6.517104260478315325e+01 2.754148277637606057e+00 2.778583171122536374e-02 -3.280187746193950815e+00
2.504000000000000000e+03 6.502908298667742315e+01 2.753473325264298666e+00 2.775744081553155329e-02 -3.297279899062181663e+00
2.505000000000000000e+03 6.488901993389811196e+01 2.752653608478841551e+00 2.772910395558447413e-02 -3.314390235774917759e+00
2.506000000000000000e+03 6.475073289219993455e+01 2.751680398787897719e+00 2.770082156054417058e-02 -3.331531564160137293e+00
2.507000000000000000e+03 6.461439890540164299e+01 2.750559765721587446e+00 2.767259406441851394e-02 -3.348679530502195245e+00
2.508000000000000000e+03 6.447989835127731340e+01 2.749297720064238337e+00 2.764442190465637647e-02 -3.365846899136314629e+00
2.509000000000000000e+03 6.434718636375950496e+01 2.747885357108506454e+00 2.761630552070168387e-02 -3.383024121760189740e+00
2.510000000000000000e+03 6.421636712182629481e+01 2.746321141684312739e+00 2.758824535227090424e-02 -3.400201618621989219e+00
2.511000000000000000e+03 6.408739672147648037e+01 2.744618336510534995e+00 2.756024183767966790e-02 -3.417384631383591387e+00
2.512000000000000000e+03 6.396030603272277659e+01 2.742760432118440228e+00 2.753229541193281948e-02 -3.434556077559409726e+00
2.513000000000000000e+03 6.383490357246167690e+01 2.740753145351576769e+00 2.750440650485257155e-02 -3.451721116837376702e+00
2.514000000000000000e+03 6.371136977965595349e+01 2.738602134386534992e+00 2.747657553905497388e-02 -3.468870005578446047e+00
2.515000000000000000e+03 6.358966275464511853e+01 2.736305570477370885e+00 2.744880292793914697e-02 -3.485992949801107965e+00
2.516000000000000000e+03 6.346966683352972893e+01 2.733854138073486872e+00 2.742108907360413239e-02 -3.503087529850836379e+00
2.517000000000000000e+03 6.335141544598723584e+01 2.731253320011311825e+00 2.739343436481258415e-02 -3.520151268406151335e+00
2.518000000000000000e+03 6.323486827188043691e+01 2.728508540977806707e+00 2.736583917490159612e-02 -3.537174198523831858e+00
2.519000000000000000e+03 6.312005981506597863e+01 2.725617739347130808e+00 2.733830385976291841e-02 -3.554146288425526379e+00
2.520000000000000000e+03 6.300695084275964319e+01 2.722571367390365538e+00 2.731082875589636166e-02 -3.571064866327270604e+00
2.521000000000000000e+03 6.289550267486016821e+01 2.719382104909106701e+00 2.728341417841621125e-02 -3.587919760262919144e+00
2.522000000000000000e+03 6.278575147260977474e+01 2.716047717739279221e+00 2.725606041929544074e-02 -3.604708151355162649e+00
2.523000000000000000e+03 6.267758539247260074e+01 2.712573343079619281e+00 2.722876774555255119e-02 -3.621412285383511342e+00
2.524000000000000000e+03 6.257104172365509953e+01 2.708949204740939809e+00 2.720153639765428982e-02 -3.638029182854027432e+00
2.525000000000000000e+03 6.246615832363855247e+01 2.705180326869414120e+00 2.717436658801292149e-02 -3.654548350669020174e+00
2.526000000000000000e+03 6.236282505264933462e+01 2.701264249240185489e+00 2.714725849962936616e-02 -3.670959207250866108e+00
2.527000000000000000e+03 6.226100662449721312e+01 2.697213312674417995e+00 2.712021228486846333e-02 -3.687258507720725387e+00
2.528000000000000000e+03 6.216081688919182113e+01 2.693017517676051131e+00 2.709322806442800852e-02 -3.703435484082620910e+00
2.529000000000000000e+03 6.206207312976111012e+01 2.688681666592649844e+00 2.706630592643652355e-02 -3.719471842165726461e+00
2.530000000000000000e+03 6.196481604326912418e+01 2.684210507345767827e+00 2.703944592580552475e-02 -3.735371472026564721e+00
2.531000000000000000e+03 6.186901260192944818e+01 2.679601305532772759e+00 2.701264808369230330e-02 -3.751115874908706793e+00
2.532000000000000000e+03 6.177463033032388751e+01 2.674851273250043349e+00 2.698591238716907537e-02 -3.766693873766476575e+00
2.533000000000000000e+03 6.168163729768961900e+01 2.669964997936760120e+00 2.695923878916074018e-02 -3.782101610449899010e+00
2.534000000000000000e+03 6.159007639227195341e+01 2.664947014538697534e+00 2.693262720847301034e-02 -3.797320257902195184e+00
2.535000000000000000e+03 6.149976817672914819e+01 2.659786949341838014e+00 2.690607753007976180e-02 -3.812353159223496046e+00
2.536000000000000000e+03 6.141075657714171854e+01 2.654496662277629149e+00 2.687958960556061094e-02 -3.827173826596601991e+00
2.537000000000000000e+03 6.132308601910352053e+01 2.649073105745233025e+00 2.685316325380964278e-02 -3.841785365532217611e+00
2.538000000000000000e+03 6.123657856245396403e+01 2.643513181904876941e+00 2.682679826182095967e-02 -3.856168473926797180e+00
2.539000000000000000e+03 6.115127958622148441e+01 2.637828599990073464e+00 2.680049438573636061e-02 -3.870318581390247203e+00
2.540000000000000000e+03 6.106716063728850230e+01 2.632008735186735393e+00 2.677425135201464204e-02 -3.884216133488806566e+00
2.541000000000000000e+03 6.098419369538346757e+01 2.626072627733571974e+00 2.674806885876702608e-02 -3.897856302857686028e+00
2.542000000000000000e+03 6.090227686995991263e+01 2.620002128436371258e+00 2.672194657726212688e-02 -3.911226701930032412e+00
2.543000000000000000e+03 6.082153151356612142e+01 2.613823611204864950e+00 2.669588415355109157e-02 -3.924314809135218685e+00
2.544000000000000000e+03 6.074178221575932213e+01 2.607518833551073278e+00 2.666988121017198343e-02 -3.937107966815385218e+00
2.545000000000000000e+03 6.066300248172596099e+01 2.601106649160087603e+00 2.664393734807048511e-02 -3.949593379210641686e+00
2.546000000000000000e+03 6.058524042566561718e+01 2.594576153472428537e+00 2.661805214846728676e-02 -3.961758110512830999e+00
2.547000000000000000e+03 6.050839589656397521e+01 2.587938682886263830e+00 2.659222517493589275e-02 -3.973596511338406856e+00
2.548000000000000000e+03 6.043236902098980323e+01 2.581190673772356892e+00 2.656645597543302179e-02 -3.985095360218978477e+00
2.549000000000000000e+03 6.035720874552445281e+01 2.574335948306113231e+00 2.654074408444868569e-02 -3.996233861861121728e+00
2.550000000000000000e+03 6.028281567793223417e+01 2.567378286913471808e+00 2.651508902510577373e-02 -4.007005930525163073e+00
2.551000000000000000e+03 6.020917203449536714e+01 2.560313599375739546e+00 2.648949031133584694e-02 -4.017407190471049105e+00
2.552000000000000000e+03 6.013628869687835277e+01 2.553143578288485038e+00 2.646394744998449913e-02 -4.027418265621994564e+00
2.553000000000000000e+03 6.006410953851989376e+01 2.545869475615030186e+00 2.643845994293396104e-02 -4.037058628648868108e+00
2.554000000000000000e+03 5.999265284531814757e+01 2.538492504892622126e+00 2.641302728912447301e-02 -4.046310457317823683e+00
2.555000000000000000e+03 5.992193700794669553e+01 2.531006413745503725e+00 2.638764898658489677e-02 -4.055178059959729353e+00
2.556000000000000000e+03 5.985183193115493339e+01 2.523427198161416030e+00 2.636232453431151118e-02 -4.063665589154039637e+00
2.557000000000000000e+03 5.978257899518875718e+01 2.515741104926938032e+00 2.633705343410678787e-02 -4.071769612180199616e+00
2.558000000000000000e+03 5.971389963136702761e+01 2.507956630977537849e+00 2.631183519227399403e-02 -4.079479109885950194e+00
2.559000000000000000e+03 5.964596098602154939e+01 2.500074810905600131e+00 2.628666932118776597e-02 -4.086812617373420053e+00
2.560000000000000000e+03 5.957878163177764463e+01 2.492089217879637886e+00 2.626155534078722376e-02 -4.093751367848135203e+00
2.561000000000000000e+03 5.951215726432786113e+01 2.484008249624121145e+00 2.623649277983790620e-02 -4.100298718488149419e+00
2.562000000000000000e+03 5.944625495177811558e+01 2.475825415956780073e+00 2.621148117712889664e-02 -4.106465292876861461e+00
2.563000000000000000e+03 5.938094456556634526e+01 2.467549053136851800e+00 2.618652008240128157e-02 -4.112231838450651544e+00
2.564000000000000000e+03 5.931624446508858028e+01 2.459172611419542687e+00 2.616160905726025443e-02 -4.117608652565631466e+00
2.565000000000000000e+03 5.925209863201720140e+01 2.450696941070306334e+00 2.613674767574781718e-02 -4.122591011726222554e+00
2.566000000000000000e+03 5.918852522338072220e+01 2.442130293335673219e+00 2.611193552486151467e-02 -4.127174027681336455e+00
2.567000000000000000e+03 5.912554227540826446e+01 2.433466036370385055e+00 2.608717220479896820e-02 -4.131360075235618545e+00
2.568000000000000000e+03 5.906309340865883684e+01 2.424719797972906488e+00 2.606245732913478261e-02 -4.135151363425664250e+00
2.569000000000000000e+03 5.900119638494434327e+01 2.415877468124042693e+00 2.603779052473642261e-02 -4.138549935111811351e+00
2.570000000000000000e+03 5.893972024801685450e+01 2.406954626784847839e+00 2.601317143151571365e-02 -4.141550238285005570e+00
2.571000000000000000e+03 5.887883101703524602e+01 2.397951974796108665e+00 2.598859970202994918e-02 -4.144153982489929611e+00
2.572000000000000000e+03 5.881832312872024460e+01 2.388862763234206987e+00 2.596407500092106843e-02 -4.146362710262863516e+00
2.573000000000000000e+03 5.875828798373991901e+01 2.379702507821912061e+00 2.593959700417568237e-02 -4.148170368635108574e+00
2.574000000000000000e+03 5.869874252519518620e+01 2.370471848190594422e+00 2.591516539829126844e-02 -4.149585594103058384e+00
2.575000000000000000e+03 5.863948066868807274e+01 2.361163977247255907e+00 2.589077987923139521e-02 -4.150601999212383930e+00
2.576000000000000000e+03 5.858066756842221423e+01 2.351794355595055563e+00 2.586644015131443416e-02 -4.151220457659732688e+00
2.577000000000000000e+03 5.852209678118968839e+01 2.342348714103445140e+00 2.584214592598016794e-02 -4.151441676059587138e+00
2.578000000000000000e+03 5.846385881775301385e+01 2.332842481734021423e+00 2.581789692039346620e-02 -4.151258765777110504e+00
2.579000000000000000e+03 5.840589544244846110e+01 2.323276216464212229e+00 2.579369285608181656e-02 -4.150679528228415904e+00
2.580000000000000000e+03 5.834814824147218815e+01 2.313650463014079062e+00 2.576953345740412918e-02 -4.149704170145502857e+00
2.581000000000000000e+03 5.829055862472551297e+01 2.303965753873173039e+00 2.574541844998805631e-02 -4.148325303958516841e+00
2.582000000000000000e+03 5.823314211162251297e+01 2.294230038677766093e+00 2.572134755914108617e-02 -4.146550233295249299e+00
2.583000000000000000e+03 5.817591405024714390e+01 2.284443828537033205e+00 2.569732050824785272e-02 -4.144371240095416020e+00
2.584000000000000000e+03 5.811874105325381379e+01 2.274615053759495797e+00 2.567333701716842387e-02 -4.141802726943858204e+00
2.585000000000000000e+03 5.806163813492095471e+01 2.264736779827161595e+00 2.564939680056622234e-02 -4.138836647617440967e+00
2.586000000000000000e+03 5.800454586371611754e+01 2.254824350169958969e+00 2.562549956638049409e-02 -4.135479649551351500e+00
2.587000000000000000e+03 5.794740464879339470e+01 2.244878245435779629e+00 2.560164501425239714e-02 -4.131715932869178154e+00
2.588000000000000000e+03 5.789030330981049133e+01 2.234891512859570550e+00 2.557783283404165692e-02 -4.127566678032619230e+00
2.589000000000000000e+03 5.783310766194351515e+01 2.224879480680327593e+00 2.555406270444711414e-02 -4.123023191602978699e+00
2.590000000000000000e+03 5.777568336853931186e+01 2.214842617402705827e+00 2.553033429161984114e-02 -4.118091477322246341e+00
2.591000000000000000e+03 5.771819307679486855e+01 2.204788817856887739e+00 2.550664724797804123e-02 -4.112762523757143462e+00
2.592000000000000000e+03 5.766042786734156067e+01 2.194711119152974010e+00 2.548300121107510349e-02 -4.107049447160593836e+00
2.593000000000000000e+03 5.760240152272870517e+01 2.184609986732431786e+00 2.545939580261132040e-02 -4.100942922545180558e+00
2.594000000000000000e+03 5.754412767666256912e+01 2.174508172064453682e+00 2.543583062757288904e-02 -4.094448326673394867e+00
2.595000000000000000e+03 5.748547124596570512e+01 2.164391286834639772e+00 2.541230527348587245e-02 -4.087570882659950833e+00
2.596000000000000000e+03 5.742644556271118716e+01 2.154274659082267895e+00 2.538881930988685226e-02 -4.080308232987156281e+00
2.597000000000000000e+03 5.736698952095145643e+01 2.144158764077874757e+00 2.536537228789631504e-02 -4.072672725983569109e+00
2.598000000000000000e+03 5.730704185652978566e+01 2.134051510346762548e+00 2.534196373992932128e-02 -4.064661703912334723e+00
2.599000000000000000e+03 5.724661542593479169e+01 2.123953383934511496e+00 2.531859317959044703e-02 -4.056279789571956229e+00
2.600000000000000000e+03 5.718564863367135587e+01 2.113872306066312046e+00 2.529526010182454876e-02 -4.047524031205343320e+00
2.601000000000000000e+03 5.712416088835966121e+01 2.103808062698102610e+00 2.527196398306349318e-02 -4.038405658435412882e+00
2.602000000000000000e+03 5.706197614824303344e+01 2.093772446411209298e+00 2.524870428166518105e-02 -4.028918778239511944e+00
2.603000000000000000e+03 5.699929649352164063e+01 2.083761688046591676e+00 2.522548043846971344e-02 -4.019071682483124519e+00
2.604000000000000000e+03 5.693595238609518105e+01 2.073764600682061587e+00 2.520229187747378974e-02 -4.008865095490016905e+00
2.605000000000000000e+03 5.687207121063207182e+01 2.063792293951424384e+00 2.517913800674406732e-02 -3.998284747583528365e+00
2.606000000000000000e+03 5.680748299520968203e+01 2.053841033202300270e+00 2.515601821938074842e-02 -3.987353375482439510e+00
2.607000000000000000e+03 5.674231466715573902e+01 2.043914525446391295e+00 2.513293189469318831e-02 -3.976049012443624964e+00
2.608000000000000000e+03 5.667654433907305389e+01 2.034016491899012902e+00 2.510987839943021674e-02 -3.964386702160193288e+00
2.609000000000000000e+03 5.661014986216670763e+01 2.024135812158197822e+00 2.508685708919713292e-02 -3.952359074053016119e+00
2.610000000000000000e+03 5.654310881192073168e+01 2.014276238474946190e+00 2.506386730991033360e-02 -3.939980915512951487e+00
2.611000000000000000e+03 5.647547275671005451e+01 2.004448968261468789e+00 2.504090839939361601e-02 -3.927244603985160065e+00
2.612000000000000000e+03 5.640714439192068141e+01 1.994642931537701891e+00 2.501797968902831626e-02 -3.914157250950115241e+00
2.613000000000000000e+03 5.633817465819413428e+01 1.984861933518786925e+00 2.499508050546621341e-02 -3.900725847494934673e+00
2.614000000000000000e+03 5.626853987485621644e+01 1.975117227089497662e+00 2.497221017240049135e-02 -3.886942409925402409e+00
2.615000000000000000e+03 5.619829029065777348e+01 1.965397800216051705e+00 2.494936801239368632e-02 -3.872813695518344979e+00
2.616000000000000000e+03 5.612740150040469445e+01 1.955707518498171593e+00 2.492655334866091324e-02 -3.858353776560059067e+00
2.617000000000000000e+03 5.605577442859512161e+01 1.946050269256952348e+00 2.490376550695375807e-02 -3.843554329369803568e+00
2.618000000000000000e+03 5.598353244717135624e+01 1.936429962310754371e+00 2.488100381733017452e-02 -3.828429206859618184e+00
2.619000000000000000e+03 5.591057565845488142e+01 1.926835674037663315e+00 2.485826761601896140e-02 -3.812977299274043830e+00
2.620000000000000000e+03 5.583702658042114564e+01 1.917286218227034933e+00 2.483555624711083348e-02 -3.797204821762452553e+00
2.621000000000000000e+03 5.576271014685244864e+01 1.907778148364385418e+00 2.481286906432859929e-02 -3.781117888579765385e+00
2.622000000000000000e+03 5.568774796053592269e+01 1.898300615055173113e+00 2.479020543261084911e-02 -3.764722515664924885e+00
2.623000000000000000e+03 5.561203829452626479e+01 1.888872508485516688e+00 2.476756472973354328e-02 -3.748024623245504561e+00
2.624000000000000000e+03 5.553570177963249677e+01 1.879483032315876434e+00 2.474494634773967763e-02 -3.731022610116717875e+00
2.625000000000000000e+03 5.545856140714873561e+01 1.870136274464078818e+00 2.472234969434301821e-02 -3.713737069694674986e+00
2.626000000000000000e+03 5.538073678497755736e+01 1.860843779422375110e+00 2.469977419415637573e-02 -3.696151365888398654e+00
2.627000000000000000e+03 5.530219842564632415e+01 1.851587407159016152e+00 2.467721928984409341e-02 -3.678285919296499173e+00
2.628000000000000000e+03 5.522284201983401886e+01 1.842386188908693878e+00 2.465468444315271207e-02 -3.660146211468549904e+00
2.629000000000000000e+03 5.514278556145655585e+01 1.833236900994020147e+00 2.463216913573647651e-02 -3.641737644336210167e+00
2.630000000000000000e+03 5.506184935532549929e+01 1.824136350484717228e+00 2.460967286992686923e-02 -3.623058114609997826e+00
2.631000000000000000e+03 5.498022456198899022e+01 1.815088804141282042e+00 2.458719516929395998e-02 -3.604127729942175229e+00
2.632000000000000000e+03 5.489780464070276622e+01 1.806105988993115696e+00 2.456473557909431144e-02 -3.584959098301740976e+00
2.633000000000000000e+03 5.481463104613766291e+01 1.797177379500295880e+00 2.454229366653455299e-02 -3.565557330762907373e+00
2.634000000000000000e+03 5.473059609127555092e+01 1.788314768202278859e+00 2.451986902093886145e-02 -3.545927472655649559e+00
2.635000000000000000e+03 5.464588864654977129e+01 1.779522552848525674e+00 2.449746125368429395e-02 -3.526081934726591260e+00
2.636000000000000000e+03 5.456032558766384710e+01 1.770797736914248244e+00 2.447506999809206246e-02 -3.506033067609200859e+00
2.637000000000000000e+03 5.447402034765860179e+01 1.762144786800853069e+00 2.445269490907355306e-02 -3.485793164652580600e+00
2.638000000000000000e+03 5.438686293412123973e+01 1.753560775619286138e+00 2.443033566272675983e-02 -3.465359608057556606e+00
2.639000000000000000e+03 5.429896563307917035e+01 1.745057668708583254e+00 2.440799195570654556e-02 -3.444752013471038765e+00
2.640000000000000000e+03 5.421014302847537181e+01 1.736625182336084761e+00 2.438566350457639642e-02 -3.423975091084016320e+00
2.641000000000000000e+03 5.412058055875185403e+01 1.728275354234172445e+00 2.436335004492613115e-02 -3.403033505186010999e+00
2.642000000000000000e+03 5.403009168790001837e+01 1.720005402267683614e+00 2.434105133051768857e-02 -3.381939305373671267e+00
2.643000000000000000e+03 5.393878646401338273e+01 1.711812581536678257e+00 2.431876713219139827e-02 -3.360704501062092397e+00
2.644000000000000000e+03 5.384655154268784827e+01 1.703709041462473373e+00 2.429649723679062553e-02 -3.339341064349137245e+00
2.645000000000000000e+03 5.375342161326801005e+01 1.695692112755540881e+00 2.427424144593728905e-02 -3.317853504531111497e+00
2.646000000000000000e+03 5.365943084131457397e+01 1.687759164467976802e+00 2.425199957485663430e-02 -3.296261156020772631e+00
2.647000000000000000e+03 5.356461287873398192e+01 1.679922461029267566e+00 2.422977145098783106e-02 -3.274568467813557593e+00
2.648000000000000000e+03 5.346877802397311541e+01 1.672179449163425646e+00 2.420755691271116519e-02 -3.252794719755603303e+00
2.649000000000000000e+03 5.337210750122635261e+01 1.664535043240980228e+00 2.418535580792355658e-02 -3.230944312008367181e+00
2.650000000000000000e+03 5.327448492049553863e+01 1.656986768862464654e+00 2.416316799273702035e-02 -3.209036481313332079e+00
2.651000000000000000e+03 5.317601715341598378e+01 1.649539250200948048e+00 2.414099333005074663e-02 -3.187073608360654564e+00
2.652000000000000000e+03 5.307651699910439191e+01 1.642195673026642266e+00 2.411883168821804535e-02 -3.165064987774049765e+00
2.653000000000000000e+03 5.297609482613850673e+01 1.634951465463793552e+00 2.409668293970856912e-02 -3.143003063836062427e+00
2.654000000000000000e+03 5.287471200437882146e+01 1.627802096180832603e+00 2.407454695984975052e-02 -3.120887700477620097e+00
2.655000000000000000e+03 5.277240376768091323e+01 1.620757931288546283e+00 2.405242362552853508e-02 -3.098733612469711129e+00
2.656000000000000000e+03 5.266913065895767687e+01 1.613814521119187662e+00 2.403031281406867170e-02 -3.076518369806171549e+00
2.657000000000000000e+03 5.256485282552994676e+01 1.606967457089675033e+00 2.400821440210868657e-02 -3.054264112382941487e+00
2.658000000000000000e+03 5.245960431418200187e+01 1.600227228547252301e+00 2.398612826458055430e-02 -3.031955840962983650e+00
2.659000000000000000e+03 5.235341879884401806e+01 1.593582081145820561e+00 2.396405427380560865e-02 -3.009615703486575811e+00
2.660000000000000000e+03 5.224625530784012994e+01 1.587042587057500231e+00 2.394199229863752318e-02 -2.987228714365709248e+00
2.661000000000000000e+03 5.213822108465135585e+01 1.580604503313813414e+00 2.391994220374999910e-02 -2.964817040771583478e+00
2.662000000000000000e+03 5.202920018010841119e+01 1.574263628580999441e+00 2.389790384904750403e-02 -2.942365721904104614e+00
2.663000000000000000e+03 5.191929916251469024e+01 1.568030659917772462e+00 2.387587708914943110e-02 -2.919896955252197390e+00
2.664000000000000000e+03 5.180854999210571066e+01 1.561894051063672961e+00 2.385386177304668273e-02 -2.897403244184169502e+00
2.665000000000000000e+03 5.169683574534444404e+01 1.555864582562636933e+00 2.383185774382300115e-02 -2.874899399125597999e+00
2.666000000000000000e+03 5.158418775603179540e+01 1.549938220016213730e+00 2.380986483853311450e-02 -2.852370541816088956e+00
2.667000000000000000e+03 5.147071133818895561e+01 1.544110970770961266e+00 2.378788288823412839e-02 -2.829838963151183329e+00
2.668000000000000000e+03 5.135636294120877210e+01 1.538386312238175346e+00 2.376591171805322519e-02 -2.807297270699582903e+00
2.669000000000000000e+03 5.124109872179147374e+01 1.532767763495542779e+00 2.374395114749077926e-02 -2.784760389803058178e+00
2.670000000000000000e+03 5.112494883165400950e+01 1.527244028521285601e+00 2.372200099070987528e-02 -2.762213567750124277e+00
2.671000000000000000e+03 5.100794313752401621e+01 1.521826137862565043e+00 2.370006105707753857e-02 -2.739679231529779990e+00
2.672000000000000000e+03 5.089011122394482811e+01 1.516510306784271567e+00 2.367813115168934321e-02 -2.717150135255386623e+00
2.673000000000000000e+03 5.077140811191435432e+01 1.511292791852310247e+00 2.365621107606605614e-02 -2.694641361166034255e+00
2.674000000000000000e+03 5.065186282740042856e+01 1.506177319149607063e+00 2.363430062890947356e-02 -2.672160608747123689e+00
2.675000000000000000e+03 5.053150411875847681e+01 1.501160227424353844e+00 2.361239960698846563e-02 -2.649700768872591095e+00
2.676000000000000000e+03 5.041036045710622915e+01 1.496237896272235801e+00 2.359050780603575911e-02 -2.627277068017938699e+00
2.677000000000000000e+03 5.028838575270226841e+01 1.491429031002407868e+00 2.356862502174550747e-02 -2.604897357289357451e+00
2.678000000000000000e+03 5.016568220489593699e+01 1.486707807283898619e+00 2.354675105084105824e-02 -2.582562114820556420e+00
2.679000000000000000e+03 5.004227745068436661e+01 1.482093011130876548e+00 2.352488569216623637e-02 -2.560286733186218910e+00
2.680000000000000000e+03 4.991805027995963684e+01 1.477581183516419205e+00 2.350302874781447574e-02 -2.538071808327853951e+00
2.681000000000000000e+03 4.979317633502545704e+01 1.473161476822959060e+00 2.348118002429124690e-02 -2.515917998544574985e+00
2.682000000000000000e+03 4.966753384089943069e+01 1.468845367977383409e+00 2.345933933366088284e-02 -2.493840883445935130e+00
2.683000000000000000e+03 4.954114930454171883e+01 1.464622088067914385e+00 2.343750649473877457e-02 -2.471848681114349411e+00
2.684000000000000000e+03 4.941412322952879066e+01 1.460495763798300928e+00 2.341568133424777945e-02 -2.449942250278269729e+00
2.685000000000000000e+03 4.928640726375648740e+01 1.456470560475037423e+00 2.339386368794181548e-02 -2.428122520794439243e+00
2.686000000000000000e+03 4.915802704826383973e+01 1.452543253329789286e+00 2.337205340172619425e-02 -2.406412780788463213e+00
2.687000000000000000e+03 4.902908221572491954e+01 1.448710655527594371e+00 2.335025033270077266e-02 -2.384814108600217697e+00
2.688000000000000000e+03 4.889944925517585261e+01 1.444969617810246909e+00 2.332845435020391642e-02 -2.363335088187758615e+00
2.689000000000000000e+03 4.876930149557887262e+01 1.441324456475720162e+00 2.330666533675572472e-02 -2.341976954385124987e+00
2.690000000000000000e+03 4.863858912072610252e+01 1.437779524643124196e+00 2.328488318892367459e-02 -2.320763308216130305e+00
2.691000000000000000e+03 4.850741058660622684e+01 1.434324355153663078e+00 2.326310781814906053e-02 -2.299695548659571820e+00
2.692000000000000000e+03 4.837571548773833996e+01 1.430963373559740237e+00 2.324133915143760179e-02 -2.278782587870221032e+00
2.693000000000000000e+03 4.824352740856377864e+01 1.427693612649095778e+00 2.321957713204892207e-02 -2.258033424601283645e+00
2.694000000000000000e+03 4.811094392491715155e+01 1.424519568707504291e+00 2.319782171996269751e-02 -2.237457145929276248e+00
2.695000000000000000e+03 4.797791375561783411e+01 1.421430916017567991e+00 2.317607289238465124e-02 -2.217062928930841892e+00
2.696000000000000000e+03 4.784445961573978678e+01 1.418432219797198801e+00 2.315433064400363242e-02 -2.196852613960602163e+00
2.697000000000000000e+03 4.771067822006636305e+01 1.415528079024542141e+00 2.313259498731609631e-02 -2.176835562931093815e+00
2.698000000000000000e+03 4.757651743675387479e+01 1.412708269251524484e+00 2.311086595264510296e-02 -2.157028660842938539e+00
2.699000000000000000e+03 4.744207342624534363e+01 1.409970027157246841e+00 2.308914358821588866e-02 -2.137434032215113078e+00
2.700000000000000000e+03 4.730721922940616508e+01 1.407318050039788160e+00 2.306742796003446658e-02 -2.118061327567291485e+00
2.701000000000000000e+03 4.717219443149006963e+01 1.404749845945778119e+00 2.304571915172323737e-02 -2.098918817496761235e+00
2.702000000000000000e+03 4.703677421940536618e+01 1.402263783538342690e+00 2.302401726418723191e-02 -2.080008957145887738e+00
2.703000000000000000e+03 4.690117462297200746e+01 1.399865897861584774e+00 2.300232241520472343e-02 -2.061332824350487147e+00
2.704000000000000000e+03 4.676524001544537867e+01 1.397547397392218338e+00 2.298063473898215303e-02 -2.042884171478419830e+00
2.705000000000000000e+03 4.662903739084031685e+01 1.395314376882704988e+00 2.295895438550082240e-02 -2.024679140015080314e+00
2.706000000000000000e+03 4.649248495639833578e+01 1.393158103393293823e+00 2.293728151991348760e-02 -2.006696834896816384e+00
2.707000000000000000e+03 4.635572356072407985e+01 1.391092157467767931e+00 2.291561632176130833e-02 -1.988953609099807895e+00
2.708000000000000000e+03 4.621867100400116612e+01 1.389107862448069941e+00 2.289395898416790934e-02 -1.971451066226064031e+00
2.709000000000000000e+03 4.608139346730133212e+01 1.387196568933189766e+00 2.287230971295282911e-02 -1.954176061492427730e+00
2.710000000000000000e+03 4.594380839089030388e+01 1.385371939230337635e+00 2.285066872571129074e-02 -1.937145272772897275e+00
2.711000000000000000e+03 4.580598162102388216e+01 1.383632804996732801e+00 2.282903625084227103e-02 -1.920345774689348417e+00
2.712000000000000000e+03 4.566797885614560215e+01 1.381963166625575168e+00 2.280741252652035769e-02 -1.903794466258444729e+00
2.713000000000000000e+03 4.552964280994260093e+01 1.380376762726716722e+00 2.278579779966282554e-02 -1.887478644886967594e+00
2.714000000000000000e+03 4.539118749323165503e+01 1.378872499397821638e+00 2.276419232488592972e-02 -1.871400577223402140e+00
2.715000000000000000e+03 4.525245539304246734e+01 1.377449306291367970e+00 2.274259636341390695e-02 -1.855570071510736385e+00
2.716000000000000000e+03 4.511351175492723797e+01 1.376091279274667345e+00 2.272101018204481654e-02 -1.839982193191938231e+00
2.717000000000000000e+03 4.497434746335952127e+01 1.374819678236561815e+00 2.269943405205151338e-02 -1.824632122220205543e+00
2.718000000000000000e+03 4.483495333970243735e+01 1.373618642934397505e+00 2.267786824820290995e-02 -1.809522581972591970e+00
2.719000000000000000e+03 4.469539444017248542e+01 1.372487190790244282e+00 2.265631304770643339e-02 -1.794663839767345559e+00
2.720000000000000000e+03 4.455558721972823122e+01 1.371431787880184050e+00 2.263476872926948116e-02 -1.780043993934253610e+00
2.721000000000000000e+03 4.441559668035161224e+01 1.370444063218570152e+00 2.261323557213880397e-02 -1.765673544341793466e+00
2.722000000000000000e+03 4.427548781813297296e+01 1.369530521489643604e+00 2.259171385524270936e-02 -1.751548251025951464e+00
2.723000000000000000e+03 4.413525135362144169e+01 1.368682828973083465e+00 2.257020385635797460e-02 -1.737671419575496756e+00
2.724000000000000000e+03 4.399495231239465909e+01 1.367907526267674978e+00 2.254870585136239600e-02 -1.724046473070972363e+00
2.725000000000000000e+03 4.385450718777838119e+01 1.367196314209390584e+00 2.252722011353098727e-02 -1.710669523978326945e+00
2.726000000000000000e+03 4.371405537120376295e+01 1.366548338237805638e+00 2.250574691292772656e-02 -1.697544231048106145e+00
2.727000000000000000e+03 4.357358774711615013e+01 1.365962759358423373e+00 2.248428651580838475e-02 -1.684681799468794594e+00
2.728000000000000000e+03 4.343309527194088560e+01 1.365438753452184129e+00 2.246283918424117967e-02 -1.672063839223924653e+00
2.729000000000000000e+03 4.329264326905403237e+01 1.364975510582424612e+00 2.244140517565929027e-02 -1.659709220307218347e+00
2.730000000000000000e+03 4.315222287272485602e+01 1.364572234299280762e+00 2.241998474256353541e-02 -1.647614645938400679e+00
2.731000000000000000e+03 4.301182532202249575e+01 1.364228140941811107e+00 2.239857813233676539e-02 -1.635769509236064900e+00
2.732000000000000000e+03 4.287151625416138501e+01 1.363935030587922537e+00 2.237718558704849744e-02 -1.624185606545760052e+00
2.733000000000000000e+03 4.273128714676472129e+01 1.363692143053127026e+00 2.235580734344305362e-02 -1.612859995570274263e+00
2.734000000000000000e+03 4.259112961005297393e+01 1.363506157187282186e+00 2.233444363293426646e-02 -1.601797280256523015e+00
2.735000000000000000e+03 4.245110967844706096e+01 1.363361476768933933e+00 2.231309468170621438e-02 -1.590987325535107688e+00
2.736000000000000000e+03 4.231121925107992610e+01 1.363272228251267038e+00 2.229176071087539054e-02 -1.580442398816275906e+00
2.737000000000000000e+03 4.217152466574108161e+01 1.363222833253379562e+00 2.227044193673622177e-02 -1.570160027937579361e+00
2.738000000000000000e+03 4.203201813824436073e+01 1.363212577954382221e+00 2.224913857106122425e-02 -1.560137857517285287e+00
2.739000000000000000e+03 4.189276633525469151e+01 1.363240755685090289e+00 2.222785082139834556e-02 -1.550373648561419460e+00
2.740000000000000000e+03 4.175376181257255581e+01 1.363314094570116763e+00 2.220657889156526371e-02 -1.540880134725191031e+00
2.741000000000000000e+03 4.161507158691988906e+01 1.363417043418858832e+00 2.218532298205619716e-02 -1.531640451726493657e+00
2.742000000000000000e+03 4.147661428973042064e+01 1.363556341119228632e+00 2.216408329051574796e-02 -1.522667563616684205e+00
2.743000000000000000e+03 4.133853158850758547e+01 1.363731302529332279e+00 2.214286001231088874e-02 -1.513959692101908727e+00
2.744000000000000000e+03 4.120081677273612542e+01 1.363926389420772045e+00 2.212165334102364836e-02 -1.505515172620356612e+00
2.745000000000000000e+03 4.106346332392533327e+01 1.364148351524357983e+00 2.210046346908052517e-02 -1.497325025322919112e+00
2.746000000000000000e+03 4.092653920179999005e+01 1.364396512424987273e+00 2.207929058827256055e-02 -1.489410096109401893e+00
2.747000000000000000e+03 4.079003827967206064e+01 1.364655340508748038e+00 2.205813489036115294e-02 -1.481746772365541531e+00
2.748000000000000000e+03 4.065395463004731624e+01 1.364939018363635848e+00 2.203699656766088324e-02 -1.474348694009728122e+00
2.749000000000000000e+03 4.051835680999907652e+01 1.365239443629159277e+00 2.201587581358628587e-02 -1.467214754190033332e+00
2.750000000000000000e+03 4.038331357934422527e+01 1.365548513350820725e+00 2.199477282321939120e-02 -1.460343955088752921e+00
2.751000000000000000e+03 4.024874021080309205e+01 1.365858611992220029e+00 2.197368779381039458e-02 -1.453728116809760218e+00
2.752000000000000000e+03 4.011482881934449551e+01 1.366186361912139047e+00 2.195262092530237893e-02 -1.447374575979061273e+00
2.753000000000000000e+03 3.998146946858393136e+01 1.366519158108595366e+00 2.193157242077655930e-02 -1.441283485131556574e+00
2.754000000000000000e+03 3.984862671395447364e+01 1.366859248931055371e+00 2.191054248682828762e-02 -1.435455101811944356e+00
2.755000000000000000e+03 3.971641388750440171e+01 1.367216307050339141e+00 2.188953133400386303e-02 -1.429889787461036343e+00
2.756000000000000000e+03 3.958479596521247856e+01 1.367570287031848908e+00 2.186853917707625231e-02 -1.424580577910159018e+00
2.757000000000000000e+03 3.945381241888215129e+01 1.367938279816759861e+00 2.184756623533910466e-02 -1.419535467235288451e+00
2.758000000000000000e+03 3.932335436711091603e+01 1.368307656903593905e+00 2.182661273279590253e-02 -1.414747693119214222e+00
2.759000000000000000e+03 3.919346171089224384e+01 1.368688068138922409e+00 2.180567889832312270e-02 -1.410225448976186069e+00
2.760000000000000000e+03 3.906417456834151380e+01 1.369074299310562681e+00 2.178476496576467122e-02 -1.405954740885665633e+00
2.761000000000000000e+03 3.893545899308184488e+01 1.369461128198299349e+00 2.176387117397155652e-02 -1.401943956341182851e+00
2.762000000000000000e+03 3.880728125980933640e+01 1.369858180630773692e+00 2.174299776673841930e-02 -1.398186721109632158e+00
2.763000000000000000e+03 3.867975643354805726e+01 1.370260216447199086e+00 2.172214499276677035e-02 -1.394691611207243609e+00
2.764000000000000000e+03 3.855277695458387655e+01 1.370661985567437124e+00 2.170131310545300035e-02 -1.391445009688557777e+00
2.765000000000000000e+03 3.842638405862636830e+01 1.371065655718752163e+00 2.168050236273890569e-02 -1.388455675254699706e+00
2.766000000000000000e+03 3.830061921265814817e+01 1.371473383469499430e+00 2.165971302681894348e-02 -1.385710170626237359e+00
2.767000000000000000e+03 3.817544983449171525e+01 1.371887313620691939e+00 2.163894536382476169e-02 -1.383210002737585764e+00
2.768000000000000000e+03 3.805091786303410828e+01 1.372294721905018333e+00 2.161819964345573775e-02 -1.380964192799867485e+00
2.769000000000000000e+03 3.792699119473523695e+01 1.372705156145784589e+00 2.159747613861978666e-02 -1.378959561284303303e+00
2.770000000000000000e+03 3.780371225422936021e+01 1.373113293922014977e+00 2.157677512489477104e-02 -1.377190439679865985e+00
2.771000000000000000e+03 3.768104943113704763e+01 1.373521227044153248e+00 2.155609688013773728e-02 -1.375666097174054858e+00
2.772000000000000000e+03 3.755904565103201520e+01 1.373923604287732303e+00 2.153544168389339222e-02 -1.374373597206988151e+00
2.773000000000000000e+03 3.743766981253471471e+01 1.374322487537223525e+00 2.151480981689983529e-02 -1.373314937504188427e+00
2.774000000000000000e+03 3.731696535853280494e+01 1.374712494538523844e+00 2.149420156048132205e-02 -1.372484763284865350e+00
2.775000000000000000e+03 3.719690171348670304e+01 1.375095655062138933e+00 2.147361719601386873e-02 -1.371877793849852312e+00
2.776000000000000000e+03 3.707744857131397964e+01 1.375473982025669617e+00 2.145305700432107582e-02 -1.371503677499688933e+00
2.777000000000000000e+03 3.695865018332067109e+01 1.375842042626475692e+00 2.143252126509758229e-02 -1.371342419631885967e+00
2.778000000000000000e+03 3.684062536265122390e+01 1.376201814535519041e+00 2.141201025631440241e-02 -1.371403807723968304e+00
2.779000000000000000e+03 3.672319607122062024e+01 1.376547828700767084e+00 2.139152425365398180e-02 -1.371667982696101351e+00
2.780000000000000000e+03 3.660648169214722714e+01 1.376882025562363943e+00 2.137106352995092259e-02 -1.372144863862259534e+00
2.781000000000000000e+03 3.649052761659451249e+01 1.377198897877753847e+00 2.135062835461328662e-02 -1.372822148613442872e+00
2.782000000000000000e+03 3.637530524804022036e+01 1.377500346958760780e+00 2.133021899317065484e-02 -1.373695023940493920e+00
2.783000000000000000e+03 3.626078628993686692e+01 1.377788253869214330e+00 2.130983570674213970e-02 -1.374766164543742786e+00
2.784000000000000000e+03 3.614709131673890141e+01 1.378049622283577635e+00 2.128947875158777175e-02 -1.376027902890871735e+00
2.785000000000000000e+03 3.603411836025208004e+01 1.378301148158968870e+00 2.126914837871524827e-02 -1.377470398490557413e+00
2.786000000000000000e+03 3.592184004732236957e+01 1.378522364164998626e+00 2.124884483345588354e-02 -1.379092035661806381e+00
2.787000000000000000e+03 3.581045217031613248e+01 1.378729922779811101e+00 2.122856835520301258e-02 -1.380887536244220115e+00
2.788000000000000000e+03 3.569977942235158963e+01 1.378903312392887548e+00 2.120831917707774461e-02 -1.382852414671101204e+00
2.789000000000000000e+03 3.558986966832951993e+01 1.379059140424507390e+00 2.118809752567095417e-02 -1.384980747520622391e+00
2.790000000000000000e+03 3.548077109717991107e+01 1.379176849451849929e+00 2.116790362092439703e-02 -1.387267400070996359e+00
2.791000000000000000e+03 3.537253222434676303e+01 1.379273000352012390e+00 2.114773767590735418e-02 -1.389707281510129455e+00
2.792000000000000000e+03 3.526505332698675232e+01 1.379334416801925478e+00 2.112759989677044994e-02 -1.392293114470505300e+00
2.793000000000000000e+03 3.515838357989420615e+01 1.379362755043844313e+00 2.110749048271364642e-02 -1.395019147240164292e+00
2.794000000000000000e+03 3.505257249011504683e+01 1.379359646860677913e+00 2.108740962594232021e-02 -1.397878180454705577e+00
2.795000000000000000e+03 3.494759561476433163e+01 1.379311842563013979e+00 2.106735751175557725e-02 -1.400864536466630561e+00
2.796000000000000000e+03 3.484350312904996372e+01 1.379235780789924704e+00 2.104733431864775142e-02 -1.403971086031828852e+00
2.797000000000000000e+03 3.474019697648412119e+01 1.379110733067807404e+00 2.102734021840803325e-02 -1.407192217674123835e+00
2.798000000000000000e+03 3.463772800331482671e+01 1.378953087035596159e+00 2.100737537633048935e-02 -1.410520864368102645e+00
2.799000000000000000e+03 3.453622167515341346e+01 1.378742062676741709e+00 2.098743995135753451e-02 -1.413947758725705439e+00
2.800000000000000000e+03 3.443550665930701626e+01 1.378493995567650066e+00 2.096753409642427429e-02 -1.417467373697255395e+00
2.801000000000000000e+03 3.433570782339560878e+01 1.378195788715886216e+00 2.094765795862955915e-02 -1.421073269377673531e+00
2.802000000000000000e+03 3.423687101022642310e+01 1.377842975778755807e+00 2.092781167957383573e-02 -1.424763451095114375e+00
2.803000000000000000e+03 3.413881827675795932e+01 1.377453655846235581e+00 2.090799539563156437e-02 -1.428538721538402445e+00
2.804000000000000000e+03 3.404166914640204311e+01 1.377008759198248056e+00 2.088820923832103438e-02 -1.432399158807233341e+00
2.805000000000000000e+03 3.394546919009892605e+01 1.376518902260421839e+00 2.086845333455309218e-02 -1.436344857269491015e+00
2.806000000000000000e+03 3.385004145769065076e+01 1.375987245667537051e+00 2.084872780703867640e-02 -1.440375182750066374e+00
2.807000000000000000e+03 3.375558074412603560e+01 1.375402065739369295e+00 2.082903277456567281e-02 -1.444490256226521163e+00
2.808000000000000000e+03 3.366198503594672786e+01 1.374766467718955942e+00 2.080936835233193616e-02 -1.448689466186886099e+00
2.809000000000000000e+03 3.356922692664798547e+01 1.374083528920559738e+00 2.078973465225016429e-02 -1.452972209495189793e+00
2.810000000000000000e+03 3.347735361438362389e+01 1.373348870239009312e+00 2.077013178324906006e-02 -1.457337889425169841e+00
2.811000000000000000e+03 3.338626404903607892e+01 1.372565512720931080e+00 2.075055985152005067e-02 -1.461786656532425566e+00
2.812000000000000000e+03 3.329615463069777803e+01 1.371736449096246035e+00 2.073101896078372031e-02 -1.466316435355720982e+00
2.813000000000000000e+03 3.320685065551823101e+01 1.370857215320717026e+00 2.071150921251612570e-02 -1.470923665297946492e+00
2.814000000000000000e+03 3.311840058101161333e+01 1.369923318830047920e+00 2.069203070610063297e-02 -1.475607012852340860e+00
2.815000000000000000e+03 3.303085317276732980e+01 1.368945095155141400e+00 2.067258353901367182e-02 -1.480362169814368745e+00
2.816000000000000000e+03 3.294410893460546674e+01 1.367917994446905983e+00 2.065316780690527182e-02 -1.485188536860356789e+00
2.817000000000000000e+03 3.285829152320262381e+01 1.366837438113443604e+00 2.063378360370241027e-02 -1.490081793267763688e+00
2.818000000000000000e+03 3.277330204415157766e+01 1.365713675468229304e+00 2.061443102163760741e-02 -1.495039837673858507e+00
2.819000000000000000e+03 3.268926475001973841e+01 1.364534641937473092e+00 2.059511015124369446e-02 -1.500060557657715510e+00
2.820000000000000000e+03 3.260600705284910106e+01 1.363310529131218640e+00 2.057582108126806975e-02 -1.505140342166591205e+00
2.821000000000000000e+03 3.252357950566896960e+01 1.362036643072542796e+00 2.055656389864522759e-02 -1.510276308127852740e+00
2.822000000000000000e+03 3.244203294896346534e+01 1.360715689239818449e+00 2.053733868833400311e-02 -1.515465555731797753e+00
2.823000000000000000e+03 3.236126994062131956e+01 1.359342915868693824e+00 2.051814553311702774e-02 -1.520705909396567801e+00
2.824000000000000000e+03 3.228141617038112088e+01 1.357920970665950966e+00 2.049898451347702960e-02 -1.525993687406115296e+00
2.825000000000000000e+03 3.220230047222162995e+01 1.356452472483804961e+00 2.047985570725907589e-02 -1.531325185737101968e+00
2.826000000000000000e+03 3.212404908925910263e+01 1.354925154654832653e+00 2.046075918945478370e-02 -1.536698161900824644e+00
2.827000000000000000e+03 3.204663996957325622e+01 1.353356435139992042e+00 2.044169503191320750e-02 -1.542105890450864436e+00
2.828000000000000000e+03 3.196997704650567229e+01 1.351733989784315471e+00 2.042266330293122933e-02 -1.547545332373238214e+00
2.829000000000000000e+03 3.189411308590978678e+01 1.350060322487033337e+00 2.040366406699235455e-02 -1.553012676299227346e+00
2.830000000000000000e+03 3.181902683232135942e+01 1.348345336931202176e+00 2.038469738434554868e-02 -1.558501851077412459e+00
2.831000000000000000e+03 3.174477157256633930e+01 1.346576623273670004e+00 2.036576331062546485e-02 -1.564008981046182800e+00
2.832000000000000000e+03 3.167132656527130052e+01 1.344756599998421676e+00 2.034686189648916843e-02 -1.569530155812301153e+00
2.833000000000000000e+03 3.159859703727905966e+01 1.342887657329374429e+00 2.032799318721128373e-02 -1.575059942886855024e+00
2.834000000000000000e+03 3.152663703045921650e+01 1.340972157354869632e+00 2.030915722226470446e-02 -1.580592128849707123e+00
2.835000000000000000e+03 3.145542654737829835e+01 1.339005005812984317e+00 2.029035403501234028e-02 -1.586124917548670465e+00
2.836000000000000000e+03 3.138502011434395911e+01 1.336988508938925957e+00 2.027158365225034675e-02 -1.591656471468708700e+00
2.837000000000000000e+03 3.131532392678639098e+01 1.334924945272707442e+00 2.025284609390624185e-02 -1.597167824932402169e+00
2.838000000000000000e+03 3.124631869549218166e+01 1.332809137478002670e+00 2.023414137271737842e-02 -1.602669681140029834e+00
2.839000000000000000e+03 3.117805964215759573e+01 1.330643309222929282e+00 2.021546949388065145e-02 -1.608150412179701894e+00
2.840000000000000000e+03 3.111045364425089943e+01 1.328422228670803618e+00 2.019683045484027203e-02 -1.613605770919656068e+00
2.841000000000000000e+03 3.104355636420082476e+01 1.326162922083515161e+00 2.017822424502786066e-02 -1.619024032829333049e+00
2.842000000000000000e+03 3.097734939386803887e+01 1.323852675583123917e+00 2.015965084564086407e-02 -1.624408279582620906e+00
2.843000000000000000e+03 3.091188881632484708e+01 1.321493605477534583e+00 2.014111022955189165e-02 -1.629746684241276888e+00
2.844000000000000000e+03 3.084700806641140858e+01 1.319087801795109760e+00 2.012260236114637654e-02 -1.635027366572294971e+00
2.845000000000000000e+03 3.078283790960915667e+01 1.316629900180166457e+00 2.010412719631385695e-02 -1.640260676748814150e+00
2.846000000000000000e+03 3.071921216816651423e+01 1.314129367200202125e+00 2.008568468238710811e-02 -1.645419767231895092e+00
2.847000000000000000e+03 3.065633626655949939e+01 1.311588215561980908e+00 2.006727475828128451e-02 -1.650514874991313663e+00
2.848000000000000000e+03 3.059404439020141098e+01 1.308993576038670836e+00 2.004889735451479901e-02 -1.655533893456465400e+00
2.849000000000000000e+03 3.053231946349825776e+01 1.306362267858858672e+00 2.003055239339276289e-02 -1.660464656355384649e+00
2.850000000000000000e+03 3.047114457619443684e+01 1.303681372202150301e+00 2.001223978922457916e-02 -1.665309793238933134e+00
2.851000000000000000e+03 3.041058002783719161e+01 1.300952717376499645e+00 1.999395944857657384e-02 -1.670058143790279281e+00
2.852000000000000000e+03 3.035062305714651743e+01 1.298177766739862848e+00 1.997571127058395818e-02 -1.674717856674288186e+00
2.853000000000000000e+03 3.029119953151586841e+01 1.295365303072262719e+00 1.995749514733145824e-02 -1.679275860165222456e+00
2.854000000000000000e+03 3.023230973896392015e+01 1.292501800742555051e+00 1.993931096423539814e-02 -1.683741302365527215e+00
2.855000000000000000e+03 3.017402838075908633e+01 1.289588567804821340e+00 1.992115860050364118e-02 -1.688108408458851128e+00
2.856000000000000000e+03 3.011628171344811022e+01 1.286634318002076061e+00 1.990303792965368232e-02 -1.692386193151766305e+00
2.857000000000000000e+03 3.005914467533619572e+01 1.283640314428398987e+00 1.988494882000357844e-02 -1.696561317999172314e+00
2.858000000000000000e+03 3.000254374490571507e+01 1.280592941549615338e+00 1.986689113523661468e-02 -1.700642660618757240e+00
2.859000000000000000e+03 2.994647978373671293e+01 1.277500847333558065e+00 1.984886473498772771e-02 -1.704631600438472283e+00
2.860000000000000000e+03 2.989102802893015820e+01 1.274365230235886326e+00 1.983086947545172410e-02 -1.708522017880906629e+00
2.861000000000000000e+03 2.983611523506130325e+01 1.271187267944687838e+00 1.981290520998415031e-02 -1.712315150283233001e+00
2.862000000000000000e+03 2.978174251721319976e+01 1.267960689431784083e+00 1.979497178973537580e-02 -1.716012162801483276e+00
2.863000000000000000e+03 2.972791106009276874e+01 1.264694060411957199e+00 1.977706906428766329e-02 -1.719606719349423551e+00
2.864000000000000000e+03 2.967462211076955114e+01 1.261381070357105116e+00 1.975919688224037421e-02 -1.723107266972727425e+00
2.865000000000000000e+03 2.962187697156124599e+01 1.258022817968385443e+00 1.974135509184765311e-02 -1.726507321805186068e+00
2.866000000000000000e+03 2.956960270959034176e+01 1.254620383253384874e+00 1.972354354162275669e-02 -1.729807753510152146e+00
2.867000000000000000e+03 2.951794928405137597e+01 1.251167399609004915e+00 1.970576208087518669e-02 -1.733009356353901076e+00
2.868000000000000000e+03 2.946676955517282082e+01 1.247679767660929695e+00 1.968801056026496174e-02 -1.736105420311678138e+00
2.869000000000000000e+03 2.941606497895580574e+01 1.244143657255374347e+00 1.967028883232865497e-02 -1.739104015606726783e+00
2.870000000000000000e+03 2.936591131765980123e+01 1.240567506359132155e+00 1.965259675190121277e-02 -1.741990850479102404e+00
2.871000000000000000e+03 2.931616150006330912e+01 1.236952308111201049e+00 1.963493417657977830e-02 -1.744781269188682815e+00
2.872000000000000000e+03 2.926696560055029295e+01 1.233299039629827787e+00 1.961730096705656748e-02 -1.747460824795326051e+00
2.873000000000000000e+03 2.921825084947262141e+01 1.229608662473075320e+00 1.959969698743070643e-02 -1.750037277223133181e+00
2.874000000000000000e+03 2.917001876236172819e+01 1.225874694752567828e+00 1.958212210550415791e-02 -1.752510879502232832e+00
2.875000000000000000e+03 2.912219656845362792e+01 1.222105496651511247e+00 1.956457619292576930e-02 -1.754866949090780670e+00
2.876000000000000000e+03 2.907486005705914778e+01 1.218301985844043367e+00 1.954705912533311399e-02 -1.757120437678308278e+00
2.877000000000000000e+03 2.902793643975051197e+01 1.214457637967949255e+00 1.952957078240631292e-02 -1.759256504114649955e+00
2.878000000000000000e+03 2.898142719739594853e+01 1.210588200500671174e+00 1.951211104788158623e-02 -1.761289940971758394e+00
2.879000000000000000e+03 2.893533379351023527e+01 1.206679694784686507e+00 1.949467980942240844e-02 -1.763205747530124601e+00
2.880000000000000000e+03 2.888965767142342145e+01 1.202732986607797150e+00 1.947727695854591101e-02 -1.765003699697291317e+00
2.881000000000000000e+03 2.884440025175315370e+01 1.198763786683602284e+00 1.945990239032466956e-02 -1.766690921502927392e+00
2.882000000000000000e+03 2.879941436316000392e+01 1.194758081031606745e+00 1.944255600317058158e-02 -1.768259599921663705e+00
2.883000000000000000e+03 2.875484994139140937e+01 1.190724129911716833e+00 1.942523769846394091e-02 -1.769716698176008629e+00
2.884000000000000000e+03 2.871063404304025823e+01 1.186655326556524059e+00 1.940794738015986717e-02 -1.771046813915046370e+00
2.885000000000000000e+03 2.866669369455008720e+01 1.182567339406741969e+00 1.939068495429077665e-02 -1.772264177624621295e+00
2.886000000000000000e+03 2.862310445791258573e+01 1.178453542494229067e+00 1.937345032848852150e-02 -1.773360654162195793e+00
2.887000000000000000e+03 2.857979329551455194e+01 1.174307300977537771e+00 1.935624341138780097e-02 -1.774328027822661191e+00
2.888000000000000000e+03 2.853676141963471125e+01 1.170144256677425387e+00 1.933906411205853909e-02 -1.775180287432862158e+00
2.889000000000000000e+03 2.849393572452639845e+01 1.165957758460065996e+00 1.932191233930248206e-02 -1.775901627972217067e+00
2.890000000000000000e+03 2.845146591957859172e+01 1.161748576122331622e+00 1.930478800104760626e-02 -1.776505877476230788e+00
2.891000000000000000e+03 2.840913026047275380e+01 1.157517472525486202e+00 1.928769100358902408e-02 -1.776977070365045597e+00
2.892000000000000000e+03 2.836707838337359888e+01 1.153272632428663069e+00 1.927062125092704123e-02 -1.777321446055320830e+00
2.893000000000000000e+03 2.832516275252288196e+01 1.149014806270922673e+00 1.925357864402763020e-02 -1.777545164099359809e+00
2.894000000000000000e+03 2.828345864378599472e+01 1.144737310652963025e+00 1.923656308005847193e-02 -1.777632019354052906e+00
2.895000000000000000e+03 2.824196700954547623e+01 1.140448313868475116e+00 1.921957445174565099e-02 -1.777595440682869565e+00
2.896000000000000000e+03 2.820054019393996825e+01 1.136148551333009848e+00 1.920261264664144263e-02 -1.777419064434528684e+00
2.897000000000000000e+03 2.815925334892011023e+01 1.131838754412606729e+00 1.918567754643329265e-02 -1.777116161556616003e+00
2.898000000000000000e+03 2.811810729854889956e+01 1.127519650900824510e+00 1.916876902633367352e-02 -1.776677639486490046e+00
2.899000000000000000e+03 2.807695425354501850e+01 1.123191965494412470e+00 1.915188695445169814e-02 -1.776109184276801312e+00
2.900000000000000000e+03 2.803594351004789686e+01 1.118863848617708046e+00 1.913503119124587357e-02 -1.775401547600254482e+00
2.901000000000000000e+03 2.799493079123296013e+01 1.114520841124005068e+00 1.911820158903057218e-02 -1.774560338334958409e+00
2.902000000000000000e+03 2.795393478203005699e+01 1.110184334457949840e+00 1.910139799148350206e-02 -1.773583971223191558e+00
2.903000000000000000e+03 2.791297772220678297e+01 1.105838254732655734e+00 1.908462023332658380e-02 -1.772463434133693561e+00
2.904000000000000000e+03 2.787208179048629120e+01 1.101488812369219694e+00 1.906786813997526919e-02 -1.771219352600524211e+00
2.905000000000000000e+03 2.783126910047267799e+01 1.097134789161084312e+00 1.905114152730796526e-02 -1.769827706887433516e+00
2.906000000000000000e+03 2.779041312916247364e+01 1.092774967087588145e+00 1.903444020155448460e-02 -1.768308972789900402e+00
2.907000000000000000e+03 2.774961012955827044e+01 1.088415557125503419e+00 1.901776395919076851e-02 -1.766646410414047574e+00
2.908000000000000000e+03 2.770888199134453345e+01 1.084047914657339406e+00 1.900111258696163263e-02 -1.764852919992773161e+00
2.909000000000000000e+03 2.766817623516138980e+01 1.079685681679337206e+00 1.898448586201164842e-02 -1.762926472480274454e+00
2.910000000000000000e+03 2.762751457347955863e+01 1.075312788804160258e+00 1.896788355204621912e-02 -1.760864966980535851e+00
2.911000000000000000e+03 2.758691862057718680e+01 1.070942882514773764e+00 1.895130541565433202e-02 -1.758666231507039379e+00
2.912000000000000000e+03 2.754633560214332277e+01 1.066567327162062151e+00 1.893475120265571826e-02 -1.756328023773772840e+00
2.913000000000000000e+03 2.750578691503782736e+01 1.062192347162693951e+00 1.891822065459937766e-02 -1.753862888717721891e+00
2.914000000000000000e+03 2.746529383621928488e+01 1.057816742392266862e+00 1.890171350525609098e-02 -1.751261017599987202e+00
2.915000000000000000e+03 2.742480323137882081e+01 1.053439316976410245e+00 1.888522948131239262e-02 -1.748527390639452506e+00
2.916000000000000000e+03 2.738426183032013128e+01 1.049051451378449906e+00 1.886876830302263927e-02 -1.745659492873673502e+00
2.917000000000000000e+03 2.734383906912425743e+01 1.044666816235065188e+00 1.885232968501258932e-02 -1.742654743449435717e+00
2.918000000000000000e+03 2.730340709711116531e+01 1.040284231036341822e+00 1.883591333716461147e-02 -1.739525353291565324e+00
2.919000000000000000e+03 2.726298646920101731e+01 1.035902521254253417e+00 1.881951896542739811e-02 -1.736268612697216884e+00
2.920000000000000000e+03 2.722259757017110360e+01 1.031520518766823047e+00 1.880314627286521975e-02 -1.732881749058074794e+00
2.921000000000000000e+03 2.718218632238105670e+01 1.027137062278642654e+00 1.878679496061950657e-02 -1.729369356257553392e+00
2.922000000000000000e+03 2.714177274402454998e+01 1.022750997737411627e+00 1.877046472893595039e-02 -1.725728539041759824e+00
2.923000000000000000e+03 2.710137665694618292e+01 1.018376035446811878e+00 1.875415527827282644e-02 -1.721963770814801675e+00
2.924000000000000000e+03 2.706094339458630671e+01 1.014003608723407002e+00 1.873786631036292866e-02 -1.718079466405678657e+00
2.925000000000000000e+03 2.702049236061729687e+01 1.009632587701302153e+00 1.872159752930327783e-02 -1.714072554856501229e+00
2.926000000000000000e+03 2.698011702081445762e+01 1.005261851380885085e+00 1.870534864265593900e-02 -1.709947337281602087e+00
2.927000000000000000e+03 2.693961347770886761e+01 1.000905144723464035e+00 1.868911936255554171e-02 -1.705700631344673202e+00
2.928000000000000000e+03 2.689914901462503494e+01 9.965465089389452524e-01 1.867290940671555155e-02 -1.701344057504959650e+00
2.929000000000000000e+03 2.685859353707509101e+01 9.921922803214039410e-01 1.865671849953670983e-02 -1.696866898478238017e+00
2.930000000000000000e+03 2.681803955064600231e+01 9.878562339271248494e-01 1.864054637303199854e-02 -1.692280670565923462e+00
2.931000000000000000e+03 2.677743073735756241e+01 9.835150138458991220e-01 1.862439276781980430e-02 -1.687581983145867826e+00
2.932000000000000000e+03 2.673671051708407020e+01 9.791898454208417535e-01 1.860825743397595544e-02 -1.682774824978204853e+00
2.933000000000000000e+03 2.669597060956386159e+01 9.748796804571322472e-01 1.859214013187113906e-02 -1.677863137122187043e+00
2.934000000000000000e+03 2.665522817952174250e+01 9.705760542773070876e-01 1.857604063292187663e-02 -1.672843385863898469e+00
2.935000000000000000e+03 2.661435154945542081e+01 9.662853711204278939e-01 1.855995872022560278e-02 -1.667726849054514737e+00
2.936000000000000000e+03 2.657335733062205918e+01 9.620140477833345471e-01 1.854389418916812388e-02 -1.662517332355784028e+00
2.937000000000000000e+03 2.653233613722325046e+01 9.577610856054519228e-01 1.852784684784645336e-02 -1.657211170543683387e+00
2.938000000000000000e+03 2.649122973431455108e+01 9.535180707967464420e-01 1.851181651751788310e-02 -1.651812085519109186e+00
2.939000000000000000e+03 2.644997960396945302e+01 9.492914598094228662e-01 1.849580303279861268e-02 -1.646331187623483405e+00
2.940000000000000000e+03 2.640867551219213638e+01 9.450951513011709437e-01 1.847980624188851756e-02 -1.640757263557971246e+00
2.941000000000000000e+03 2.636718409206265434e+01 9.409059163397692771e-01 1.846382600657526032e-02 -1.635101347808877392e+00
2.942000000000000000e+03 2.632559454615363137e+01 9.367451105542066170e-01 1.844786220221506651e-02 -1.629367010573239849e+00
2.943000000000000000e+03 2.628392151465585158e+01 9.326118192730757928e-01 1.843191471752183772e-02 -1.623557787437889699e+00
2.944000000000000000e+03 2.624203079472713185e+01 9.284977145077101257e-01 1.841598345430987133e-02 -1.617677180709442553e+00
2.945000000000000000e+03 2.620001076154874298e+01 9.244019119272545160e-01 1.840006832710451914e-02 -1.611721232394760728e+00
2.946000000000000000e+03 2.615787523852322138e+01 9.203383994753098207e-01 1.838416926262834844e-02 -1.605693382232207700e+00
2.947000000000000000e+03 2.611548921860833872e+01 9.162988958767536163e-01 1.836828619917789396e-02 -1.599611897372155811e+00
2.948000000000000000e+03 2.607301457075728734e+01 9.122974209887939612e-01 1.835241908600020525e-02 -1.593472731955191124e+00
2.949000000000000000e+03 2.603031577786707373e+01 9.083182975904672274e-01 1.833656788236577920e-02 -1.587271813490720884e+00
2.950000000000000000e+03 2.598740564425535382e+01 9.043681500667577478e-01 1.832073255682759028e-02 -1.581027329234111711e+00
2.951000000000000000e+03 2.594429803308124605e+01 9.004608057035351498e-01 1.830491308617959723e-02 -1.574734360548259104e+00
2.952000000000000000e+03 2.590093748270040663e+01 8.965794264659273649e-01 1.828910945444145106e-02 -1.568392207043280306e+00
2.953000000000000000e+03 2.585741817219548366e+01 8.927292343418494758e-01 1.827332165178366385e-02 -1.562006778479501534e+00
2.954000000000000000e+03 2.581375978119666925e+01 8.889154687172294844e-01 1.825754967339711377e-02 -1.555569107894958281e+00
2.955000000000000000e+03 2.576975893091704961e+01 8.851285298641938803e-01 1.824179351827783652e-02 -1.549085066320796011e+00
2.956000000000000000e+03 2.572565774383325277e+01 8.813811208720687684e-01 1.822605318805154209e-02 -1.542553079042275010e+00
2.957000000000000000e+03 2.568125244986153177e+01 8.776636777168115300e-01 1.821032868571982599e-02 -1.535964126907810368e+00
2.958000000000000000e+03 2.563663622956623200e+01 8.739740828240334380e-01 1.819462001444667465e-02 -1.529331461036376627e+00
2.959000000000000000e+03 2.559182780473763685e+01 8.703176652221977783e-01 1.817892717631139701e-02 -1.522646034019795147e+00
2.960000000000000000e+03 2.554677144631938290e+01 8.666923439864814283e-01 1.816325017108628634e-02 -1.515913642975135422e+00
2.961000000000000000e+03 2.550148554910975918e+01 8.631034850747859588e-01 1.814758899508863918e-02 -1.509132645792787164e+00
2.962000000000000000e+03 2.545606263916016587e+01 8.595490447540652390e-01 1.813194363999718131e-02 -1.502308819133281403e+00
2.963000000000000000e+03 2.541029796330002810e+01 8.560195697183896613e-01 1.811631409177110255e-02 -1.495433074670749596e+00
2.964000000000000000e+03 2.536443233077756076e+01 8.525279105993549544e-01 1.810070032962670869e-02 -1.488511173785788344e+00
2.965000000000000000e+03 2.531826071736691830e+01 8.490646519654209134e-01 1.808510232506204199e-02 -1.481548872154932361e+00
2.966000000000000000e+03 2.527194938950261971e+01 8.456352541654652555e-01 1.806952004097644310e-02 -1.474544492688170561e+00
2.967000000000000000e+03 2.522536735778610151e+01 8.422451967121129535e-01 1.805395343089172960e-02 -1.467496355165202049e+00
2.968000000000000000e+03 2.517853208241003315e+01 8.388851216567150271e-01 1.803840243826081158e-02 -1.460410205869635325e+00
2.969000000000000000e+03 2.513153519340933784e+01 8.355531187072764432e-01 1.802286699587614047e-02 -1.453276933820352612e+00
2.970000000000000000e+03 2.508431964322173258e+01 8.322621536376417772e-01 1.800734702543705171e-02 -1.446109713802876895e+00
2.971000000000000000e+03 2.503690255955432775e+01 8.289954982368958891e-01 1.799184243714103265e-02 -1.438906865896187215e+00
2.972000000000000000e+03 2.498922668001214475e+01 8.257661571541465850e-01 1.797635312948889924e-02 -1.431674141799430311e+00
2.973000000000000000e+03 2.494130892000216804e+01 8.225722978318548151e-01 1.796087898922505907e-02 -1.424402441054807511e+00
2.974000000000000000e+03 2.489324037289494740e+01 8.194121072334253908e-01 1.794541989129488924e-02 -1.417097525719617446e+00
2.975000000000000000e+03 2.484496345894694258e+01 8.162837918624240574e-01 1.792997569904990554e-02 -1.409765164934061898e+00
2.976000000000000000e+03 2.479649477451797779e+01 8.131930061243970442e-01 1.791454626455148483e-02 -1.402403707836132440e+00
2.977000000000000000e+03 2.474777652307605180e+01 8.101305672801889513e-01 1.789913142893579875e-02 -1.395026369874006189e+00
2.978000000000000000e+03 2.469882507953867190e+01 8.071021688434041330e-01 1.788373102300647860e-02 -1.387616663962210506e+00
2.979000000000000000e+03 2.464973098696935594e+01 8.041060955187921966e-01 1.786834486787342371e-02 -1.380195256887105426e+00
2.980000000000000000e+03 2.460043610216744270e+01 8.011480798844866635e-01 1.785297277577655578e-02 -1.372753115402917778e+00
2.981000000000000000e+03 2.455095644171976588e+01 7.982264456660926877e-01 1.783761455092930034e-02 -1.365296077575745226e+00
2.982000000000000000e+03 2.450130789354277638e+01 7.953395360542764303e-01 1.782226999053570030e-02 -1.357837425669749631e+00
2.983000000000000000e+03 2.445143192798292375e+01 7.924857136650186318e-01 1.780693888590644328e-02 -1.350360745625196479e+00
2.984000000000000000e+03 2.440141844254913295e+01 7.896633604928865457e-01 1.779162102360034095e-02 -1.342879355082023496e+00
2.985000000000000000e+03 2.435120862181754120e+01 7.868783062075334067e-01 1.777631618671908498e-02 -1.335406591191911074e+00
2.986000000000000000e+03 2.430089206511821587e+01 7.841289713926062888e-01 1.776102415620036193e-02 -1.327926098420765699e+00
2.987000000000000000e+03 2.425033536253686606e+01 7.814137958285203300e-01 1.774574471221177299e-02 -1.320451256544032725e+00
2.988000000000000000e+03 2.419970207286174357e+01 7.787386667684870201e-01 1.773047763554816414e-02 -1.312988040077393448e+00
2.989000000000000000e+03 2.414885844898828893e+01 7.760946338067552519e-01 1.771522270910933644e-02 -1.305527591096289131e+00
2.990000000000000000e+03 2.409781913243574536e+01 7.734876221920010675e-01 1.769997971931357855e-02 -1.298090790494006219e+00
2.991000000000000000e+03 2.404667286350441202e+01 7.709087193319666964e-01 1.768474845761934880e-02 -1.290661403971818499e+00
2.992000000000000000e+03 2.399543390817062871e+01 7.683713164438698007e-01 1.766952872191605850e-02 -1.283252938318405922e+00
2.993000000000000000e+03 2.394404205230745575e+01 7.658665383454015263e-01 1.765432031800190024e-02 -1.275871500769578892e+00
2.994000000000000000e+03 2.389243687980733455e+01 7.634003850919858225e-01 1.763912306097906516e-02 -1.268515800102027580e+00
2.995000000000000000e+03 2.384078061818573957e+01 7.609714468056304471e-01 1.762393677652398030e-02 -1.261192004409315448e+00
2.996000000000000000e+03 2.378901243321164927e+01 7.585709035479083484e-01 1.760876130226939756e-02 -1.253906313807931161e+00
2.997000000000000000e+03 2.373714555918144598e+01 7.562122385877010355e-01 1.759359648891614669e-02 -1.246664961473375799e+00
2.998000000000000000e+03 2.368511872886119463e+01 7.538866681599317721e-01 1.757844220139337735e-02 -1.239466786304846524e+00
2.999000000000000000e+03 2.363309330518666940e+01 7.516002830707511073e-01 1.756329831986064988e-02 -1.232318090618643280e+00
3.000000000000000000e+03 2.358093329523255832e+01 7.493443351441425593e-01 1.754816474061179216e-02 -1.225225212767933725e+00
3.001000000000000000e+03 2.352872380090426674e+01 7.471323940259423368e-01 1.753304137687287934e-02 -1.218186282779503804e+00
3.002000000000000000e+03 2.347639500217169584e+01 7.449483942015291404e-01 1.751792815946742049e-02 -1.211211057448433603e+00
3.003000000000000000e+03 2.342409817518337078e+01 7.428060159923259853e-01 1.750282503734294087e-02 -1.204293658711363735e+00
3.004000000000000000e+03 2.337161295947867856e+01 7.406966717152818624e-01 1.748773197796982953e-02 -1.197428248176858778e+00
3.005000000000000000e+03 2.331909019605003763e+01 7.386266472507069247e-01 1.747264896758253874e-02 -1.190623884669949950e+00
3.006000000000000000e+03 2.326653194683276737e+01 7.365873884517655235e-01 1.745757601129168876e-02 -1.183874811648221614e+00
3.007000000000000000e+03 2.321379149968386457e+01 7.345926427002673620e-01 1.744251313298261427e-02 -1.177182743042122004e+00
3.008000000000000000e+03 2.316101907534009641e+01 7.326264602533301140e-01 1.742746037522731328e-02 -1.170549435666462523e+00
3.009000000000000000e+03 2.310814184979146901e+01 7.306951924878443139e-01 1.741241779884729682e-02 -1.163961833253323253e+00
3.010000000000000000e+03 2.305516109610647035e+01 7.288052066364930637e-01 1.739738548244710095e-02 -1.157436637258759227e+00
3.011000000000000000e+03 2.300215219313861326e+01 7.269480288682937941e-01 1.738236352177121094e-02 -1.150968309087421204e+00
3.012000000000000000e+03 2.294896750107414007e+01 7.251226291146868341e-01 1.736735202894982427e-02 -1.144551355791272984e+00
3.013000000000000000e+03 2.289575635630961159e+01 7.233354208393526497e-01 1.735235113155013734e-02 -1.138187759038906011e+00
3.014000000000000000e+03 2.284244509804194934e+01 7.215854041019443832e-01 1.733736097157930964e-02 -1.131886975706120735e+00
3.015000000000000000e+03 2.278903421407007812e+01 7.198715936672517302e-01 1.732238170430102156e-02 -1.125643653387221166e+00
3.016000000000000000e+03 2.273552406969961837e+01 7.181863332435578506e-01 1.730741349698224074e-02 -1.119452487629357451e+00
3.017000000000000000e+03 2.268191492069056636e+01 7.165383231168396261e-01 1.729245652752484791e-02 -1.113315650788563094e+00
3.018000000000000000e+03 2.262828121016782390e+01 7.149243921631467380e-01 1.727751098304998109e-02 -1.107235364157661772e+00
3.019000000000000000e+03 2.257447444839461070e+01 7.133436114525810723e-01 1.726257705830703745e-02 -1.101221326767408915e+00
3.020000000000000000e+03 2.252064321136045422e+01 7.117965511478057117e-01 1.724765495419565420e-02 -1.095253574059382951e+00
3.021000000000000000e+03 2.246671317052926042e+01 7.102823088930521056e-01 1.723274487601314520e-02 -1.089349333435946310e+00
3.022000000000000000e+03 2.241260995771327913e+01 7.088014808785865206e-01 1.721784703190383167e-02 -1.083503597830357768e+00
3.023000000000000000e+03 2.235855631345539507e+01 7.073524473857792927e-01 1.720296163110420287e-02 -1.077718839454518962e+00
3.024000000000000000e+03 2.230432926628533963e+01 7.059358295131468175e-01 1.718808888229097706e-02 -1.071990153420834702e+00
3.025000000000000000e+03 2.225007726534184371e+01 7.045507747131208864e-01 1.717322899190569518e-02 -1.066327543091211583e+00
3.026000000000000000e+03 2.219580020966776246e+01 7.031971850051613737e-01 1.715838216249728279e-02 -1.060726206951130957e+00
3.027000000000000000e+03 2.214142374515026646e+01 7.018742310100265502e-01 1.714354859112834570e-02 -1.055188823912880158e+00
3.028000000000000000e+03 2.208694784449832582e+01 7.005825801556634369e-01 1.712872846783180386e-02 -1.049718125195790108e+00
3.029000000000000000e+03 2.203252110316508450e+01 6.993206821995895384e-01 1.711392197410897820e-02 -1.044309466185249002e+00
3.030000000000000000e+03 2.197799505011816379e+01 6.980892259333540961e-01 1.709912928155923884e-02 -1.038973111672118366e+00
3.031000000000000000e+03 2.192351842693260622e+01 6.968859390287462929e-01 1.708435055056505697e-02 -1.033697094270151329e+00
3.032000000000000000e+03 2.186894293005972045e+01 6.957107875715712320e-01 1.706958592910130454e-02 -1.028491784666937248e+00
3.033000000000000000e+03 2.181434320478450672e+01 6.945630044075576937e-01 1.705483555166244572e-02 -1.023352750003351685e+00
3.034000000000000000e+03 2.175979400325050861e+01 6.934433173310436960e-01 1.704009953833337046e-02 -1.018290467387093834e+00
3.035000000000000000e+03 2.170514734152714453e+01 6.923494917562514894e-01 1.702537799396968213e-02 -1.013293182236429946e+00
3.036000000000000000e+03 2.165055249070173815e+01 6.912815302418677810e-01 1.701067100754377615e-02 -1.008371478459568316e+00
3.037000000000000000e+03 2.159593599790265728e+01 6.902387008285388870e-01 1.699597865162761831e-02 -1.003521136764593313e+00
3.038000000000000000e+03 2.154137310829331753e+01 6.892202795498330037e-01 1.698130098206142649e-02 -9.987454197552394497e-01
3.039000000000000000e+03 2.148679063446931181e+01 6.882255501067576775e-01 1.696663803776211898e-02 -9.940402152594386420e-01
3.040000000000000000e+03 2.143226409279383660e+01 6.872538035410267199e-01 1.695198984068391895e-02 -9.894088930432188844e-01
3.041000000000000000e+03 2.137779485413751956e+01 6.863035950722095047e-01 1.693735639596761697e-02 -9.848623048088823717e-01
3.042000000000000000e+03 2.132338442756224595e+01 6.853757151091247612e-01 1.692273769223421459e-02 -9.803890707767638490e-01
3.043000000000000000e+03 2.126903445945798410e+01 6.844679890752358720e-01 1.690813370204867494e-02 -9.760001497545979232e-01
3.044000000000000000e+03 2.121474673166653702e+01 6.835797340888213336e-01 1.689354438254532173e-02 -9.716842689886658890e-01
3.045000000000000000e+03 2.116059744213412586e+01 6.827102729625549316e-01 1.687896967621702049e-02 -9.674524942030559016e-01
3.046000000000000000e+03 2.110651435062905534e+01 6.818589338730096649e-01 1.686440951176520348e-02 -9.633010877708949593e-01
3.047000000000000000e+03 2.105249962460627700e+01 6.810235643599023003e-01 1.684986380524229263e-02 -9.592263653222385944e-01
3.048000000000000000e+03 2.099862983376078418e+01 6.802049880058276266e-01 1.683533246114005122e-02 -9.552469806867384117e-01
3.049000000000000000e+03 2.094490737684412096e+01 6.794010614256857927e-01 1.682081537379277389e-02 -9.513444989678908614e-01
3.050000000000000000e+03 2.089133475833503439e+01 6.786111309470773678e-01 1.680631242867723293e-02 -9.475228232053901634e-01
3.051000000000000000e+03 2.083791215099108030e+01 6.778347476016676199e-01 1.679182350399945761e-02 -9.437931743516461136e-01
3.052000000000000000e+03 2.078463009782573678e+01 6.770707840990685122e-01 1.677734847220276396e-02 -9.401513165471832023e-01
3.053000000000000000e+03 2.073147679398392640e+01 6.763198028665046158e-01 1.676288720165877363e-02 -9.365929031330146870e-01
3.054000000000000000e+03 2.067851479173648954e+01 6.755823690609975563e-01 1.674843955834531481e-02 -9.331210679610717484e-01
3.055000000000000000e+03 2.062573242473190760e+01 6.748583074084322231e-01 1.673400540758382751e-02 -9.297389968191419607e-01
3.056000000000000000e+03 2.057311808266915065e+01 6.741481875488668507e-01 1.671958461577973884e-02 -9.264350704872632569e-01
3.057000000000000000e+03 2.052066020248445710e+01 6.734510952079618695e-01 1.670517705218150031e-02 -9.232274345773339164e-01
3.058000000000000000e+03 2.046842154315994122e+01 6.727676032149518814e-01 1.669078259063460148e-02 -9.201045724498102540e-01
3.059000000000000000e+03 2.041624204324081759e+01 6.720975426769628669e-01 1.667640111124449320e-02 -9.170624466640653338e-01
3.060000000000000000e+03 2.036433308070371950e+01 6.714400026598495996e-01 1.666203250212092146e-02 -9.141119270073450043e-01
3.061000000000000000e+03 2.031246034669568346e+01 6.707963012109345868e-01 1.664767666091417422e-02 -9.112416484016595541e-01
3.062000000000000000e+03 2.026083524034215699e+01 6.701655280331264564e-01 1.663333349639070646e-02 -9.084625806422281791e-01
3.063000000000000000e+03 2.020937202710075553e+01 6.695475155111973997e-01 1.661900292984334893e-02 -9.057634579114777207e-01
3.064000000000000000e+03 2.015805925033629720e+01 6.689428383998180516e-01 1.660468489645914453e-02 -9.031479201238221677e-01
3.065000000000000000e+03 2.010688544264219146e+01 6.683498421735482031e-01 1.659037934650308549e-02 -9.006196557965525651e-01
3.066000000000000000e+03 2.005591340499869091e+01 6.677698425640915536e-01 1.657608624647356407e-02 -8.981749732484598514e-01
3.067000000000000000e+03 2.000505735281558017e+01 6.672011825744496027e-01 1.656180557998427130e-02 -8.958102284762732292e-01
3.068000000000000000e+03 1.995438004744211469e+01 6.666444320205691110e-01 1.654753734861821174e-02 -8.935292530081662132e-01
3.069000000000000000e+03 1.990386994415446864e+01 6.660994158900930273e-01 1.653328157254914388e-02 -8.913284966835336443e-01
3.070000000000000000e+03 1.985358975868815534e+01 6.655659568785737834e-01 1.651903829104321361e-02 -8.892118838107820888e-01
3.071000000000000000e+03 1.980345361731771092e+01 6.650423894230730326e-01 1.650480756278079747e-02 -8.871759559011179741e-01
3.072000000000000000e+03 1.975344990902864950e+01 6.645300164185250491e-01 1.649058946597627834e-02 -8.852247277802844927e-01
3.073000000000000000e+03 1.970364128826657790e+01 6.640271662463177460e-01 1.647638409836092027e-02 -8.833474019265187271e-01
3.074000000000000000e+03 1.965401611176380570e+01 6.635336494958674614e-01 1.646219157701530114e-02 -8.815480812376672581e-01
3.075000000000000000e+03 1.960463701044546525e+01 6.630500158439007752e-01 1.644801203791124850e-02 -8.798309116745494096e-01
3.076000000000000000e+03 1.955534376136746388e+01 6.625745824313272747e-01 1.643384563544706550e-02 -8.781852248827224372e-01
3.077000000000000000e+03 1.950627327919639242e+01 6.621071477584202780e-01 1.641969254163413300e-02 -8.766226792445289684e-01
3.078000000000000000e+03 1.945741392312842066e+01 6.616475057376449698e-01 1.640555294530371758e-02 -8.751326890578252637e-01
3.079000000000000000e+03 1.940875407274885944e+01 6.611954454197348507e-01 1.639142705101610809e-02 -8.737121371968865624e-01
3.080000000000000000e+03 1.936028213774621776e+01 6.607500078878394412e-01 1.637731507789613045e-02 -8.723653743530001003e-01
3.081000000000000000e+03 1.931198656841722894e+01 6.603094859899457658e-01 1.636321725830938711e-02 -8.710967899060850783e-01
3.082000000000000000e+03 1.926385586688601848e+01 6.598751382497439755e-01 1.634913383642542378e-02 -8.698959544282102163e-01
3.083000000000000000e+03 1.921595288245622513e+01 6.594452459256009424e-01 1.633506506664128208e-02 -8.687628752614443561e-01
3.084000000000000000e+03 1.916819197349295933e+01 6.590188269283305811e-01 1.632101121193676313e-02 -8.676990816685468122e-01
3.085000000000000000e+03 1.912071043776929002e+01 6.585963784024577716e-01 1.630697254213635955e-02 -8.667024241436865895e-01
3.086000000000000000e+03 1.907334854112603395e+01 6.581761623010393691e-01 1.629294933207579149e-02 -8.657707877293694398e-01
3.087000000000000000e+03 1.902631808241051914e+01 6.577579193144735825e-01 1.627894185974824645e-02 -8.649035768154373915e-01
3.088000000000000000e+03 1.897938528849678974e+01 6.573406401229799911e-01 1.626495040440517972e-02 -8.640994857508547122e-01
3.089000000000000000e+03 1.893276222988516011e+01 6.569247936632074403e-01 1.625097524461833337e-02 -8.633557551149299014e-01
3.090000000000000000e+03 1.888628971565511705e+01 6.565078698836783744e-01 1.623701665632753047e-02 -8.626718849889161156e-01
3.091000000000000000e+03 1.884010585826871065e+01 6.560903221946494668e-01 1.622307491097727677e-02 -8.620459198689188751e-01
3.092000000000000000e+03 1.879412610202441769e+01 6.556711102319721096e-01 1.620915027357670846e-02 -8.614766762515793097e-01
3.093000000000000000e+03 1.874841465312361422e+01 6.552499281404327025e-01 1.619524300088210148e-02 -8.609615132034201812e-01
3.094000000000000000e+03 1.870288735769185706e+01 6.548242330163547287e-01 1.618135333962900449e-02 -8.604985599352296122e-01
3.095000000000000000e+03 1.865768313069916928e+01 6.543951873750621928e-01 1.616748152479288367e-02 -8.600867148672896034e-01
3.096000000000000000e+03 1.861264398212986393e+01 6.539602305924185899e-01 1.615362777803192040e-02 -8.597219305166822201e-01
3.097000000000000000e+03 1.856790929487879538e+01 6.535197642165803122e-01 1.613979230618012642e-02 -8.594046409079367788e-01
3.098000000000000000e+03 1.852339584921452698e+01 6.530719519241456883e-01 1.612597529985118974e-02 -8.591308466124313314e-01
3.099000000000000000e+03 1.847909496479697466e+01 6.526164335014297269e-01 1.611217693220412181e-02 -8.588995421582182876e-01
3.100000000000000000e+03 1.843514679114563393e+01 6.521513533154044140e-01 1.609839735790620160e-02 -8.587082580807533505e-01
3.101000000000000000e+03 1.839139352135471839e+01 6.516772547741379595e-01 1.608463671212793586e-02 -8.585542759029727300e-01
3.102000000000000000e+03 1.834797039142374331e+01 6.511939073802450739e-01 1.607089510978599797e-02 -8.584375321185092611e-01
3.103000000000000000e+03 1.830478897264947946e+01 6.506997651498049873e-01 1.605717264499016347e-02 -8.583584551774238180e-01
3.104000000000000000e+03 1.826183539905210651e+01 6.501969858200369323e-01 1.604346939056069607e-02 -8.583182343111930290e-01
3.105000000000000000e+03 1.821917036840866189e+01 6.496847451708793741e-01 1.602978539784574372e-02 -8.583165901050523461e-01
3.106000000000000000e+03 1.817678057502060796e+01 6.491622082073428279e-01 1.601612069661339718e-02 -8.583540020855259245e-01
3.107000000000000000e+03 1.813465299172729672e+01 6.486307575121521563e-01 1.600247529520591044e-02 -8.584294793034228377e-01
3.108000000000000000e+03 1.809277486716631955e+01 6.480895360886489431e-01 1.598884918082691189e-02 -8.585442736031250188e-01
3.109000000000000000e+03 1.805113372180353792e+01 6.475391613943796143e-01 1.597524232008622549e-02 -8.586981645478088954e-01
3.110000000000000000e+03 1.800979162626737207e+01 6.469787538650940695e-01 1.596165465960018917e-02 -8.588909441964678315e-01
3.111000000000000000e+03 1.796866234451626454e+01 6.464096509594078332e-01 1.594808612687455621e-02 -8.591231590524385231e-01
3.112000000000000000e+03 1.792780846041873488e+01 6.458294643537825230e-01 1.593453663128507544e-02 -8.593938806786908247e-01
3.113000000000000000e+03 1.788721851877173563e+01 6.452409938435650361e-01 1.592100606525492096e-02 -8.597036761650446168e-01
3.114000000000000000e+03 1.784688129935510759e+01 6.446418275390326524e-01 1.590749430553056384e-02 -8.600508930867170054e-01
3.115000000000000000e+03 1.780678580658797117e+01 6.440332557776866640e-01 1.589400121462316087e-02 -8.604361156549775735e-01
3.116000000000000000e+03 1.776692125837537617e+01 6.434150711766976061e-01 1.588052664237617900e-02 -8.608577068537051069e-01
3.117000000000000000e+03 1.772735135774061632e+01 6.427870542062780190e-01 1.586707042757068073e-02 -8.613147789324843151e-01
3.118000000000000000e+03 1.768806571333215416e+01 6.421489730985016076e-01 1.585363239975925639e-02 -8.618079354005931947e-01
3.119000000000000000e+03 1.764905410992454193e+01 6.415013265969420342e-01 1.584021238100766921e-02 -8.623362988513461058e-01
3.120000000000000000e+03 1.761023221150880858e+01 6.408431153716772632e-01 1.582681018784196439e-02 -8.628982529669363410e-01
3.121000000000000000e+03 1.757173868160203156e+01 6.401755561202214784e-01 1.581342563310987256e-02 -8.634936701981883456e-01
3.122000000000000000e+03 1.753348946835246025e+01 6.394976244886583228e-01 1.580005852797150209e-02 -8.641209396036149126e-01
3.123000000000000000e+03 1.749554920810826175e+01 6.388090263486171372e-01 1.578670868386057927e-02 -8.647784517026976259e-01
3.124000000000000000e+03 1.745783407751565974e+01 6.381094549046879560e-01 1.577337591440286860e-02 -8.654660833328412517e-01
3.125000000000000000e+03 1.742033463030130136e+01 6.374000763123801594e-01 1.576006003734176444e-02 -8.661822254994429038e-01
3.126000000000000000e+03 1.738319006732989891e+01 6.366798154563728662e-01 1.574676087641956393e-02 -8.669267539089593466e-01
3.127000000000000000e+03 1.734624252253510335e+01 6.359483272494894646e-01 1.573347826314093131e-02 -8.676965711540939319e-01
3.128000000000000000e+03 1.730955703488018926e+01 6.352059965968688271e-01 1.572021203856032237e-02 -8.684915485915295497e-01
3.129000000000000000e+03 1.727312440239106195e+01 6.344524526955338528e-01 1.570696205488942773e-02 -8.693093256958216442e-01
3.130000000000000000e+03 1.723700973790001356e+01 6.336873118443486774e-01 1.569372817701196465e-02 -8.701482806000366832e-01
3.131000000000000000e+03 1.720105532456058484e+01 6.329116630943057986e-01 1.568051028386378831e-02 -8.710067864622853540e-01
3.132000000000000000e+03 1.716547487426116803e+01 6.321236112237630378e-01 1.566730826975797769e-02 -8.718832106682201655e-01
3.133000000000000000e+03 1.713003640043445586e+01 6.313242194093816595e-01 1.565412204543427388e-02 -8.727759140340797250e-01
3.134000000000000000e+03 1.709495361243368095e+01 6.305130522117833314e-01 1.564095153903306834e-02 -8.736825071753194782e-01
3.135000000000000000e+03 1.706006879041739666e+01 6.296896612465259224e-01 1.562779669692088841e-02 -8.746020782157836182e-01
3.136000000000000000e+03 1.702544704789472263e+01 6.288543280252176793e-01 1.561465748424835896e-02 -8.755314778170771861e-01
3.137000000000000000e+03 1.699107919338969808e+01 6.280058354614941329e-01 1.560153388542045820e-02 -8.764697753937183977e-01
3.138000000000000000e+03 1.695695601079442127e+01 6.271451820622220286e-01 1.558842590434885225e-02 -8.774138013086519861e-01
3.139000000000000000e+03 1.692306825740968179e+01 6.262718677734695483e-01 1.557533356447101010e-02 -8.783626030897321302e-01
3.140000000000000000e+03 1.688940666318150008e+01 6.253846368414290868e-01 1.556225690870515627e-02 -8.793129876270874279e-01
3.141000000000000000e+03 1.685596193112564123e+01 6.244844491834692368e-01 1.554919599904841000e-02 -8.802632345569917360e-01
3.142000000000000000e+03 1.682279902242605019e+01 6.235707662486662528e-01 1.553615091614597883e-02 -8.812101241323793133e-01
3.143000000000000000e+03 1.678983430866537674e+01 6.226437795634266470e-01 1.552312175859569404e-02 -8.821526506108382515e-01
3.144000000000000000e+03 1.675713270967713697e+01 6.217036679417721201e-01 1.551010864210686409e-02 -8.830868216248900504e-01
3.145000000000000000e+03 1.672461056443254179e+01 6.207498547003641454e-01 1.549711169849806239e-02 -8.840108572461828906e-01
3.146000000000000000e+03 1.669233277094304313e+01 6.197817505483546041e-01 1.548413107447499902e-02 -8.849222178681691586e-01
3.147000000000000000e+03 1.666028994257353801e+01 6.188002393168213766e-01 1.547116693038902424e-02 -8.858183462688428156e-01
3.148000000000000000e+03 1.662847269921703841e+01 6.178047066828266098e-01 1.545821943873497244e-02 -8.866959240087030070e-01
3.149000000000000000e+03 1.659679739223113870e+01 6.167945259081771825e-01 1.544528878259953178e-02 -8.875523563402012428e-01
3.150000000000000000e+03 1.656532896405990130e+01 6.157705435828043639e-01 1.543237515396933025e-02 -8.883842857841051099e-01
3.151000000000000000e+03 1.653405895182499563e+01 6.147321277153002805e-01 1.541947875197765237e-02 -8.891903940858155719e-01
3.152000000000000000e+03 1.650305659771676758e+01 6.136787115437306595e-01 1.540659978102966975e-02 -8.899694098938579767e-01
3.153000000000000000e+03 1.647216919229594367e+01 6.126112212342200714e-01 1.539373844892839849e-02 -8.907228424530539979e-01
3.154000000000000000e+03 1.644146694188864899e+01 6.115283424444459826e-01 1.538089496489852132e-02 -8.914506925166559848e-01
3.155000000000000000e+03 1.641094584550396718e+01 6.104309774295689772e-01 1.536806953762642584e-02 -8.921529373122156770e-01
3.156000000000000000e+03 1.638067627279173166e+01 6.093192738023349708e-01 1.535526237327438336e-02 -8.928302726852436200e-01
3.157000000000000000e+03 1.635050584089487558e+01 6.081926246376534451e-01 1.534247367349230069e-02 -8.934833695863739766e-01
3.158000000000000000e+03 1.632057940962322462e+01 6.070511542514939185e-01 1.532970363351296265e-02 -8.941106449033275894e-01
3.159000000000000000e+03 1.629081910727279947e+01 6.058942326440422965e-01 1.531695244022415574e-02 -8.947142034935319233e-01
3.160000000000000000e+03 1.626122147454200473e+01 6.047234469572044802e-01 1.530422027034974986e-02 -8.952938948729605162e-01
3.161000000000000000e+03 1.623185747389947409e+01 6.035374017510664046e-01 1.529150728868650111e-02 -8.958487982725930054e-01
3.162000000000000000e+03 1.620264964780401229e+01 6.023361761397768577e-01 1.527881364648610296e-02 -8.963794505479557584e-01
3.163000000000000000e+03 1.617359497720124395e+01 6.011213239214782122e-01 1.526613947986449511e-02 -8.968856170976284847e-01
3.164000000000000000e+03 1.614469060518159793e+01 5.998906738670390926e-01 1.525348490840603387e-02 -8.973677769764818457e-01
3.165000000000000000e+03 1.611600812673099270e+01 5.986465010432738820e-01 1.524085003386656083e-02 -8.978256366892302109e-01
3.166000000000000000e+03 1.608747074348391948e+01 5.973873557695037473e-01 1.522823493907449720e-02 -8.982588725100028038e-01
3.167000000000000000e+03 1.605907611843679206e+01 5.961132636085040293e-01 1.521563968692136830e-02 -8.986678728235378832e-01
3.168000000000000000e+03 1.603089637904191989e+01 5.948257255160416257e-01 1.520306431956792471e-02 -8.990515091481370291e-01
3.169000000000000000e+03 1.600278098513210523e+01 5.935232609839949935e-01 1.519050885781928276e-02 -8.994101070262954245e-01
3.170000000000000000e+03 1.597495099767783344e+01 5.922073508774655659e-01 1.517797330070250542e-02 -8.997432170928165718e-01
3.171000000000000000e+03 1.594718195977362463e+01 5.908764949151383838e-01 1.516545762515686402e-02 -9.000503575060352368e-01
3.172000000000000000e+03 1.591962101343961322e+01 5.895321545134505348e-01 1.515296178599678453e-02 -9.003310135670433700e-01
3.173000000000000000e+03 1.589219262863114501e+01 5.881728102738027486e-01 1.514048571601960338e-02 -9.005861230322372846e-01
3.174000000000000000e+03 1.586489573304014655e+01 5.868006476684926032e-01 1.512802932632643926e-02 -9.008128759337871161e-01
3.175000000000000000e+03 1.583772942316259957e+01 5.854133860294191694e-01 1.511559250676012579e-02 -9.010128854536556542e-01
3.176000000000000000e+03 1.581076724117823495e+01 5.840131927453677818e-01 1.510317512664118705e-02 -9.011847592850388278e-01
3.177000000000000000e+03 1.578386003316292729e+01 5.825999979269017581e-01 1.509077703555075645e-02 -9.013270707068697929e-01
3.178000000000000000e+03 1.575715592472307591e+01 5.811737230943438970e-01 1.507839806439602998e-02 -9.014405868456503157e-01
3.179000000000000000e+03 1.573050604304578215e+01 5.797357670336154012e-01 1.506603802654064676e-02 -9.015290112892789809e-01
3.180000000000000000e+03 1.570405877400993688e+01 5.782852918095107153e-01 1.505369671914637969e-02 -9.015804130117069937e-01
3.181000000000000000e+03 1.567773976585806928e+01 5.768229371318150944e-01 1.504137392461592920e-02 -9.016051107805498344e-01
3.182000000000000000e+03 1.565154905057798196e+01 5.753500777136909550e-01 1.502906941217927936e-02 -9.015911028974354924e-01
3.183000000000000000e+03 1.562541246354469138e+01 5.738658521273494184e-01 1.501678293954289596e-02 -9.015560655113128430e-01
3.184000000000000000e+03 1.559947876354989660e+01 5.723716200120985143e-01 1.500451425469713843e-02 -9.014804973470565974e-01
3.185000000000000000e+03 1.557359963378165446e+01 5.708665052641584969e-01 1.499226309779988844e-02 -9.013671464067234407e-01
3.186000000000000000e+03 1.554784965142496667e+01 5.693511104137791712e-01 1.498002920302979844e-02 -9.012261531859226960e-01
3.187000000000000000e+03 1.552222913843265850e+01 5.678260311589032883e-01 1.496781230057590839e-02 -9.010453372068011335e-01
3.188000000000000000e+03 1.549666414611996501e+01 5.662918565705900020e-01 1.495561211862110780e-02 -9.008273387192593518e-01
3.189000000000000000e+03 1.547122929019622184e+01 5.647476836299197833e-01 1.494342838535565703e-02 -9.005747619659312253e-01
3.190000000000000000e+03 1.544592488482867587e+01 5.631948316115525932e-01 1.493126083092569285e-02 -9.002827468118250742e-01
3.191000000000000000e+03 1.542067692737767182e+01 5.616338709532957552e-01 1.491910918941964301e-02 -8.999538254385496261e-01
3.192000000000000000e+03 1.539548565041601158e+01 5.600653663020059847e-01 1.490697320075893249e-02 -8.995830656504408829e-01
3.193000000000000000e+03 1.537035122363264428e+01 5.584891338904720559e-01 1.489485261255733828e-02 -8.991729275939306376e-01
3.194000000000000000e+03 1.534534802324276015e+01 5.569057274202580121e-01 1.488274718191210343e-02 -8.987184070872835662e-01
3.195000000000000000e+03 1.532040176799373121e+01 5.553164382753679185e-01 1.487065667704615297e-02 -8.982218923620974849e-01
3.196000000000000000e+03 1.529543807338900052e+01 5.537210672314486493e-01 1.485858087889575969e-02 -8.976783074137988372e-01
3.197000000000000000e+03 1.527060529021295920e+01 5.521201531757152781e-01 1.484651958256411053e-02 -8.970973971127192970e-01
3.198000000000000000e+03 1.524582879241787303e+01 5.505142304872191472e-01 1.483447259864472192e-02 -8.964665855221126689e-01
3.199000000000000000e+03 1.522110810099832889e+01 5.489038292525153517e-01 1.482243975435433396e-02 -8.957881177266888706e-01
3.200000000000000000e+03 1.519636830788299520e+01 5.472887326464811464e-01 1.481042089456762259e-02 -8.950642032173333762e-01
3.201000000000000000e+03 1.517161026450290073e+01 5.456708290853363730e-01 1.479841588263799967e-02 -8.942897688101000275e-01
3.202000000000000000e+03 1.514698974714855240e+01 5.440485543881979913e-01 1.478642460108571012e-02 -8.934678589765531198e-01
3.203000000000000000e+03 1.512229257804755456e+01 5.424217072124267736e-01 1.477444695209430281e-02 -8.925942357189229348e-01
3.204000000000000000e+03 1.509767582634659888e+01 5.407915686724854565e-01 1.476248285781075684e-02 -8.916720542063039101e-01
3.205000000000000000e+03 1.507307353685655116e+01 5.391564455453016214e-01 1.475053226047564649e-02 -8.907044345431487375e-01
3.206000000000000000e+03 1.504849386206973705e+01 5.375183560006733252e-01 1.473859512235022561e-02 -8.896870335438666899e-01
3.207000000000000000e+03 1.502394477790478078e+01 5.358756014657463096e-01 1.472667142549398400e-02 -8.886154732141964274e-01
3.208000000000000000e+03 1.499950836768364582e+01 5.342287095194939717e-01 1.471476117131312843e-02 -8.875001975887611971e-01
3.209000000000000000e+03 1.497496940629693540e+01 5.325782056012839938e-01 1.470286437999509394e-02 -8.863441878238564886e-01
3.210000000000000000e+03 1.495055819807518205e+01 5.309238703889419542e-01 1.469098108968189265e-02 -8.851281056467680264e-01
3.211000000000000000e+03 1.492613346223234494e+01 5.292654828460411354e-01 1.467911135560194535e-02 -8.838697203143502934e-01
3.212000000000000000e+03 1.490177660592670428e+01 5.276035632685628363e-01 1.466725524889955258e-02 -8.825644819744125069e-01
3.213000000000000000e+03 1.487742031279604582e+01 5.259371449904640672e-01 1.465541285549424276e-02 -8.812152352375565156e-01
3.214000000000000000e+03 1.485314568394999846e+01 5.242674887687656105e-01 1.464358427459063958e-02 -8.798173626549742332e-01
3.215000000000000000e+03 1.482881082829443820e+01 5.225928831471494673e-01 1.463176961733178919e-02 -8.783662132552907398e-01
3.216000000000000000e+03 1.480457085565324604e+01 5.209145873441891617e-01 1.461996900508783816e-02 -8.768793877902313350e-01
3.217000000000000000e+03 1.478035790152883777e+01 5.192323744500308980e-01 1.460818256782403686e-02 -8.753373121367790111e-01
3.218000000000000000e+03 1.475610398746225371e+01 5.175460173022484733e-01 1.459641044232851820e-02 -8.737500926630153986e-01
3.219000000000000000e+03 1.473188959836125633e+01 5.158552886904984591e-01 1.458465277040148222e-02 -8.721129463503790591e-01
3.220000000000000000e+03 1.470772084267914792e+01 5.141614472300702898e-01 1.457290969698229847e-02 -8.704359144290739758e-01
3.221000000000000000e+03 1.468352946335395437e+01 5.124650090590801010e-01 1.456118136826580443e-02 -8.687141492226763129e-01
3.222000000000000000e+03 1.465932141589327564e+01 5.107642623694355066e-01 1.454946792980368886e-02 -8.669427711059530806e-01
3.223000000000000000e+03 1.463517687948243484e+01 5.090612102867295707e-01 1.453776952463226892e-02 -8.651242971249343272e-01
3.224000000000000000e+03 1.461102741750090139e+01 5.073548855533959179e-01 1.452608629140080335e-02 -8.632686412793146857e-01
3.225000000000000000e+03 1.458680455535576570e+01 5.056465505708543917e-01 1.451441836256267374e-02 -8.613708297677138415e-01
3.226000000000000000e+03 1.456266264151381762e+01 5.039359834199402810e-01 1.450276586261660915e-02 -8.594258579978757417e-01
3.227000000000000000e+03 1.453845887309928742e+01 5.022229637250387180e-01 1.449112890641969346e-02 -8.574361192608556115e-01
3.228000000000000000e+03 1.451427329001581512e+01 5.005087585166853037e-01 1.447950759761050532e-02 -8.554039767196310873e-01
3.229000000000000000e+03 1.449011164993442335e+01 4.987924082474326504e-01 1.446790202713533688e-02 -8.533317637627229058e-01
3.230000000000000000e+03 1.446590543659511496e+01 4.970744411563835508e-01 1.445631227186114018e-02 -8.512143560231366646e-01
3.231000000000000000e+03 1.444158615083078878e+01 4.953561306218848825e-01 1.444473839336007058e-02 -8.490614568138038498e-01
3.232000000000000000e+03 1.441738245124359530e+01 4.936372668424682808e-01 1.443318043682094605e-02 -8.468678841270618207e-01
3.233000000000000000e+03 1.439307732492327219e+01 4.919183855262051486e-01 1.442163843009472250e-02 -8.446284277516306060e-01
3.234000000000000000e+03 1.436867664373154696e+01 4.902000252381090162e-01 1.441011238293500064e-02 -8.423601347557675423e-01
3.235000000000000000e+03 1.434433488453072769e+01 4.884819847456967068e-01 1.439860228637051924e-02 -8.400503114839062979e-01
3.236000000000000000e+03 1.431990943082920076e+01 4.867662945377110861e-01 1.438710811229200991e-02 -8.377010941224307672e-01
3.237000000000000000e+03 1.429548055885963009e+01 4.850527599906707676e-01 1.437562981313600559e-02 -8.353145924791685051e-01
3.238000000000000000e+03 1.427098002050762737e+01 4.833411900484837487e-01 1.436416732186828089e-02 -8.328928904789596466e-01
3.239000000000000000e+03 1.424641389313270601e+01 4.816328830650294379e-01 1.435272055202497718e-02 -8.304454750245633399e-01
3.240000000000000000e+03 1.422186257775492102e+01 4.799283984693423766e-01 1.434128939802446247e-02 -8.279520947710113932e-01
3.241000000000000000e+03 1.419718366211756866e+01 4.782275569337267607e-01 1.432987373554793671e-02 -8.254370441680666248e-01
3.242000000000000000e+03 1.417245761768290180e+01 4.765316690444974523e-01 1.431847342221833491e-02 -8.228874521612614679e-01
3.243000000000000000e+03 1.414769066054362767e+01 4.748405641252368414e-01 1.430708829836482843e-02 -8.203052812108317937e-01
3.244000000000000000e+03 1.412288902882983699e+01 4.731540760677669932e-01 1.429571818790914550e-02 -8.176924711709118165e-01
3.245000000000000000e+03 1.409798469214570815e+01 4.714742719955101746e-01 1.428436289951290870e-02 -8.150509398814457240e-01
3.246000000000000000e+03 1.407298391060871801e+01 4.698009954091317275e-01 1.427302222774227795e-02 -8.123751554207344627e-01
3.247000000000000000e+03 1.404796722604799619e+01 4.681340948446297556e-01 1.426169595445835221e-02 -8.096818501199617435e-01
3.248000000000000000e+03 1.402286660193528789e+01 4.664749096937277351e-01 1.425038385023983008e-02 -8.069580227343410295e-01
3.249000000000000000e+03 1.399761398015227698e+01 4.648247846812752493e-01 1.423908567597622493e-02 -8.042129375265112401e-01
3.250000000000000000e+03 1.397236412067367262e+01 4.631828415048031555e-01 1.422780118446675957e-02 -8.014409831546533969e-01
3.251000000000000000e+03 1.394697549249831248e+01 4.615503082002395674e-01 1.421653012221498445e-02 -7.986511184021356513e-01
3.252000000000000000e+03 1.392145862325037875e+01 4.599271645825747101e-01 1.420527223109443841e-02 -7.958289261250601765e-01
3.253000000000000000e+03 1.389589914338251297e+01 4.583132685741971857e-01 1.419402725023964640e-02 -7.929894173142933989e-01
3.254000000000000000e+03 1.387030832022218441e+01 4.567077412881514475e-01 1.418279491786492326e-02 -7.901327299727387565e-01
3.255000000000000000e+03 1.384454876220825348e+01 4.551126813323605469e-01 1.417157497307322718e-02 -7.872441297791775705e-01
3.256000000000000000e+03 1.381878010767537468e+01 4.535257365851219080e-01 1.416036715770361762e-02 -7.843385808557770122e-01
3.257000000000000000e+03 1.379286474474101887e+01 4.519482755027972587e-01 1.414917121812996580e-02 -7.814087479832964034e-01
3.258000000000000000e+03 1.376696206747615037e+01 4.503794445586260520e-01 1.413798690700674918e-02 -7.784472823189432233e-01
3.259000000000000000e+03 1.374093419638388625e+01 4.488191396983507997e-01 1.412681398498448308e-02 -7.754691071134699465e-01
3.260000000000000000e+03 1.371479166836122765e+01 4.472680064522399634e-01 1.411565222234178497e-02 -7.724668482743798359e-01
3.261000000000000000e+03 1.368861914268845759e+01 4.457259543735794249e-01 1.410450140046113493e-02 -7.694405484291606534e-01
3.262000000000000000e+03 1.366242682415278153e+01 4.441914143084657041e-01 1.409336131332843307e-02 -7.663902392339994041e-01
3.263000000000000000e+03 1.363607617039695619e+01 4.426657955072612616e-01 1.408223176880701172e-02 -7.633159420288848640e-01
3.264000000000000000e+03 1.360972558458785642e+01 4.411482858769805726e-01 1.407111258986903403e-02 -7.602102401376439333e-01
3.265000000000000000e+03 1.358323613992422452e+01 4.396388234153570940e-01 1.406000361559863951e-02 -7.570879929141455245e-01
3.266000000000000000e+03 1.355669155762084976e+01 4.381380963010108043e-01 1.404890470214543476e-02 -7.539417662800893538e-01
3.267000000000000000e+03 1.353010106736028106e+01 4.366445716398336119e-01 1.403781572347610751e-02 -7.507641184087670005e-01
3.268000000000000000e+03 1.350347368629917533e+01 4.351596953929469103e-01 1.402673657193855700e-02 -7.475698854021033402e-01
3.269000000000000000e+03 1.347674393214966315e+01 4.336834354455159080e-01 1.401566715872980089e-02 -7.443516118084074762e-01
3.270000000000000000e+03 1.344992038787690980e+01 4.322157673520741206e-01 1.400460741414254542e-02 -7.411092646351533642e-01
3.271000000000000000e+03 1.342308570051880423e+01 4.307574172430293502e-01 1.399355728767997555e-02 -7.378502339533430376e-01
3.272000000000000000e+03 1.339617373063416927e+01 4.293068905523511614e-01 1.398251674795856873e-02 -7.345670484432683667e-01
3.273000000000000000e+03 1.336919240390036023e+01 4.278664147617698976e-01 1.397148578249750479e-02 -7.312670893842715403e-01
3.274000000000000000e+03 1.334222371332745105e+01 4.264345111108428510e-01 1.396046439729709161e-02 -7.279503061849240675e-01
3.275000000000000000e+03 1.331512658856458309e+01 4.250119373337435946e-01 1.394945261628596604e-02 -7.246092169562233787e-01
3.276000000000000000e+03 1.328798260130403186e+01 4.235987163720845716e-01 1.393845048059035897e-02 -7.212586224780862532e-01
3.277000000000000000e+03 1.326079883669269144e+01 4.221948792591863620e-01 1.392745804767940403e-02 -7.178836083056155948e-01
3.278000000000000000e+03 1.323350789973789432e+01 4.207997223306640944e-01 1.391647539035932926e-02 -7.144989721219264789e-01
3.279000000000000000e+03 1.320626505665062567e+01 4.194140357715121503e-01 1.390550259564077989e-02 -7.110972258301144766e-01
3.280000000000000000e+03 1.317885397502159073e+01 4.180371323143971529e-01 1.389453976352463156e-02 -7.076783094914032013e-01
3.281000000000000000e+03 1.315142956783332551e+01 4.166705614497548393e-01 1.388358700556055828e-02 -7.042495918558649981e-01
3.282000000000000000e+03 1.312392373514005683e+01 4.153129096118909347e-01 1.387264444349544344e-02 -7.008035858365420090e-01
3.283000000000000000e+03 1.309641679190891850e+01 4.139650000521023498e-01 1.386171220770240388e-02 -6.973550907800447618e-01
3.284000000000000000e+03 1.306876606137584318e+01 4.126276643580406023e-01 1.385079043560688734e-02 -6.938891945289678009e-01
3.285000000000000000e+03 1.304112587087812614e+01 4.113002568047442464e-01 1.383987927002563491e-02 -6.904207007335326773e-01
3.286000000000000000e+03 1.301342757900181368e+01 4.099836257124111483e-01 1.382897885750896706e-02 -6.869421309052650138e-01
3.287000000000000000e+03 1.298567672150825736e+01 4.086771421206411570e-01 1.381808934666999521e-02 -6.834608666698975821e-01
3.288000000000000000e+03 1.295780445639643474e+01 4.073816711396642254e-01 1.380721088642760871e-02 -6.799768652150874892e-01
3.289000000000000000e+03 1.292989042652755671e+01 4.060966006179860255e-01 1.379634362439403732e-02 -6.764900881363232754e-01
3.290000000000000000e+03 1.290193992118428135e+01 4.048228124871253719e-01 1.378548770517100744e-02 -6.730005019301668057e-01
3.291000000000000000e+03 1.287395817148998134e+01 4.035597114228599014e-01 1.377464326879252951e-02 -6.695080784855454992e-01
3.292000000000000000e+03 1.284587607857548797e+01 4.023074533486156179e-01 1.376381044910091923e-02 -6.660202239236187038e-01
3.293000000000000000e+03 1.281769879191228156e+01 4.010669454305400561e-01 1.375298937230585473e-02 -6.625369223858226242e-01
3.294000000000000000e+03 1.278950572020855070e+01 3.998376175644615671e-01 1.374218015557105918e-02 -6.590507365212436852e-01
3.295000000000000000e+03 1.276122769128051715e+01 3.986196508698708341e-01 1.373138290574907848e-02 -6.555765213745368136e-01
3.296000000000000000e+03 1.273286981234042692e+01 3.974139776758655040e-01 1.372059771813949336e-02 -6.521068547707054019e-01
3.297000000000000000e+03 1.270451147910516809e+01 3.962200529989419184e-01 1.370982467542113982e-02 -6.486491795524254034e-01
3.298000000000000000e+03 1.267608353365768004e+01 3.950380830278917288e-01 1.369906384674234728e-02 -6.452035190151513833e-01
3.299000000000000000e+03 1.264759112252299822e+01 3.938690251006773391e-01 1.368831528690832994e-02 -6.417699057431374143e-01
3.300000000000000000e+03 1.261903941988233946e+01 3.927123591733026609e-01 1.367757903566935163e-02 -6.383558104452367044e-01
3.301000000000000000e+03 1.259043320576346758e+01 3.915690277951125453e-01 1.366685511723974428e-02 -6.349534616474352688e-01
3.302000000000000000e+03 1.256177558804049710e+01 3.904391135646089750e-01 1.365614353994442504e-02 -6.315758007028408061e-01
3.303000000000000000e+03 1.253306928925018582e+01 3.893211902665831281e-01 1.364544429597782001e-02 -6.282130994010869385e-01
3.304000000000000000e+03 1.250431707717254604e+01 3.882168111800735621e-01 1.363475736135047120e-02 -6.248630695952067660e-01
3.305000000000000000e+03 1.247552176679751845e+01 3.871245663573056883e-01 1.362408269602769471e-02 -6.215308636844345536e-01
3.306000000000000000e+03 1.244661193780395259e+01 3.860452824251803250e-01 1.361342024413184255e-02 -6.182142183950020131e-01
3.307000000000000000e+03 1.241773906857634913e+01 3.849790511985010100e-01 1.360276993436700284e-02 -6.149183119600575287e-01
3.308000000000000000e+03 1.238875755073779672e+01 3.839252296303644063e-01 1.359213168059300245e-02 -6.116334795460974805e-01
3.309000000000000000e+03 1.235967038828621334e+01 3.828839254297533023e-01 1.358150538249440140e-02 -6.083574987780271393e-01
3.310000000000000000e+03 1.233055491132045844e+01 3.818545113360780618e-01 1.357089092640876432e-02 -6.051030185602772615e-01
3.311000000000000000e+03 1.230141420541430719e+01 3.808385964009841640e-01 1.356028818625838912e-02 -6.018678461427320325e-01
3.312000000000000000e+03 1.227225139070044513e+01 3.798340832469118133e-01 1.354969702464193897e-02 -5.986349475829111366e-01
3.313000000000000000e+03 1.224292104970761308e+01 3.788425963532473517e-01 1.353911729398493517e-02 -5.954244466547277126e-01
3.314000000000000000e+03 1.221364920604607462e+01 3.778635393091244743e-01 1.352854883778939477e-02 -5.922267701470199652e-01
3.315000000000000000e+03 1.218429048294717632e+01 3.768970660836168385e-01 1.351799149198285206e-02 -5.890472184092283570e-01
3.316000000000000000e+03 1.215484808081791890e+01 3.759433381179242417e-01 1.350744508633886648e-02 -5.858836807373252187e-01
3.317000000000000000e+03 1.212539948632868736e+01 3.750010385797047374e-01 1.349690944591044016e-02 -5.827266358022131776e-01
3.318000000000000000e+03 1.209587361413292150e+01 3.740710864596479279e-01 1.348638439258390345e-02 -5.795888654702489040e-01
3.319000000000000000e+03 1.206634793282801610e+01 3.731536651501272117e-01 1.347586974652506368e-02 -5.764683134617129001e-01
3.320000000000000000e+03 1.203667703920691068e+01 3.722474795259553271e-01 1.346536532777797140e-02 -5.733629424507125094e-01
3.321000000000000000e+03 1.200708691794467775e+01 3.713534700325482607e-01 1.345487095782428588e-02 -5.702633061030751849e-01
3.322000000000000000e+03 1.197735781473117100e+01 3.704710984211512237e-01 1.344438646103819981e-02 -5.671896912040188532e-01
3.323000000000000000e+03 1.194764134654183785e+01 3.695998333264060576e-01 1.343391166622056633e-02 -5.641252628697606131e-01
3.324000000000000000e+03 1.191786622553300745e+01 3.687406358412809171e-01 1.342344640801678389e-02 -5.610754917003378806e-01
3.325000000000000000e+03 1.188803538522525471e+01 3.678929880791410589e-01 1.341299052834084640e-02 -5.580458690659060306e-01
3.326000000000000000e+03 1.185822597301901382e+01 3.670563787434369396e-01 1.340254387764158034e-02 -5.550344790793126926e-01
3.327000000000000000e+03 1.182836649262417517e+01 3.662310458597225482e-01 1.339210631617545645e-02 -5.520394272545132708e-01
3.328000000000000000e+03 1.179853393150455254e+01 3.654172338351594496e-01 1.338167771513656089e-02 -5.490588407994857478e-01
3.329000000000000000e+03 1.176865662087014286e+01 3.646151933505861198e-01 1.337125795770053444e-02 -5.460982972438812588e-01
3.330000000000000000e+03 1.173873708081887379e+01 3.638236955801765760e-01 1.336084693992724975e-02 -5.431633963502766616e-01
3.331000000000000000e+03 1.170885201566220246e+01 3.630430034188923960e-01 1.335044457158531851e-02 -5.402374753087662018e-01
3.332000000000000000e+03 1.167900374298790389e+01 3.622726428625297479e-01 1.334005077683761593e-02 -5.373410357680866722e-01
3.333000000000000000e+03 1.164904590701274500e+01 3.615136313957851288e-01 1.332966549475480753e-02 -5.344648888958324351e-01
3.334000000000000000e+03 1.161920346077913635e+01 3.607640208629656620e-01 1.331928867974170073e-02 -5.316072973258051393e-01
3.335000000000000000e+03 1.158932982966253000e+01 3.600255828620724796e-01 1.330892030182511711e-02 -5.287665469872278035e-01
3.336000000000000000e+03 1.155942689529567780e+01 3.592963802715494759e-01 1.329856034674656642e-02 -5.259558039682677988e-01
3.337000000000000000e+03 1.152957071235997688e+01 3.585774526406325657e-01 1.328820881597739083e-02 -5.231644872414322744e-01
3.338000000000000000e+03 1.149976294276609856e+01 3.578676162176253617e-01 1.327786572653554507e-02 -5.203976390503878280e-01
3.339000000000000000e+03 1.146993085772756693e+01 3.571671779968201843e-01 1.326753111069972971e-02 -5.176551256439297921e-01
3.340000000000000000e+03 1.144007590771570371e+01 3.564764499187347835e-01 1.325720501557789595e-02 -5.149390657253187786e-01
3.341000000000000000e+03 1.141034800976806984e+01 3.557950059039212687e-01 1.324688750257132890e-02 -5.122486306908359266e-01
3.342000000000000000e+03 1.138059985110847272e+01 3.551216817205350984e-01 1.323657864666806516e-02 -5.095852445441155787e-01
3.343000000000000000e+03 1.135090687909250029e+01 3.544568033557409792e-01 1.322627853564693409e-02 -5.069503554457003291e-01
3.344000000000000000e+03 1.132127017337731623e+01 3.538014440459331111e-01 1.321598726915207758e-02 -5.043439500839107525e-01
3.345000000000000000e+03 1.129161645280362514e+01 3.531529671307551688e-01 1.320570495774404766e-02 -5.017675250425873701e-01
3.346000000000000000e+03 1.126202093343278143e+01 3.525131971017843036e-01 1.319543172173249027e-02 -4.992211154757910663e-01
3.347000000000000000e+03 1.123255876965794897e+01 3.518809911147985914e-01 1.318516769003193721e-02 -4.967062664508228864e-01
3.348000000000000000e+03 1.120308221233437607e+01 3.512559530267299057e-01 1.317491299895650302e-02 -4.942230615994361864e-01
3.349000000000000000e+03 1.117374060238540245e+01 3.506376904219977719e-01 1.316466779084318750e-02 -4.917730944384274272e-01
3.350000000000000000e+03 1.114438611224908371e+01 3.500265573082860793e-01 1.315443221276573794e-02 -4.893572398349107511e-01
3.351000000000000000e+03 1.111509264127521845e+01 3.494214926101975038e-01 1.314420641516444999e-02 -4.869754812618937723e-01
3.352000000000000000e+03 1.108592967854457711e+01 3.488239356194864360e-01 1.313399055043451905e-02 -4.846278783043614924e-01
3.353000000000000000e+03 1.105681704265794885e+01 3.482316817597840286e-01 1.312378477158471744e-02 -4.823143418838607421e-01
3.354000000000000000e+03 1.102774884132284683e+01 3.476469864934431109e-01 1.311358923078740496e-02 -4.800348068998774864e-01
3.355000000000000000e+03 1.099871919802254716e+01 3.470683939959997022e-01 1.310340407807338708e-02 -4.777892321589312652e-01
3.356000000000000000e+03 1.096972226208676027e+01 3.464966796962163365e-01 1.309322946000819436e-02 -4.755776002973260974e-01
3.357000000000000000e+03 1.094082650208543939e+01 3.459318787959823616e-01 1.308306551838136177e-02 -4.733991748629580720e-01
3.358000000000000000e+03 1.091195186495639291e+01 3.453740289654559925e-01 1.307291238904386733e-02 -4.712547287319411304e-01
3.359000000000000000e+03 1.088316691932091196e+01 3.448224273685320251e-01 1.306277020069049506e-02 -4.691435726750802226e-01
3.360000000000000000e+03 1.085439173037951122e+01 3.442786018636447287e-01 1.305263907384703222e-02 -4.670657837653078848e-01
3.361000000000000000e+03 1.082569500236227178e+01 3.437411110197389763e-01 1.304251911987204179e-02 -4.650214624406946440e-01
3.362000000000000000e+03 1.079699695243229840e+01 3.432100009879770486e-01 1.303241044008190790e-02 -4.630114752341628614e-01
3.363000000000000000e+03 1.076844073552963543e+01 3.426868053637843192e-01 1.302231312496154349e-02 -4.610344833243533724e-01
3.364000000000000000e+03 1.073987246655244476e+01 3.421700880392476440e-01 1.301222725350179889e-02 -4.590921422687286868e-01
3.365000000000000000e+03 1.071136121089716120e+01 3.416606429113770438e-01 1.300215289266577409e-02 -4.571824163733489432e-01
3.366000000000000000e+03 1.068290185575783724e+01 3.411577795706828287e-01 1.299209009693397254e-02 -4.553062640900640834e-01
3.367000000000000000e+03 1.065448939819387064e+01 3.406615516705275848e-01 1.298203890801810298e-02 -4.534639237206959383e-01
3.368000000000000000e+03 1.062611894892843978e+01 3.401720139570246215e-01 1.297199935467191131e-02 -4.516534276234041023e-01
3.369000000000000000e+03 1.059778573536347324e+01 3.396884792995443214e-01 1.296197145266882525e-02 -4.498758019315197143e-01
3.370000000000000000e+03 1.056955938730489031e+01 3.392124898970803049e-01 1.295195520483501811e-02 -4.481313522489980272e-01
3.371000000000000000e+03 1.054128680438193832e+01 3.387418744649207669e-01 1.294195060126529517e-02 -4.464189206831168932e-01
3.372000000000000000e+03 1.051311214120597803e+01 3.382781764524716572e-01 1.293195761964018899e-02 -4.447381142137564747e-01
3.373000000000000000e+03 1.048503110622197632e+01 3.378199683962897493e-01 1.292197622565563649e-02 -4.430893045542632080e-01
3.374000000000000000e+03 1.045696524432205088e+01 3.373680516342001390e-01 1.291200637356778452e-02 -4.414728851733766279e-01
3.375000000000000000e+03 1.042891050223319205e+01 3.369217419997974083e-01 1.290204800684175736e-02 -4.398877854780284258e-01
3.376000000000000000e+03 1.040093722620388839e+01 3.364810981978295090e-01 1.289210105890082995e-02 -4.383336991668761451e-01
3.377000000000000000e+03 1.037304159202937726e+01 3.360461788401488681e-01 1.288216545399032721e-02 -4.368110840737629563e-01
3.378000000000000000e+03 1.034521988497166234e+01 3.356162994824319901e-01 1.287224110802559149e-02 -4.353196763359001853e-01
3.379000000000000000e+03 1.031739421211216978e+01 3.351915181665173771e-01 1.286232792965793896e-02 -4.338584902265133492e-01
3.380000000000000000e+03 1.028970963170797326e+01 3.347711496234202500e-01 1.285242582129793136e-02 -4.324280464862897966e-01
3.381000000000000000e+03 1.026201416357055685e+01 3.343559936521389164e-01 1.284253468020853974e-02 -4.310281436381112607e-01
3.382000000000000000e+03 1.023445305159332896e+01 3.339453636539522763e-01 1.283265439964281426e-02 -4.296578577999558002e-01
3.383000000000000000e+03 1.020687448991474966e+01 3.335385721775555590e-01 1.282278487001687131e-02 -4.283170281602532437e-01
3.384000000000000000e+03 1.017942388486391359e+01 3.331356736298328181e-01 1.281292598011633636e-02 -4.270062567753020732e-01
3.385000000000000000e+03 1.015209814768187790e+01 3.327367213173463290e-01 1.280307761824604935e-02 -4.257239370183238947e-01
3.386000000000000000e+03 1.012474568813727771e+01 3.323410244884517639e-01 1.279323967344783014e-02 -4.244707103699906225e-01
3.387000000000000000e+03 1.009751210910569696e+01 3.319478910462536625e-01 1.278341203663863924e-02 -4.232457520146005736e-01
3.388000000000000000e+03 1.007039449913642848e+01 3.315581130972894974e-01 1.277359460175723875e-02 -4.220482562719256037e-01
3.389000000000000000e+03 1.004338999312409086e+01 3.311709954908327314e-01 1.276378726686153327e-02 -4.208796648544578245e-01
3.390000000000000000e+03 1.001642148262348719e+01 3.307858413691517341e-01 1.275398993515817862e-02 -4.197377239292320872e-01
3.391000000000000000e+03 9.989560460388448249e+00 3.304026948835479538e-01 1.274420251599175588e-02 -4.186239121999156820e-01
3.392000000000000000e+03 9.962878447672542492e+00 3.300208554061722088e-01 1.273442492576201679e-02 -4.175367551130145793e-01
3.393000000000000000e+03 9.936224138358848990e+00 3.296411059178865899e-01 1.272465708873788369e-02 -4.164755387438333623e-01
3.394000000000000000e+03 9.909743378498530930e+00 3.292612558817978874e-01 1.271489893783109282e-02 -4.154410523317398907e-01
3.395000000000000000e+03 9.883359177247200478e+00 3.288828266431775282e-01 1.270515041524424189e-02 -4.144311309596479531e-01
3.396000000000000000e+03 9.857143120307142681e+00 3.285043657999739408e-01 1.269541147302490590e-02 -4.134465979131281554e-01
3.397000000000000000e+03 9.830943948858378079e+00 3.281259040997724918e-01 1.268568207353236443e-02 -4.124868073387585321e-01
3.398000000000000000e+03 9.804981824569054538e+00 3.277467268227098884e-01 1.267596218978485172e-02 -4.115511295723088825e-01
3.399000000000000000e+03 9.779105492133563615e+00 3.273668593407244032e-01 1.266625180569624226e-02 -4.106382079515975003e-01
3.400000000000000000e+03 9.753312261947412409e+00 3.269855813380113663e-01 1.265655091619541026e-02 -4.097481869596602544e-01
3.401000000000000000e+03 9.727673002343729891e+00 3.266022572208293062e-01 1.264685952728449893e-02 -4.088813629320435794e-01
3.402000000000000000e+03 9.702181402891662643e+00 3.262180847297646569e-01 1.263717765591328493e-02 -4.080363654173860821e-01
3.403000000000000000e+03 9.676904710478909877e+00 3.258313747754368883e-01 1.262750532983232532e-02 -4.072142035518065417e-01
3.404000000000000000e+03 9.651687318940927796e+00 3.254441491672395714e-01 1.261784258719458700e-02 -4.064144147370155058e-01
3.405000000000000000e+03 9.626596471291971824e+00 3.250547121610136148e-01 1.260818947629514276e-02 -4.056380355751217914e-01
3.406000000000000000e+03 9.601625127517730007e+00 3.246643358742052343e-01 1.259854605494509401e-02 -4.048846301156629468e-01
3.407000000000000000e+03 9.576840533946883838e+00 3.242728031773131070e-01 1.258891238994437091e-02 -4.041552607765084848e-01
3.408000000000000000e+03 9.552161375646910813e+00 3.238798932675261422e-01 1.257928855638610309e-02 -4.034487737434304666e-01
3.409000000000000000e+03 9.527654913840716944e+00 3.234861244092930299e-01 1.256967463693527479e-02 -4.027655127146812508e-01
3.410000000000000000e+03 9.503239855769175293e+00 3.230905253369542596e-01 1.256007072096172218e-02 -4.021065756308520034e-01
3.411000000000000000e+03 9.478983492997707927e+00 3.226943493396556284e-01 1.255047690369516522e-02 -4.014708428957263209e-01
3.412000000000000000e+03 9.454804572080734104e+00 3.222966171632570265e-01 1.254089328529983151e-02 -4.008594339442058119e-01
3.413000000000000000e+03 9.430770433574972245e+00 3.218985739349016773e-01 1.253131996987451487e-02 -4.002712497875390296e-01
3.414000000000000000e+03 9.406874166811727278e+00 3.214984892346187673e-01 1.252175706444736379e-02 -3.997074295770471908e-01
3.415000000000000000e+03 9.383108898901582506e+00 3.210975996947246780e-01 1.251220467799547820e-02 -3.991668931466971770e-01
3.416000000000000000e+03 9.359393516899631393e+00 3.206956519115009563e-01 1.250266292035492020e-02 -3.986500547405469330e-01
3.417000000000000000e+03 9.335869807592134251e+00 3.202923880395660006e-01 1.249313190122163311e-02 -3.981558512255257698e-01
3.418000000000000000e+03 9.312456762308121583e+00 3.198882885539440779e-01 1.248361172909704178e-02 -3.976854558204505619e-01
3.419000000000000000e+03 9.289222000251486477e+00 3.194830865096935923e-01 1.247410251030855489e-02 -3.972370778065831276e-01
3.420000000000000000e+03 9.266010356742336640e+00 3.190765103094053146e-01 1.246460434801754252e-02 -3.968119047660074172e-01
3.421000000000000000e+03 9.242963873367424199e+00 3.186682836384617801e-01 1.245511734125951883e-02 -3.964089022974940923e-01
3.422000000000000000e+03 9.220076102421263187e+00 3.182596110730854799e-01 1.244564158412114763e-02 -3.960277849213978407e-01
3.423000000000000000e+03 9.197266395636360059e+00 3.178494638462053268e-01 1.243617716482187802e-02 -3.956682728132696059e-01
3.424000000000000000e+03 9.174602759639503446e+00 3.174375511312803599e-01 1.242672416500347973e-02 -3.953300913772336278e-01
3.425000000000000000e+03 9.152004726565342807e+00 3.170243199889702934e-01 1.241728265901976061e-02 -3.950129708241786886e-01
3.426000000000000000e+03 9.129614775823654327e+00 3.166094696466736913e-01 1.240785271329088689e-02 -3.947159029202922387e-01
3.427000000000000000e+03 9.107278353429554940e+00 3.161926942859499823e-01 1.239843438581757044e-02 -3.944386262463456250e-01
3.428000000000000000e+03 9.085063859925581298e+00 3.157744258329467368e-01 1.238902772567427105e-02 -3.941816257927021061e-01
3.429000000000000000e+03 9.062965519304269080e+00 3.153543482465309133e-01 1.237963277268810600e-02 -3.939431612204365440e-01
3.430000000000000000e+03 9.040977664945057057e+00 3.149328831494191405e-01 1.237024955717878558e-02 -3.937229806437921309e-01
3.431000000000000000e+03 9.019094741530583548e+00 3.145089612870591300e-01 1.236087809975365721e-02 -3.935200917388997355e-01
3.432000000000000000e+03 8.997311306430402666e+00 3.140829938344170680e-01 1.235151841127399806e-02 -3.933342470338516139e-01
3.433000000000000000e+03 8.975696314044178337e+00 3.136546438604101428e-01 1.234217049287518117e-02 -3.931652007001156801e-01
3.434000000000000000e+03 8.954170265588336619e+00 3.132243119701921819e-01 1.233283433607535416e-02 -3.930112225151558558e-01
3.435000000000000000e+03 8.932728059352063710e+00 3.127916506099988059e-01 1.232350992301872727e-02 -3.928720688413316342e-01
3.436000000000000000e+03 8.911438989906406150e+00 3.123563068797691744e-01 1.231419722672629120e-02 -3.927467537656737506e-01
3.437000000000000000e+03 8.890223896278390825e+00 3.119179225132203692e-01 1.230489621155090099e-02 -3.926350344204082576e-01
3.438000000000000000e+03 8.869152294131765757e+00 3.114768766955772206e-01 1.229560683359869934e-02 -3.925359249690090757e-01
3.439000000000000000e+03 8.848219522940246051e+00 3.110328003785819417e-01 1.228632904133819884e-02 -3.924484391025160890e-01
3.440000000000000000e+03 8.827346743205016111e+00 3.105860619381313192e-01 1.227706277614979725e-02 -3.923715897056345714e-01
3.441000000000000000e+03 8.806603783745792668e+00 3.101355386590038399e-01 1.226780797305908333e-02 -3.923051313624927317e-01
3.442000000000000000e+03 8.785986287577424392e+00 3.096815880670993337e-01 1.225856456145436868e-02 -3.922480743614483734e-01
3.443000000000000000e+03 8.765489991434080252e+00 3.092238194186987532e-01 1.224933246585845938e-02 -3.921986843737564343e-01
3.444000000000000000e+03 8.745110721469405490e+00 3.087625793669311891e-01 1.224011160678876303e-02 -3.921559678055826503e-01
3.445000000000000000e+03 8.724770105175265300e+00 3.082974662902860374e-01 1.223090190156643844e-02 -3.921189286480442626e-01
3.446000000000000000e+03 8.704612700579591689e+00 3.078288159631752396e-01 1.222170326519458027e-02 -3.920873109996953487e-01
3.447000000000000000e+03 8.684560290232417046e+00 3.073554730532655488e-01 1.221251561129179687e-02 -3.920586274161995122e-01
3.448000000000000000e+03 8.664683293581020962e+00 3.068777624659696501e-01 1.220333885290671681e-02 -3.920333584468382315e-01
3.449000000000000000e+03 8.644829344229535195e+00 3.063960036804702636e-01 1.219417290345477592e-02 -3.920090096472493846e-01
3.450000000000000000e+03 8.625143269187653061e+00 3.059097679226169819e-01 1.218501767754538376e-02 -3.919845682832938660e-01
3.451000000000000000e+03 8.605547243207890773e+00 3.054186537451097916e-01 1.217587309183141946e-02 -3.919592792952759086e-01
3.452000000000000000e+03 8.586038349938334591e+00 3.049223852454843176e-01 1.216673906582735332e-02 -3.919334308122638943e-01
3.453000000000000000e+03 8.566688144466008126e+00 3.044214567072298649e-01 1.215761552263197078e-02 -3.919075680274686779e-01
3.454000000000000000e+03 8.547493937233545225e+00 3.039163570435001738e-01 1.214850238968922039e-02 -3.918807452833090732e-01
3.455000000000000000e+03 8.528378789264758453e+00 3.034060841430071820e-01 1.213939959940093377e-02 -3.918549827758385784e-01
3.456000000000000000e+03 8.509340074622027572e+00 3.028911162274643409e-01 1.213030708976135970e-02 -3.918293235684778275e-01
3.457000000000000000e+03 8.490449476121463945e+00 3.023719262004128105e-01 1.212122480484227431e-02 -3.918050331304441802e-01
3.458000000000000000e+03 8.471704414338887545e+00 3.018474959974331018e-01 1.211215269525539422e-02 -3.917811420191115723e-01
3.459000000000000000e+03 8.453028043946412495e+00 3.013190307829421988e-01 1.210309071854193119e-02 -3.917581597470413124e-01
3.460000000000000000e+03 8.434492100906449963e+00 3.007855019631513471e-01 1.209403883944723361e-02 -3.917365888031625887e-01
3.461000000000000000e+03 8.416094049022701640e+00 3.002473613856866952e-01 1.208499703012414633e-02 -3.917161815082498832e-01
3.462000000000000000e+03 8.397831360889110641e+00 2.997043128603738560e-01 1.207596527027151451e-02 -3.916981682103587992e-01
3.463000000000000000e+03 8.379627232234389211e+00 2.991567978565688457e-01 1.206694354716970029e-02 -3.916807999645678939e-01
3.464000000000000000e+03 8.361627714186969484e+00 2.986045098618181348e-01 1.205793185559667774e-02 -3.916652909031660412e-01
3.465000000000000000e+03 8.343681727423444272e+00 2.980478800819830187e-01 1.204893019771942353e-02 -3.916513609157925568e-01
3.466000000000000000e+03 8.325861045761602242e+00 2.974865918026851075e-01 1.203993858289950994e-02 -3.916387210104718131e-01
3.467000000000000000e+03 8.308163161628705495e+00 2.969210660923883860e-01 1.203095702733907729e-02 -3.916270730054910443e-01
3.468000000000000000e+03 8.290585569435288349e+00 2.963509761667539322e-01 1.202198555375229815e-02 -3.916175948929402351e-01
3.469000000000000000e+03 8.273125765823827749e+00 2.957759902596357460e-01 1.201302419089420211e-02 -3.916084835238095585e-01
3.470000000000000000e+03 8.255781250276459815e+00 2.951972573305898240e-01 1.200407297305684448e-02 -3.916008969859894884e-01
3.471000000000000000e+03 8.238549526058349670e+00 2.946129500937498258e-01 1.199513193950394949e-02 -3.915944972947463243e-01
3.472000000000000000e+03 8.221435529821267352e+00 2.940249505736986513e-01 1.198620113381475109e-02 -3.915889357668969617e-01
3.473000000000000000e+03 8.204429348086195617e+00 2.934321646324493660e-01 1.197728060323978959e-02 -3.915845955640519516e-01
3.474000000000000000e+03 8.187535932425562990e+00 2.928349790234999195e-01 1.196837039797903242e-02 -3.915803629003605790e-01
3.475000000000000000e+03 8.170745388056069203e+00 2.922337757673739156e-01 1.195947057042290665e-02 -3.915765981006152363e-01
3.476000000000000000e+03 8.154062689409858677e+00 2.916274465288624107e-01 1.195058117439207375e-02 -3.915736496541584732e-01
3.477000000000000000e+03 8.137492825741041713e+00 2.910163640061617096e-01 1.194170226436464324e-02 -3.915703682750807380e-01
3.478000000000000000e+03 8.121018518479838022e+00 2.904016391467217351e-01 1.193283389464031181e-02 -3.915663351445864970e-01
3.479000000000000000e+03 8.104652222145681151e+00 2.897828926947575434e-01 1.192397611859931719e-02 -3.915611188209315863e-01
3.480000000000000000e+03 8.088391556723410147e+00 2.891597409157691811e-01 1.191512898791395603e-02 -3.915550178275097326e-01
3.481000000000000000e+03 8.072226738465925422e+00 2.885325384879217081e-01 1.190629255175139518e-02 -3.915468319094755900e-01
3.482000000000000000e+03 8.056155438982264272e+00 2.879016357251347191e-01 1.189746685609856421e-02 -3.915360903098689116e-01
3.483000000000000000e+03 8.040190215871474422e+00 2.872673786371845450e-01 1.188865194302022449e-02 -3.915230515502162723e-01
3.484000000000000000e+03 8.024313944762297979e+00 2.866293661566144957e-01 1.187984785000477037e-02 -3.915064747162810277e-01
3.485000000000000000e+03 8.008539248079340922e+00 2.859871930375471605e-01 1.187105460939466735e-02 -3.914858477645217216e-01
3.486000000000000000e+03 7.992849069993545719e+00 2.853419355914681432e-01 1.186227224780876666e-02 -3.914613873342309702e-01
3.487000000000000000e+03 7.977248676384509629e+00 2.846924375796964779e-01 1.185350078563878959e-02 -3.914318100660187927e-01
3.488000000000000000e+03 7.961735942680197020e+00 2.840405101279297462e-01 1.184474023668936199e-02 -3.913973037767584096e-01
3.489000000000000000e+03 7.946301354802671746e+00 2.833842462823686903e-01 1.183599060775213097e-02 -3.913572988012085085e-01
3.490000000000000000e+03 7.930950294848965854e+00 2.827254494329797252e-01 1.182725189839432638e-02 -3.913112106854063632e-01
3.491000000000000000e+03 7.915673327986887386e+00 2.820629478731712103e-01 1.181852410071002925e-02 -3.912576972221313287e-01
3.492000000000000000e+03 7.900475915806123517e+00 2.813977947214984510e-01 1.180980719925614486e-02 -3.911976296733150060e-01
3.493000000000000000e+03 7.885356130861684854e+00 2.807288109898262163e-01 1.180110117097480336e-02 -3.911288928192456216e-01
3.494000000000000000e+03 7.870297227556446451e+00 2.800577855083778989e-01 1.179240598525220680e-02 -3.910508418749769066e-01
3.495000000000000000e+03 7.855319639463218984e+00 2.793835323269793780e-01 1.178372160408354061e-02 -3.909643024083190310e-01
3.496000000000000000e+03 7.840399265983587718e+00 2.787070906432825845e-01 1.177504798220006289e-02 -3.908671132593087849e-01
3.497000000000000000e+03 7.825549182359956113e+00 2.780280107119727506e-01 1.176638506743278925e-02 -3.907585834912689071e-01
3.498000000000000000e+03 7.810760210693011629e+00 2.773465824356350917e-01 1.175773280105066321e-02 -3.906394923429079569e-01
3.499000000000000000e+03 7.796030630836875197e+00 2.766630926168351934e-01 1.174909111812918322e-02 -3.905076321807636197e-01
3.500000000000000000e+03 7.781351320886784606e+00 2.759770822112336819e-01 1.174045994814461140e-02 -3.903630083176140020e-01
3.501000000000000000e+03 7.766728727938351007e+00 2.752887970580951138e-01 1.173183921543163172e-02 -3.902050144631520889e-01
3.502000000000000000e+03 7.752157217743627093e+00 2.745990828836054609e-01 1.172322883988403779e-02 -3.900343588103258319e-01
3.503000000000000000e+03 7.737639289772097584e+00 2.739065191390574472e-01 1.171462873752631730e-02 -3.898496522728953084e-01
3.504000000000000000e+03 7.723177456280398090e+00 2.732119111319903371e-01 1.170603882127337070e-02 -3.896524615327359720e-01
3.505000000000000000e+03 7.708766810021953297e+00 2.725153187789237097e-01 1.169745900161503309e-02 -3.894413663774657364e-01
3.506000000000000000e+03 7.694417305230982329e+00 2.718160566987294358e-01 1.168888918739013211e-02 -3.892186452408891717e-01
3.507000000000000000e+03 7.680124040065041235e+00 2.711141799765576232e-01 1.168032928658593005e-02 -3.889821040497620230e-01
3.508000000000000000e+03 7.665889537448223656e+00 2.704104842581701029e-01 1.167177920708312167e-02 -3.887332474472373622e-01
3.509000000000000000e+03 7.651716312501572581e+00 2.697042773394755510e-01 1.166323885743395655e-02 -3.884713361566124457e-01
3.510000000000000000e+03 7.637599440000736983e+00 2.689956077663780976e-01 1.165470814765707554e-02 -3.881971012053204162e-01
3.511000000000000000e+03 7.623548835301757087e+00 2.682845220946553644e-01 1.164618698998618959e-02 -3.879097726383090583e-01
3.512000000000000000e+03 7.609559536920019518e+00 2.675718078198763283e-01 1.163767529960765129e-02 -3.876100509155706586e-01
3.513000000000000000e+03 7.595633987704008661e+00 2.668560221321172876e-01 1.162917299533681309e-02 -3.872971356327738479e-01
3.514000000000000000e+03 7.581767174436795820e+00 2.661386918557245296e-01 1.162068000030228206e-02 -3.869724397602213317e-01
3.515000000000000000e+03 7.567954052701004741e+00 2.654183708634599848e-01 1.161219624254909363e-02 -3.866351326987957360e-01
3.516000000000000000e+03 7.554211828689554764e+00 2.646958400156538826e-01 1.160372165558854612e-02 -3.862858545233538998e-01
3.517000000000000000e+03 7.540527957787809044e+00 2.639703930786169161e-01 1.159525617889676716e-02 -3.859244875473994973e-01
3.518000000000000000e+03 7.526904712009564236e+00 2.632428081577770085e-01 1.158679975833508576e-02 -3.855501563941721166e-01
3.519000000000000000e+03 7.513336892604181472e+00 2.625131192850037043e-01 1.157835234655378576e-02 -3.851649422437058434e-01
3.520000000000000000e+03 7.499834113108174272e+00 2.617806165104914484e-01 1.156991390319764973e-02 -3.847664545552303972e-01
3.521000000000000000e+03 7.486391084303723353e+00 2.610460744988515880e-01 1.156148439520373640e-02 -3.843567451605767182e-01
3.522000000000000000e+03 7.473002469649116186e+00 2.603087812794432909e-01 1.155306379685082721e-02 -3.839348799873045226e-01
3.523000000000000000e+03 7.459677741087332947e+00 2.595702525110474279e-01 1.154465208982382099e-02 -3.835006533073098134e-01
3.524000000000000000e+03 7.446404036784549874e+00 2.588290317253814088e-01 1.153624926322450138e-02 -3.830553306455874996e-01
3.525000000000000000e+03 7.433183302751963595e+00 2.580858902602272686e-01 1.152785531337569003e-02 -3.825971918438192954e-01
3.526000000000000000e+03 7.420024864742170045e+00 2.573408560062929173e-01 1.151947024365780788e-02 -3.821274738144445626e-01
3.527000000000000000e+03 7.406915715461326322e+00 2.565939563283420877e-01 1.151109406422107413e-02 -3.816459136047918865e-01
3.528000000000000000e+03 7.393857657287114193e+00 2.558452181504080603e-01 1.150272679160222952e-02 -3.811522341416159754e-01
3.529000000000000000e+03 7.380852446871076999e+00 2.550946680400412725e-01 1.149436844832011674e-02 -3.806476299764317006e-01
3.530000000000000000e+03 7.367894368405805139e+00 2.543423322916774088e-01 1.148601906237087765e-02 -3.801310531864228737e-01
3.531000000000000000e+03 7.354977663883326855e+00 2.535889798441535725e-01 1.147767866661944872e-02 -3.796029276267784414e-01
3.532000000000000000e+03 7.342111391965300271e+00 2.528338938571503269e-01 1.146934729822884740e-02 -3.790636633393218435e-01
3.533000000000000000e+03 7.329282288632771092e+00 2.520771002969960928e-01 1.146102499793300554e-02 -3.785121709630185904e-01
3.534000000000000000e+03 7.316499339885500497e+00 2.513201108514840909e-01 1.145271180935087015e-02 -3.779503188268559799e-01
3.535000000000000000e+03 7.303756642749553940e+00 2.505614659987496218e-01 1.144440777819690641e-02 -3.773762475201367650e-01
3.536000000000000000e+03 7.291048264859033345e+00 2.498026777656599806e-01 1.143611295149553515e-02 -3.767917983311697694e-01
3.537000000000000000e+03 7.278375675770520026e+00 2.490437727950378655e-01 1.142782737681509973e-02 -3.761958278242711340e-01
3.538000000000000000e+03 7.265732893268380010e+00 2.482840352574154641e-01 1.141955110140119474e-02 -3.755894077809999732e-01
3.539000000000000000e+03 7.253128771421839538e+00 2.475249782671179732e-01 1.141128417134308452e-02 -3.749713682907713785e-01
3.540000000000000000e+03 7.240549861798366571e+00 2.467651441123554223e-01 1.140302663079603186e-02 -3.743427548666563576e-01
3.541000000000000000e+03 7.227997558096116215e+00 2.460067898451837876e-01 1.139477852111975796e-02 -3.737031143814142919e-01
3.542000000000000000e+03 7.215465813850380883e+00 2.452484590052633195e-01 1.138653988017040639e-02 -3.730527236897517862e-01
3.543000000000000000e+03 7.202956001727110369e+00 2.444909243736703985e-01 1.137831074146453646e-02 -3.723925897516874861e-01
3.544000000000000000e+03 7.190469487563616369e+00 2.437342167057187647e-01 1.137009113355070752e-02 -3.717214784229302960e-01
3.545000000000000000e+03 7.178000204170535525e+00 2.429783676385815216e-01 1.136188107926364155e-02 -3.710396287673694005e-01
3.546000000000000000e+03 7.165542081562341181e+00 2.422241525982805066e-01 1.135368059520327003e-02 -3.703480103672558421e-01
3.547000000000000000e+03 7.153096476884389432e+00 2.414708623663131826e-01 1.134548969111427545e-02 -3.696468378061205096e-01
3.548000000000000000e+03 7.140657318958559152e+00 2.407200173259663178e-01 1.133730836943342042e-02 -3.689355708299816294e-01
3.549000000000000000e+03 7.128225965874166015e+00 2.399709105229796691e-01 1.132913662490485363e-02 -3.682144001870453209e-01
3.550000000000000000e+03 7.115803777153126397e+00 2.392243219111599983e-01 1.132097444422961938e-02 -3.674842478060079132e-01
3.551000000000000000e+03 7.103377805752969287e+00 2.384802319358484413e-01 1.131282180582533943e-02 -3.667437384307972170e-01
3.552000000000000000e+03 7.090959585279568600e+00 2.377391333290303499e-01 1.130467867969388307e-02 -3.659949708600507834e-01
3.553000000000000000e+03 7.078538913450270087e+00 2.369999766183626122e-01 1.129654502733228212e-02 -3.652355186033760526e-01
3.554000000000000000e+03 7.066127872506789309e+00 2.362631995178966493e-01 1.128842080174838683e-02 -3.644666584925234654e-01
3.555000000000000000e+03 7.053716257592790306e+00 2.355284984916665991e-01 1.128030594760937554e-02 -3.636881710588247829e-01
3.556000000000000000e+03 7.041316144927553644e+00 2.347963144920944545e-01 1.127220040140664535e-02 -3.628998264344105440e-01
3.557000000000000000e+03 7.028917319380690643e+00 2.340663473578520337e-01 1.126410409176546723e-02 -3.621006417568571889e-01
3.558000000000000000e+03 7.016524413519150016e+00 2.333382987163723499e-01 1.125601693984193408e-02 -3.612925955922716703e-01
3.559000000000000000e+03 7.004142047842194074e+00 2.326126148859712361e-01 1.124793885974010969e-02 -3.604731998407438853e-01
3.560000000000000000e+03 6.991759970680376135e+00 2.318890012722983340e-01 1.123986975911210606e-02 -3.596444140200504846e-01
3.561000000000000000e+03 6.979397624588886906e+00 2.311671652694543000e-01 1.123180953971285659e-02 -3.588044743508069234e-01
3.562000000000000000e+03 6.967037287211944374e+00 2.304475591604145113e-01 1.122375809813166633e-02 -3.579545795488051629e-01
3.563000000000000000e+03 6.954683493861960386e+00 2.297298945117958735e-01 1.121571532653638410e-02 -3.570944340981002108e-01
3.564000000000000000e+03 6.942348176395785941e+00 2.290138850730659148e-01 1.120768111341598032e-02 -3.562229913748036214e-01
3.565000000000000000e+03 6.930013516881563973e+00 2.282992468398082619e-01 1.119965534453359370e-02 -3.553421681161400558e-01
3.566000000000000000e+03 6.917698798054461307e+00 2.275864409513898012e-01 1.119163790372907329e-02 -3.544494163682393451e-01
3.567000000000000000e+03 6.905386115049759077e+00 2.268751880825415623e-01 1.118362867387181353e-02 -3.535473806434524802e-01
3.568000000000000000e+03 6.893087225769846782e+00 2.261659541741175838e-01 1.117562753780498158e-02 -3.526342413699152800e-01
3.569000000000000000e+03 6.880798976025723768e+00 2.254577219877236804e-01 1.116763437927710198e-02 -3.517104007140064437e-01
3.570000000000000000e+03 6.868525579908105527e+00 2.247517053394077757e-01 1.115964908390025025e-02 -3.507769972192779639e-01
3.571000000000000000e+03 6.856256330183337688e+00 2.240476349819105206e-01 1.115167154011694091e-02 -3.498329347761284236e-01
3.572000000000000000e+03 6.844010164017038100e+00 2.233459871658882989e-01 1.114370164011845889e-02 -3.488800827771230684e-01
3.573000000000000000e+03 6.831776232017003458e+00 2.226457551896524611e-01 1.113573928072457246e-02 -3.479165909112686417e-01
3.574000000000000000e+03 6.819551036098455477e+00 2.219481636276557368e-01 1.112778436427796711e-02 -3.469443178227342717e-01
3.575000000000000000e+03 6.807338425911085622e+00 2.212522113722642236e-01 1.111983679944172389e-02 -3.459621459021801071e-01
3.576000000000000000e+03 6.795142167270572742e+00 2.205583858592311541e-01 1.111189650195230395e-02 -3.449711814360154061e-01
3.577000000000000000e+03 6.782958510983677414e+00 2.198671774462997441e-01 1.110396339537673450e-02 -3.439717835673144486e-01
3.578000000000000000e+03 6.770791047152513009e+00 2.191775937902177840e-01 1.109603741168926211e-02 -3.429628217580618643e-01
3.579000000000000000e+03 6.758635846537877967e+00 2.184908740671021310e-01 1.108811849182632196e-02 -3.419461330923308506e-01
3.580000000000000000e+03 6.746488887460718509e+00 2.178060320056643684e-01 1.108020658620509878e-02 -3.409213227195052598e-01
3.581000000000000000e+03 6.734353483213671332e+00 2.171235701039098687e-01 1.107230165506277453e-02 -3.398887354774224323e-01
3.582000000000000000e+03 6.722232853300254440e+00 2.164432511636621426e-01 1.106440366875096823e-02 -3.388487133349481484e-01
3.583000000000000000e+03 6.710115266864445260e+00 2.157655839982306756e-01 1.105651260793425947e-02 -3.378015956635875838e-01
3.584000000000000000e+03 6.698018613471865557e+00 2.150903377979863917e-01 1.104862846366011855e-02 -3.367477195028282799e-01
3.585000000000000000e+03 6.685923549187662296e+00 2.144180278339061219e-01 1.104075123740288523e-02 -3.356874198190855640e-01
3.586000000000000000e+03 6.673840353507626055e+00 2.137484298190591714e-01 1.103288094088319612e-02 -3.346217725930111797e-01
3.587000000000000000e+03 6.661771789925410303e+00 2.130820656080112119e-01 1.102501759586048923e-02 -3.335503665599347523e-01
3.588000000000000000e+03 6.649705680426611920e+00 2.124179747189406386e-01 1.101716123386712633e-02 -3.324742747888324579e-01
3.589000000000000000e+03 6.637644622240697068e+00 2.117581713689828671e-01 1.100931189571511572e-02 -3.313938264091135233e-01
3.590000000000000000e+03 6.625591134973586094e+00 2.111002161469036909e-01 1.100146963103951908e-02 -3.303086068360443495e-01
3.591000000000000000e+03 6.613540236543125062e+00 2.104461300542644353e-01 1.099363449769146135e-02 -3.292204293295588613e-01
3.592000000000000000e+03 6.601494304583469308e+00 2.097957090089841437e-01 1.098580656100264612e-02 -3.281296210315509110e-01
3.593000000000000000e+03 6.589455653178287520e+00 2.091487523669999238e-01 1.097798589307256642e-02 -3.270350231720956513e-01
3.594000000000000000e+03 6.577411681580193736e+00 2.085050629368966069e-01 1.097017257186750153e-02 -3.259391911150939514e-01
3.595000000000000000e+03 6.565372021671931790e+00 2.078644469924019467e-01 1.096236668034617293e-02 -3.248417090380779082e-01
3.596000000000000000e+03 6.553323973813950154e+00 2.072281999529329566e-01 1.095456830551028507e-02 -3.237429042972161386e-01
3.597000000000000000e+03 6.541277083082306376e+00 2.065961350520957862e-01 1.094677753734927921e-02 -3.226438476125529364e-01
3.598000000000000000e+03 6.529233432135051807e+00 2.059680690143335102e-01 1.093899446781516384e-02 -3.215456104140839155e-01
3.599000000000000000e+03 6.517187647553851271e+00 2.053445648947419822e-01 1.093121918971841182e-02 -3.204485221841425480e-01
3.600000000000000000e+03 6.505134334551419428e+00 2.047247035768749168e-01 1.092345179568757728e-02 -3.193529134666038827e-01
3.601000000000000000e+03 6.493075516680975490e+00 2.041105116081768645e-01 1.091569237699605184e-02 -3.182604373513431839e-01
3.602000000000000000e+03 6.481013228832863682e+00 2.035001881562612247e-01 1.090794102252461151e-02 -3.171698623971189179e-01
3.603000000000000000e+03 6.468949508146528693e+00 2.028956208849997389e-01 1.090019781762295061e-02 -3.160812800461658134e-01
3.604000000000000000e+03 6.456878966443095891e+00 2.022949867764825271e-01 1.089246284310993983e-02 -3.149955263132908634e-01
3.605000000000000000e+03 6.444796224127648188e+00 2.016986948060583706e-01 1.088473617421253925e-02 -3.139104677773732477e-01
3.606000000000000000e+03 6.432710772110856290e+00 2.011071574306099730e-01 1.087701787960739831e-02 -3.128276872631545191e-01
3.607000000000000000e+03 6.420617263247163642e+00 2.005200477455681696e-01 1.086930802047979261e-02 -3.117457984933090787e-01
3.608000000000000000e+03 6.408510373444189945e+00 1.999370423105917283e-01 1.086160664973120568e-02 -3.106649032669416277e-01
3.609000000000000000e+03 6.396392233946929906e+00 1.993593068091797371e-01 1.085391381114894117e-02 -3.095851059595342569e-01
3.610000000000000000e+03 6.384272434757014558e+00 1.987850390268257883e-01 1.084622953875061767e-02 -3.085050280247040311e-01
3.611000000000000000e+03 6.372138314100441292e+00 1.982154115184838195e-01 1.083855385617466492e-02 -3.074262651787615375e-01
3.612000000000000000e+03 6.359992102466726749e+00 1.976501145846606411e-01 1.083088677616446394e-02 -3.063481877324379377e-01
3.613000000000000000e+03 6.347836067590590936e+00 1.970895847617223084e-01 1.082322830020080937e-02 -3.052701692761056740e-01
3.614000000000000000e+03 6.335672515509077840e+00 1.965327763011883166e-01 1.081557841819183984e-02 -3.041930725329578533e-01
3.615000000000000000e+03 6.323496362630542045e+00 1.959801324933143074e-01 1.080793710830658602e-02 -3.031155353706660449e-01
3.616000000000000000e+03 6.311317420558759217e+00 1.954320999797180269e-01 1.080030433692357600e-02 -3.020391708367419215e-01
3.617000000000000000e+03 6.299123253469409711e+00 1.948883859002760177e-01 1.079268005867814115e-02 -3.009618818371727622e-01
3.618000000000000000e+03 6.286916318348412247e+00 1.943487007093419594e-01 1.078506421663974653e-02 -2.998860325191458065e-01
3.619000000000000000e+03 6.274706534500075428e+00 1.938135009912969053e-01 1.077745674257301126e-02 -2.988095344517218699e-01
3.620000000000000000e+03 6.262488995744800668e+00 1.932817609352687482e-01 1.076985755739633295e-02 -2.977332751805795152e-01
3.621000000000000000e+03 6.250258823781933870e+00 1.927546864894992273e-01 1.076226657165691575e-02 -2.966574042604944172e-01
3.622000000000000000e+03 6.238026020997515353e+00 1.922312583297654254e-01 1.075468368617271513e-02 -2.955820763010157393e-01
3.623000000000000000e+03 6.225785752651511906e+00 1.917126888475175484e-01 1.074710879275654098e-02 -2.945067083447833745e-01
3.624000000000000000e+03 6.213540627039487063e+00 1.911972222821034517e-01 1.073954177502495916e-02 -2.934314657531887360e-01
3.625000000000000000e+03 6.201285833472676146e+00 1.906860773777560025e-01 1.073198250932923432e-02 -2.923572624238395812e-01
3.626000000000000000e+03 6.189031421630713403e+00 1.901789903496457212e-01 1.072443086574278136e-02 -2.912835325044365042e-01
3.627000000000000000e+03 6.176772582139367529e+00 1.896757005295545973e-01 1.071688670911368803e-02 -2.902112019526769671e-01
3.628000000000000000e+03 6.164519353687550662e+00 1.891766931759069625e-01 1.070934990017896951e-02 -2.891397174162010919e-01
3.629000000000000000e+03 6.152266903141454968e+00 1.886817137780298914e-01 1.070182029680151123e-02 -2.880700177925747396e-01
3.630000000000000000e+03 6.140017803975821309e+00 1.881912536999997276e-01 1.069429775511549982e-02 -2.870023059430902856e-01
3.631000000000000000e+03 6.127767172886279923e+00 1.877043216485655974e-01 1.068678213083146603e-02 -2.859367917450514329e-01
3.632000000000000000e+03 6.115524948154742013e+00 1.872214149856504251e-01 1.067927328046061088e-02 -2.848729494719027810e-01
3.633000000000000000e+03 6.103293597984018604e+00 1.867422911948733721e-01 1.067177106262260332e-02 -2.838117465102041326e-01
3.634000000000000000e+03 6.091068114024318803e+00 1.862674535225125605e-01 1.066427533927149889e-02 -2.827534150629915088e-01
3.635000000000000000e+03 6.078850861810048301e+00 1.857959224424754752e-01 1.065678597699071944e-02 -2.816981951887185254e-01
3.636000000000000000e+03 6.066651574773658240e+00 1.853289498007492930e-01 1.064930284813799845e-02 -2.806463350000965584e-01
3.637000000000000000e+03 6.054457635202311394e+00 1.848655617735587564e-01 1.064182583211844765e-02 -2.795980908570957491e-01
3.638000000000000000e+03 6.042278639103813020e+00 1.844055301750666676e-01 1.063435481640410268e-02 -2.785537275534251123e-01
3.639000000000000000e+03 6.030109249686744555e+00 1.839493724239059103e-01 1.062688969762393305e-02 -2.775135184959129919e-01
3.640000000000000000e+03 6.017966334866004630e+00 1.834968658387519380e-01 1.061943038252886710e-02 -2.764784887109594802e-01
3.641000000000000000e+03 6.005836965140688655e+00 1.830485332729335224e-01 1.061197678892240003e-02 -2.754481865027634258e-01
3.642000000000000000e+03 5.993722980646310816e+00 1.826034145730126290e-01 1.060452884637516288e-02 -2.744236549474749487e-01
3.643000000000000000e+03 5.981633560418990747e+00 1.821620378813020025e-01 1.059708649700447612e-02 -2.734052035329449515e-01
3.644000000000000000e+03 5.969570364007783070e+00 1.817241910923067250e-01 1.058964969596133156e-02 -2.723931511285020979e-01
3.645000000000000000e+03 5.957520102164882481e+00 1.812896646479795204e-01 1.058221841196956177e-02 -2.713878261095177269e-01
3.646000000000000000e+03 5.945499106738170170e+00 1.808589943319868776e-01 1.057479262759741107e-02 -2.703903093061832963e-01
3.647000000000000000e+03 5.933501332776536685e+00 1.804319755576261619e-01 1.056737233953424122e-02 -2.693994627664095809e-01
3.648000000000000000e+03 5.921535501612787300e+00 1.800076633247641444e-01 1.055995755859213438e-02 -2.684178725276579192e-01
3.649000000000000000e+03 5.909587961220001517e+00 1.795873435155896092e-01 1.055254830971363161e-02 -2.674436775121158960e-01
3.650000000000000000e+03 5.897674687540556349e+00 1.791693330039970666e-01 1.054514463175463233e-02 -2.664794836160505054e-01
3.651000000000000000e+03 5.885781460146080946e+00 1.787556807379290236e-01 1.053774657718412229e-02 -2.655240797939451003e-01
3.652000000000000000e+03 5.873922089892358755e+00 1.783447861826435998e-01 1.053035421163520113e-02 -2.645780424202744396e-01
3.653000000000000000e+03 5.862087629062239458e+00 1.779365522756548024e-01 1.052296761332877084e-02 -2.636411023492878369e-01
3.654000000000000000e+03 5.850276491689876401e+00 1.775323697629150599e-01 1.051558687237434675e-02 -2.627137433973119052e-01
3.655000000000000000e+03 5.838487031593576404e+00 1.771314029725372663e-01 1.050821208995280157e-02 -2.617949738511359814e-01
3.656000000000000000e+03 5.826724977693077179e+00 1.767335611026445985e-01 1.050084337741916118e-02 -2.608852978110363652e-01
3.657000000000000000e+03 5.814981156456056510e+00 1.763394981681324358e-01 1.049348085526130916e-02 -2.599844866787931474e-01
3.658000000000000000e+03 5.803253784917645319e+00 1.759483844413075593e-01 1.048612465201563364e-02 -2.590930648110958412e-01
3.659000000000000000e+03 5.791548479055689924e+00 1.755616205718733280e-01 1.047877490300918278e-02 -2.582100809888441817e-01
3.660000000000000000e+03 5.779855977454159799e+00 1.751776376855953554e-01 1.047143174915834106e-02 -2.573353368882857484e-01
3.661000000000000000e+03 5.768189292034139548e+00 1.747970971725857636e-01 1.046409533558536817e-02 -2.564693870389070374e-01
3.662000000000000000e+03 5.756524290422439627e+00 1.744206621244600297e-01 1.045676581029572269e-02 -2.556120531043541977e-01
3.663000000000000000e+03 5.744881417087290387e+00 1.740475116059031491e-01 1.044944332270817886e-02 -2.547631666616382851e-01
3.664000000000000000e+03 5.733243990801197398e+00 1.736775691005926492e-01 1.044212802228037737e-02 -2.539218263045455726e-01
3.665000000000000000e+03 5.721617640710915609e+00 1.733115024516146963e-01 1.043482005697774287e-02 -2.530893689170243821e-01
3.666000000000000000e+03 5.710000602075254506e+00 1.729484952960860800e-01 1.042751957195132625e-02 -2.522641697569527053e-01
3.667000000000000000e+03 5.698391153544815957e+00 1.725884755097184531e-01 1.042022670800880728e-02 -2.514475850615365271e-01
3.668000000000000000e+03 5.686795054153072293e+00 1.722328579808069249e-01 1.041294160027909227e-02 -2.506394949595461275e-01
3.669000000000000000e+03 5.675195838190401965e+00 1.718800875388282190e-01 1.040566437685916910e-02 -2.498383033915656526e-01
3.670000000000000000e+03 5.663606821490410503e+00 1.715308387381632993e-01 1.039839515750647266e-02 -2.490461378738761944e-01
3.671000000000000000e+03 5.652019110301773175e+00 1.711850444563596807e-01 1.039113405246328871e-02 -2.482614210662953680e-01
3.672000000000000000e+03 5.640438749784546069e+00 1.708426386675382935e-01 1.038388116128846281e-02 -2.474848133704144193e-01
3.673000000000000000e+03 5.628864445064903244e+00 1.705028135457420102e-01 1.037663657181962275e-02 -2.467154986730099309e-01
3.674000000000000000e+03 5.617294994993692114e+00 1.701669907434857631e-01 1.036940035925178888e-02 -2.459548984410263595e-01
3.675000000000000000e+03 5.605729296808192430e+00 1.698343643202643027e-01 1.036217258530243261e-02 -2.452014717980269820e-01
3.676000000000000000e+03 5.594166350001822607e+00 1.695048720215501792e-01 1.035495329749013503e-02 -2.444559152931819190e-01
3.677000000000000000e+03 5.582605259366311579e+00 1.691784523829245046e-01 1.034774252859532728e-02 -2.437189343228343130e-01
3.678000000000000000e+03 5.571052665525869863e+00 1.688543018346247426e-01 1.034054029620699693e-02 -2.429890145552712211e-01
3.679000000000000000e+03 5.559507889540596715e+00 1.685338459816445311e-01 1.033334660241501911e-02 -2.422676217090024009e-01
3.680000000000000000e+03 5.547970361666831884e+00 1.682162825340407231e-01 1.032616143367095368e-02 -2.415540016447266791e-01
3.681000000000000000e+03 5.536439620867425582e+00 1.679015525880675208e-01 1.031898476075462229e-02 -2.408474088112847189e-01
3.682000000000000000e+03 5.524915313424632934e+00 1.675895977326828101e-01 1.031181653897604925e-02 -2.401493346958646080e-01
3.683000000000000000e+03 5.513404619016491814e+00 1.672803599918699369e-01 1.030465670835288040e-02 -2.394590507629998088e-01
3.684000000000000000e+03 5.501899962524262833e+00 1.669737817674196989e-01 1.029750519413654905e-02 -2.387758369130319747e-01
3.685000000000000000e+03 5.490408723451198014e+00 1.666698057825223567e-01 1.029036190735906249e-02 -2.381004671096520475e-01
3.686000000000000000e+03 5.478923517733211845e+00 1.663676321910575462e-01 1.028322674550925450e-02 -2.374329808361182459e-01
3.687000000000000000e+03 5.467459333938625932e+00 1.660679470276852365e-01 1.027609959338379730e-02 -2.367734258953692328e-01
3.688000000000000000e+03 5.456016385252626222e+00 1.657706936484968363e-01 1.026898032409252932e-02 -2.361211155435382902e-01
3.689000000000000000e+03 5.444587530906068729e+00 1.654758155126275776e-01 1.026186880009318306e-02 -2.354768569665129374e-01
3.690000000000000000e+03 5.433180553712021243e+00 1.651825132945394792e-01 1.025476487436975843e-02 -2.348399799141523969e-01
3.691000000000000000e+03 5.421795866976641065e+00 1.648914733371194263e-01 1.024766839176253011e-02 -2.342113080168043704e-01
3.692000000000000000e+03 5.410441362710829871e+00 1.646018962604776925e-01 1.024057919026588256e-02 -2.335901874233202447e-01
3.693000000000000000e+03 5.399117546070517193e+00 1.643144682515652877e-01 1.023349710253508051e-02 -2.329774581204999973e-01
3.694000000000000000e+03 5.387824954558871227e+00 1.640283896744457737e-01 1.022642195732796112e-02 -2.323724825727499499e-01
3.695000000000000000e+03 5.376564148676140853e+00 1.637436035263754863e-01 1.021935358108617964e-02 -2.317746313718788698e-01
3.696000000000000000e+03 5.365343130805126926e+00 1.634607953895720611e-01 1.021229179948022342e-02 -2.311855117211613908e-01
3.697000000000000000e+03 5.354155050671591809e+00 1.631784220435341937e-01 1.020523643899206266e-02 -2.306037675676392285e-01
3.698000000000000000e+03 5.343015337672254006e+00 1.628971684282288779e-01 1.019818732853063764e-02 -2.300295365876919018e-01
3.699000000000000000e+03 5.331917121506712931e+00 1.626169762576776812e-01 1.019114430100282430e-02 -2.294629644895473664e-01
3.700000000000000000e+03 5.320860936557292753e+00 1.623377868092627796e-01 1.018410719485062649e-02 -2.289034621472597619e-01
3.701000000000000000e+03 5.309846906396543886e+00 1.620588345911697370e-01 1.017707585556614294e-02 -2.283519503775988391e-01
3.702000000000000000e+03 5.298888456853871887e+00 1.617802426107649294e-01 1.017005013714455952e-02 -2.278079374809957591e-01
3.703000000000000000e+03 5.287976301859085737e+00 1.615029126874503729e-01 1.016302990344271004e-02 -2.272716987797038513e-01
3.704000000000000000e+03 5.277108528105310725e+00 1.612255175211371461e-01 1.015601502952593986e-02 -2.267427745888204171e-01
3.705000000000000000e+03 5.266298016856211461e+00 1.609497004941760623e-01 1.014900540280145799e-02 -2.262214558275021103e-01
3.706000000000000000e+03 5.255527868017829896e+00 1.606741329482169189e-01 1.014200092413869783e-02 -2.257087839529874351e-01
3.707000000000000000e+03 5.244810821890200536e+00 1.603997139868004740e-01 1.013500150886099092e-02 -2.252028367113839413e-01
3.708000000000000000e+03 5.234137256495731805e+00 1.601265990930809680e-01 1.012800708754061328e-02 -2.247046707356293305e-01
3.709000000000000000e+03 5.223512325986637173e+00 1.598542000878242497e-01 1.012101760677426576e-02 -2.242146072792860767e-01
3.710000000000000000e+03 5.212933673165036197e+00 1.595826707578855974e-01 1.011403302966670976e-02 -2.237322321164790795e-01
3.711000000000000000e+03 5.202406284698315453e+00 1.593121639797281941e-01 1.010705333630501288e-02 -2.232578811024655274e-01
3.712000000000000000e+03 5.191920205549360290e+00 1.590420888433047575e-01 1.010007852395887473e-02 -2.227911543846367859e-01
3.713000000000000000e+03 5.181480252836158762e+00 1.587740819511621881e-01 1.009310860725086932e-02 -2.223316591089666006e-01
3.714000000000000000e+03 5.171083732221162244e+00 1.585060646976084453e-01 1.008614361802472395e-02 -2.218804949515441327e-01
3.715000000000000000e+03 5.160735297027780000e+00 1.582396715784259167e-01 1.007918360516816235e-02 -2.214372826305206210e-01
3.716000000000000000e+03 5.150424666566069121e+00 1.579743074704117733e-01 1.007222863421980419e-02 -2.210009065834662445e-01
3.717000000000000000e+03 5.140156343847380072e+00 1.577101189314184804e-01 1.006527878683567169e-02 -2.205732289753482567e-01
3.718000000000000000e+03 5.129934764101762745e+00 1.574465084905063983e-01 1.005833416006455573e-02 -2.201524040070005628e-01
3.719000000000000000e+03 5.119749444158271601e+00 1.571843631133463259e-01 1.005139486559854418e-02 -2.197395632452989744e-01
3.720000000000000000e+03 5.109612131090337073e+00 1.569230828228715957e-01 1.004446102871130522e-02 -2.193343584192170848e-01
3.721000000000000000e+03 5.099504811414313998e+00 1.566628091652339516e-01 1.003753278721683691e-02 -2.189364468883893966e-01
3.722000000000000000e+03 5.089446574583137206e+00 1.564036823360589745e-01 1.003061029022142212e-02 -2.185462342689175053e-01
3.723000000000000000e+03 5.079419338445182674e+00 1.561450983070238607e-01 1.002369369676672610e-02 -2.181633885472696599e-01
3.724000000000000000e+03 5.069427285549591211e+00 1.558879372928588802e-01 1.001678317443093977e-02 -2.177883255281033159e-01
3.725000000000000000e+03 5.059467159707716988e+00 1.556315923736393825e-01 1.000987889778521059e-02 -2.174199801012659250e-01
3.726000000000000000e+03 5.049543133026578978e+00 1.553761979626439027e-01 1.000298104683902851e-02 -2.170580345142315848e-01
3.727000000000000000e+03 5.039651959821418004e+00 1.551218869346851215e-01 9.996089805347408222e-03 -2.167036609703186789e-01
3.728000000000000000e+03 5.029790415762276368e+00 1.548680477549367052e-01 9.989205359127669576e-03 -2.163565500485981064e-01
3.729000000000000000e+03 5.019962737108385475e+00 1.546148101134040276e-01 9.982327894371579441e-03 -2.160156532965717413e-01
3.730000000000000000e+03 5.010158346529552276e+00 1.543630448900486229e-01 9.975457595886007278e-03 -2.156814114911831115e-01
3.731000000000000000e+03 5.000381577268905531e+00 1.541113927804722561e-01 9.968594645380517150e-03 -2.153535258891685067e-01
3.732000000000000000e+03 4.990629398644585102e+00 1.538599784376069035e-01 9.961739219740074064e-03 -2.150317008174837119e-01
3.733000000000000000e+03 4.980898854645905871e+00 1.536096676040031306e-01 9.954891489402475577e-03 -2.147163862649187904e-01
3.734000000000000000e+03 4.971201930478294173e+00 1.533598385750327975e-01 9.948051616679722334e-03 -2.144058063003751735e-01
3.735000000000000000e+03 4.961520991812907511e+00 1.531106106730598937e-01 9.941219754244570717e-03 -2.141019015141429060e-01
3.736000000000000000e+03 4.951868220358313977e+00 1.528613585474662973e-01 9.934396043695892242e-03 -2.138029004323201143e-01
3.737000000000000000e+03 4.942233623514091789e+00 1.526129406509428299e-01 9.927580614096001566e-03 -2.135092619658359170e-01
3.738000000000000000e+03 4.932622183485907641e+00 1.523647278715078712e-01 9.920773580789302853e-03 -2.132207038443123537e-01
3.739000000000000000e+03 4.923031578785352913e+00 1.521160891759543443e-01 9.913975044189074493e-03 -2.129362023956224981e-01
3.740000000000000000e+03 4.913459618254031547e+00 1.518678772543072819e-01 9.907185088848304358e-03 -2.126562208368997509e-01
3.741000000000000000e+03 4.903904245803791362e+00 1.516194571555148085e-01 9.900403782502320213e-03 -2.123804805623019654e-01
3.742000000000000000e+03 4.894378400876232327e+00 1.513709347694186247e-01 9.893631175407825371e-03 -2.121087037782441731e-01
3.743000000000000000e+03 4.884865451078545640e+00 1.511231568050241669e-01 9.886867299745782586e-03 -2.118398704764425655e-01
3.744000000000000000e+03 4.875378620671749097e+00 1.508739965949297823e-01 9.880112169224143301e-03 -2.115744467553111741e-01
3.745000000000000000e+03 4.865908992732107308e+00 1.506250395914351947e-01 9.873365778856824787e-03 -2.113121561397282855e-01
3.746000000000000000e+03 4.856462650431458528e+00 1.503756406686322378e-01 9.866628104883007344e-03 -2.110527222495954258e-01
3.747000000000000000e+03 4.847030962079843519e+00 1.501251526111223034e-01 9.859899104874048775e-03 -2.107951258073178236e-01
3.748000000000000000e+03 4.837635148592704937e+00 1.498744117690889999e-01 9.853178718039848696e-03 -2.105390901592914810e-01
3.749000000000000000e+03 4.828259424644775422e+00 1.496235095397224490e-01 9.846466865626268480e-03 -2.102843383011824552e-01
3.750000000000000000e+03 4.818902992396088436e+00 1.493710495200221977e-01 9.839763451555473203e-03 -2.100313355822338302e-01
3.751000000000000000e+03 4.809579984178660617e+00 1.491178848101483712e-01 9.833068363212587107e-03 -2.097791607529628510e-01
3.752000000000000000e+03 4.800282159298361329e+00 1.488634732459436227e-01 9.826381472328121411e-03 -2.095272905462371715e-01
3.753000000000000000e+03 4.791008764650371177e+00 1.486087793140881408e-01 9.819702636089210415e-03 -2.092767862171475146e-01
3.754000000000000000e+03 4.781766577918627803e+00 1.483532796664781828e-01 9.813031698292755053e-03 -2.090272224300838699e-01
3.755000000000000000e+03 4.772555041722601921e+00 1.480964487849442401e-01 9.806368490757496476e-03 -2.087789156734407292e-01
3.756000000000000000e+03 4.763373682133903664e+00 1.478392446474558475e-01 9.799712834689175769e-03 -2.085321813406946223e-01
3.757000000000000000e+03 4.754222098246161821e+00 1.475811373853138375e-01 9.793064542276361598e-03 -2.082873336529485198e-01
3.758000000000000000e+03 4.745099951238784364e+00 1.473223377868486117e-01 9.786423418305937455e-03 -2.080439427518819828e-01
3.759000000000000000e+03 4.736021809730203813e+00 1.470630544622305858e-01 9.779789261848295320e-03 -2.078015774677761107e-01
3.760000000000000000e+03 4.726965139667054672e+00 1.468027510093791455e-01 9.773161868060159171e-03 -2.075612909267243733e-01
3.761000000000000000e+03 4.717952004308335390e+00 1.465416316861462287e-01 9.766541029964940362e-03 -2.073226491512101810e-01
3.762000000000000000e+03 4.708974768749642159e+00 1.462798985784793115e-01 9.759926540275265863e-03 -2.070867023436706034e-01
3.763000000000000000e+03 4.700040658051996445e+00 1.460170087696111840e-01 9.753318193210519169e-03 -2.068522706567246794e-01
3.764000000000000000e+03 4.691142031975447324e+00 1.457539028502934098e-01 9.746715786362313352e-03 -2.066196583150070321e-01
3.765000000000000000e+03 4.682286086726922925e+00 1.454907764198519748e-01 9.740119122460068335e-03 -2.063891678920737049e-01
3.766000000000000000e+03 4.673472558572458802e+00 1.452263372581342471e-01 9.733528011138156341e-03 -2.061611002572224516e-01
3.767000000000000000e+03 4.664701141267912021e+00 1.449607766734075931e-01 9.726942270626653606e-03 -2.059342688510274189e-01
3.768000000000000000e+03 4.655971475654404834e+00 1.446950266759097770e-01 9.720361729360797731e-03 -2.057097138043471329e-01
3.769000000000000000e+03 4.647283139862121715e+00 1.444285314820293042e-01 9.713786227521057845e-03 -2.054877305395269027e-01
3.770000000000000000e+03 4.638650496910590171e+00 1.441614760292984909e-01 9.707215618480764807e-03 -2.052671268735705712e-01
3.771000000000000000e+03 4.630050687934724074e+00 1.438940431519718788e-01 9.700649770048435164e-03 -2.050489371276430217e-01
3.772000000000000000e+03 4.621505336568591638e+00 1.436256707570262026e-01 9.694088565728774601e-03 -2.048319650469836162e-01
3.773000000000000000e+03 4.613006258893833866e+00 1.433565375058863389e-01 9.687531905703450699e-03 -2.046172407362789047e-01
3.774000000000000000e+03 4.604552599621459130e+00 1.430868199914901995e-01 9.680979707725334213e-03 -2.044043064043083169e-01
3.775000000000000000e+03 4.596143399201789492e+00 1.428166927508142670e-01 9.674431907851709436e-03 -2.041927019483132100e-01
3.776000000000000000e+03 4.587777590355561763e+00 1.425455854427723490e-01 9.667888461005859704e-03 -2.039834505321805880e-01
3.777000000000000000e+03 4.579461424057305052e+00 1.422736685315661442e-01 9.661349341366766083e-03 -2.037746014782584048e-01
3.778000000000000000e+03 4.571186183241629841e+00 1.420011104653007561e-01 9.654814542566262162e-03 -2.035679156780719201e-01
3.779000000000000000e+03 4.562957896095568344e+00 1.417280776899421391e-01 9.648284077715537158e-03 -2.033621799661695373e-01
3.780000000000000000e+03 4.554775052035647143e+00 1.414547346635105785e-01 9.641757979298235318e-03 -2.031584068478456129e-01
3.781000000000000000e+03 4.546628603861011975e+00 1.411805010356318724e-01 9.635236298788860121e-03 -2.029546345300024257e-01
3.782000000000000000e+03 4.538531684414635059e+00 1.409055373323481186e-01 9.628719106164026348e-03 -2.027518694712126812e-01
3.783000000000000000e+03 4.530475040818140009e+00 1.406300021360873675e-01 9.622206489274301097e-03 -2.025496292352923777e-01
3.784000000000000000e+03 4.522456753245561956e+00 1.403533092659706716e-01 9.615698552962100368e-03 -2.023481708544177249e-01
3.785000000000000000e+03 4.514482241283582553e+00 1.400770991334517879e-01 9.609195418065584818e-03 -2.021470050116364325e-01
3.786000000000000000e+03 4.506549414519497532e+00 1.397992960779164684e-01 9.602697220281440973e-03 -2.019463815587295152e-01
3.787000000000000000e+03 4.498641252340879859e+00 1.395215367329889766e-01 9.596204108891974102e-03 -2.017450608543385204e-01
3.788000000000000000e+03 4.490777811323631852e+00 1.392424845277103196e-01 9.589716245305308917e-03 -2.015432849436374907e-01
3.789000000000000000e+03 4.482941951368761835e+00 1.389637723833388183e-01 9.583233801577268132e-03 -2.013412917245138711e-01
3.790000000000000000e+03 4.475131344408479706e+00 1.386840600501698662e-01 9.576756958736283576e-03 -2.011378291113379846e-01
3.791000000000000000e+03 4.467351056829024891e+00 1.384034911349575625e-01 9.570285905110517341e-03 -2.009338690421650364e-01
3.792000000000000000e+03 4.459598703963102651e+00 1.381222074485972395e-01 9.563820834485257591e-03 -2.007281502995461320e-01
3.793000000000000000e+03 4.451871889947877747e+00 1.378403490241583429e-01 9.557361944303986029e-03 -2.005216353516596495e-01
3.794000000000000000e+03 4.444160791090969731e+00 1.375580541353974562e-01 9.550909433775126717e-03 -2.003123103385331671e-01
3.795000000000000000e+03 4.436477881086495323e+00 1.372754593157378411e-01 9.544463501941715181e-03 -2.001011275852922489e-01
3.796000000000000000e+03 4.428805944366452252e+00 1.369919565426500618e-01 9.538024345811146193e-03 -1.998875484273786862e-01
3.797000000000000000e+03 4.421150086233648580e+00 1.367084217627144438e-01 9.531592158440007831e-03 -1.996717715541728722e-01
3.798000000000000000e+03 4.413508030909751412e+00 1.364235007369953012e-01 9.525167127079925758e-03 -1.994525043465492642e-01
3.799000000000000000e+03 4.405884989344894365e+00 1.361388089073267138e-01 9.518749431351706050e-03 -1.992299340644663186e-01
3.800000000000000000e+03 4.398263956481203607e+00 1.358529887377841749e-01 9.512339241536549306e-03 -1.990034991951946108e-01
3.801000000000000000e+03 4.390650526570355261e+00 1.355669044508761023e-01 9.505936716874092626e-03 -1.987727141823821542e-01
3.802000000000000000e+03 4.383043894542566932e+00 1.352799124813125753e-01 9.499542004021250055e-03 -1.985389010661469389e-01
3.803000000000000000e+03 4.375443587805125212e+00 1.349928482339857738e-01 9.493155235551933510e-03 -1.983004862448428107e-01
3.804000000000000000e+03 4.367849239069513168e+00 1.347050598996387683e-01 9.486776528675501530e-03 -1.980588610044942965e-01
3.805000000000000000e+03 4.360253165031461542e+00 1.344166369851832465e-01 9.480405984001844324e-03 -1.978139244014895104e-01
3.806000000000000000e+03 4.352670085838714620e+00 1.341269246695857564e-01 9.474043684516706906e-03 -1.975648260001522105e-01
3.807000000000000000e+03 4.345085131682125734e+00 1.338374951706873539e-01 9.467689694713557133e-03 -1.973129371256122366e-01
3.808000000000000000e+03 4.337505845215088307e+00 1.335469479276181481e-01 9.461344059812509116e-03 -1.970573937770685458e-01
3.809000000000000000e+03 4.329932471003498762e+00 1.332553666392227443e-01 9.455006805260285710e-03 -1.967988107373018491e-01
3.810000000000000000e+03 4.322365385579000296e+00 1.329635764581592050e-01 9.448677936366445262e-03 -1.965370530132315996e-01
3.811000000000000000e+03 4.314797669622457477e+00 1.326709155157840270e-01 9.442357438073900253e-03 -1.962727214627986161e-01
3.812000000000000000e+03 4.307237392369007267e+00 1.323782062929334813e-01 9.436045274996578136e-03 -1.960049242584111784e-01
3.813000000000000000e+03 4.299685324732290148e+00 1.320840414762999848e-01 9.429741391594749847e-03 -1.957342482069292788e-01
3.814000000000000000e+03 4.292142364661480691e+00 1.317899838358857489e-01 9.423445712531539759e-03 -1.954612730708162605e-01
3.815000000000000000e+03 4.284602104651115795e+00 1.314946235778202410e-01 9.417158143208115631e-03 -1.951843430655880451e-01
3.816000000000000000e+03 4.277073111537527339e+00 1.311995210582531657e-01 9.410878570535257184e-03 -1.949055095534171778e-01
3.817000000000000000e+03 4.269549206771301009e+00 1.309025213026203671e-01 9.404606863764496810e-03 -1.946238455520847843e-01
3.818000000000000000e+03 4.262039172471594028e+00 1.306059252259607617e-01 9.398342875593735171e-03 -1.943384171094457158e-01
3.819000000000000000e+03 4.254537029720003360e+00 1.303075756484045333e-01 9.392086443306980545e-03 -1.940512546876079769e-01
3.820000000000000000e+03 4.247044314417685484e+00 1.300090285166816406e-01 9.385837390195585217e-03 -1.937606677012375656e-01
3.821000000000000000e+03 4.239562638931653638e+00 1.297103530958662321e-01 9.379595526967703101e-03 -1.934679300947081126e-01
3.822000000000000000e+03 4.232093681367545379e+00 1.294101320066856076e-01 9.373360653377637436e-03 -1.931720805671089114e-01
3.823000000000000000e+03 4.224639174211032966e+00 1.291099182734682937e-01 9.367132559911565265e-03 -1.928728939895642536e-01
3.824000000000000000e+03 4.217200892436414605e+00 1.288082926821766949e-01 9.360911029521402221e-03 -1.925716243241934189e-01
3.825000000000000000e+03 4.209780641186165795e+00 1.285068064990625425e-01 9.354695839544879474e-03 -1.922680333735636016e-01
3.826000000000000000e+03 4.202372814778343013e+00 1.282040388293662070e-01 9.348486763510670955e-03 -1.919611337101949089e-01
3.827000000000000000e+03 4.194994097254190812e+00 1.279015393364631992e-01 9.342283573164390786e-03 -1.916514172802493976e-01
3.828000000000000000e+03 4.187624022624627074e+00 1.275978856009296059e-01 9.336086040350657228e-03 -1.913386270001823652e-01
3.829000000000000000e+03 4.180286673786179463e+00 1.272938830049964998e-01 9.329893938993766983e-03 -1.910232425309203452e-01
3.830000000000000000e+03 4.172961529510962997e+00 1.269888505967870784e-01 9.323707047022972844e-03 -1.907049947133125367e-01
3.831000000000000000e+03 4.165657735383372362e+00 1.266835924697324034e-01 9.317525148294154846e-03 -1.903843513444308244e-01
3.832000000000000000e+03 4.158384378185850494e+00 1.263781692968184434e-01 9.311348034379792957e-03 -1.900602887783174322e-01
3.833000000000000000e+03 4.151128189094893450e+00 1.260718983696981210e-01 9.305175506382448725e-03 -1.897332633709123417e-01
3.834000000000000000e+03 4.143898102592732613e+00 1.257655821427398624e-01 9.299007376604495612e-03 -1.894037259130141870e-01
3.835000000000000000e+03 4.136695532538769982e+00 1.254585369316331689e-01 9.292843470155758359e-03 -1.890706360605884373e-01
3.836000000000000000e+03 4.129514362396456306e+00 1.251515642919494575e-01 9.286683626403380992e-03 -1.887351766069486070e-01
3.837000000000000000e+03 4.122363221351739604e+00 1.248439797171462112e-01 9.280527700313925127e-03 -1.883962965656103272e-01
3.838000000000000000e+03 4.115235762898638683e+00 1.245365840163757537e-01 9.274375563667520278e-03 -1.880544254339389931e-01
3.839000000000000000e+03 4.108132942865840853e+00 1.242294348467425091e-01 9.268227106077541258e-03 -1.877099876064804718e-01
3.840000000000000000e+03 4.101055585092509226e+00 1.239218467501457671e-01 9.262082235882799011e-03 -1.873619167827030862e-01
3.841000000000000000e+03 4.094004376556746649e+00 1.236138768596868193e-01 9.255940880857968858e-03 -1.870106273788697815e-01
3.842000000000000000e+03 4.086979863647925981e+00 1.233063249354938717e-01 9.249802988762642619e-03 -1.866572717585993635e-01
3.843000000000000000e+03 4.079975021264416135e+00 1.229992477299983733e-01 9.243668527662285417e-03 -1.863000261166887217e-01
3.844000000000000000e+03 4.072997536508917271e+00 1.226927018576691175e-01 9.237537486114362831e-03 -1.859392903765663962e-01
3.845000000000000000e+03 4.066040095138682808e+00 1.223860009941262622e-01 9.231409873156086812e-03 -1.855754597306822073e-01
3.846000000000000000e+03 4.059102667673515796e+00 1.220792015797697305e-01 9.225285718073837973e-03 -1.852089246792783250e-01
3.847000000000000000e+03 4.052185083296831358e+00 1.217738456877508618e-01 9.219165070018549638e-03 -1.848385853922341060e-01
3.848000000000000000e+03 4.045287033278971656e+00 1.214685040461870175e-01 9.213047997426200911e-03 -1.844648230746628870e-01
3.849000000000000000e+03 4.038408075539421382e+00 1.211632330800229973e-01 9.206934587301627421e-03 -1.840872714809935196e-01
3.850000000000000000e+03 4.031532783603704928e+00 1.208588321072413402e-01 9.200824944233246955e-03 -1.837070454331047598e-01
3.851000000000000000e+03 4.024675583005318025e+00 1.205553357405833859e-01 9.194719189369579548e-03 -1.833230294205128730e-01
3.852000000000000000e+03 4.017829539315095566e+00 1.202526908763823787e-01 9.188617459161638884e-03 -1.829356000808828042e-01
3.853000000000000000e+03 4.010995301327987761e+00 1.199508226002380384e-01 9.182519903997788183e-03 -1.825451322246558483e-01
3.854000000000000000e+03 4.004173422527882664e+00 1.196496561746740461e-01 9.176426686718997319e-03 -1.821505103910702750e-01
3.855000000000000000e+03 3.997364371244970460e+00 1.193491170676194146e-01 9.170337980943179743e-03 -1.817528430134739970e-01
3.856000000000000000e+03 3.990553684759682085e+00 1.190483881452104459e-01 9.164253969459763144e-03 -1.813517482318147966e-01
3.857000000000000000e+03 3.983756550756262005e+00 1.187488810394891348e-01 9.158174842326217285e-03 -1.809475823831508956e-01
3.858000000000000000e+03 3.976965820666623852e+00 1.184497791652216747e-01 9.152100795097798183e-03 -1.805392114809017123e-01
3.859000000000000000e+03 3.970181735201192996e+00 1.181510090867338714e-01 9.146032026858095729e-03 -1.801277253736281447e-01
3.860000000000000000e+03 3.963389651651380685e+00 1.178524977091519738e-01 9.139968738322460512e-03 -1.797127235540517121e-01
3.861000000000000000e+03 3.956612054804059753e+00 1.175549151394524316e-01 9.133911129847852722e-03 -1.792945436491782674e-01
3.862000000000000000e+03 3.949826857546935077e+00 1.172567033720511853e-01 9.127859399491716069e-03 -1.788720329024129918e-01
3.863000000000000000e+03 3.943049125060346771e+00 1.169600189944560165e-01 9.121813741066870512e-03 -1.784462623383890612e-01
3.864000000000000000e+03 3.936264231771993582e+00 1.166625620271424663e-01 9.115774342322892354e-03 -1.780175554162318208e-01
3.865000000000000000e+03 3.929479871572874483e+00 1.163664899689450388e-01 9.109741383031303916e-03 -1.775847451921445941e-01
3.866000000000000000e+03 3.922688927379462065e+00 1.160702466366300284e-01 9.103715033242197260e-03 -1.771488884970896793e-01
3.867000000000000000e+03 3.915891766943810470e+00 1.157745048697787771e-01 9.097695451644330703e-03 -1.767095517700300322e-01
3.868000000000000000e+03 3.909096252960403639e+00 1.154791952153216422e-01 9.091682783976902729e-03 -1.762670395777370946e-01
3.869000000000000000e+03 3.902288039027426603e+00 1.151842487870443354e-01 9.085677161614102645e-03 -1.758209089664947433e-01
3.870000000000000000e+03 3.895482576630207028e+00 1.148895972900943752e-01 9.079678700199191044e-03 -1.753721979964052713e-01
3.871000000000000000e+03 3.888658267612826069e+00 1.145951730453234757e-01 9.073687498525166012e-03 -1.749197116036604882e-01
3.872000000000000000e+03 3.881830754327058930e+00 1.143009090136542782e-01 9.067703637512511405e-03 -1.744644786565333061e-01
3.873000000000000000e+03 3.874993498438441097e+00 1.140074816554696446e-01 9.061727179316955705e-03 -1.740052949998551479e-01
3.874000000000000000e+03 3.868147498846666643e+00 1.137140824497688829e-01 9.055758166726001618e-03 -1.735439233640583556e-01
3.875000000000000000e+03 3.861293866724973434e+00 1.134213892585901051e-01 9.049796622606891966e-03 -1.730784079231063588e-01
3.876000000000000000e+03 3.854426399398421133e+00 1.131285950111436539e-01 9.043842549614777154e-03 -1.726105027273479031e-01
3.877000000000000000e+03 3.847553866443477855e+00 1.128363790681496254e-01 9.037895930035642900e-03 -1.721397291155416509e-01
3.878000000000000000e+03 3.840662867795159752e+00 1.125446787408883459e-01 9.031956725889814241e-03 -1.716656043215276373e-01
3.879000000000000000e+03 3.833769830869873108e+00 1.122534321503912691e-01 9.026024879124626074e-03 -1.711891272554016685e-01
3.880000000000000000e+03 3.826861581258755862e+00 1.119618354164174795e-01 9.020100312071469006e-03 -1.707098072835813996e-01
3.881000000000000000e+03 3.819947337522648034e+00 1.116720568565213317e-01 9.014182928044560394e-03 -1.702278928630618360e-01
3.882000000000000000e+03 3.813021564666261742e+00 1.113818086596148060e-01 9.008272612116560024e-03 -1.697436288441483421e-01
3.883000000000000000e+03 3.806093681689910024e+00 1.110925180949091651e-01 9.002369232045840525e-03 -1.692565137812586384e-01
3.884000000000000000e+03 3.799158341319123888e+00 1.108033848551296524e-01 8.996472639425717385e-03 -1.687675285915597734e-01
3.885000000000000000e+03 3.792210278878305196e+00 1.105150952549015936e-01 8.990582670912216842e-03 -1.682761653754651088e-01
3.886000000000000000e+03 3.785259160279102364e+00 1.102275937486708046e-01 8.984699149576303237e-03 -1.677826560887917817e-01
3.887000000000000000e+03 3.778307287451821761e+00 1.099408257883497525e-01 8.978821886457636139e-03 -1.672872298806632185e-01
3.888000000000000000e+03 3.771349588109027984e+00 1.096547378456013550e-01 8.972950682211639981e-03 -1.667901132714627865e-01
3.889000000000000000e+03 3.764388461584915024e+00 1.093692774338613088e-01 8.967085328713580300e-03 -1.662915303350623319e-01
3.890000000000000000e+03 3.757433767448784767e+00 1.090851359647262431e-01 8.961225610965349239e-03 -1.657917028846181140e-01
3.891000000000000000e+03 3.750465671945706347e+00 1.088015202639146251e-01 8.955371308900251029e-03 -1.652901078259885470e-01
3.892000000000000000e+03 3.743508919377076527e+00 1.085191239318354234e-01 8.949522199266268102e-03 -1.647869630179460698e-01
3.893000000000000000e+03 3.736551107923295145e+00 1.082371560233325869e-01 8.943678057582324370e-03 -1.642832274634495604e-01
3.894000000000000000e+03 3.729594675679709592e+00 1.079570552420784230e-01 8.937838660049249664e-03 -1.637783729957225098e-01
3.895000000000000000e+03 3.722642031563061504e+00 1.076772901139596145e-01 8.932003785492225942e-03 -1.632726129737943066e-01
3.896000000000000000e+03 3.715688114703152856e+00 1.073993016851384069e-01 8.926173217256277992e-03 -1.627669024712337098e-01
3.897000000000000000e+03 3.708750095832599403e+00 1.071215608589567714e-01 8.920346745061211516e-03 -1.622599671223018125e-01
3.898000000000000000e+03 3.701807938829076328e+00 1.068462539274393497e-01 8.914524166824996584e-03 -1.617535031499765241e-01
3.899000000000000000e+03 3.694878673024095228e+00 1.065711114015400474e-01 8.908705290323204115e-03 -1.612462348645093968e-01
3.900000000000000000e+03 3.687964384120207662e+00 1.062983220459736977e-01 8.902889934894058638e-03 -1.607398575175328082e-01
3.901000000000000000e+03 3.681052269157554679e+00 1.060270876017216229e-01 8.897077932908880119e-03 -1.602345215533261258e-01
3.902000000000000000e+03 3.674151963856917558e+00 1.057572861509635948e-01 8.891269131170628434e-03 -1.597286560505340181e-01
3.903000000000000000e+03 3.667265626016086077e+00 1.054887801167947864e-01 8.885463392227703136e-03 -1.592243454429076721e-01
3.904000000000000000e+03 3.660395291441886911e+00 1.052214332151000103e-01 8.879660595463438263e-03 -1.587192173885577928e-01
3.905000000000000000e+03 3.653535439095310977e+00 1.049558532994559895e-01 8.873860638050904553e-03 -1.582146140952452873e-01
3.906000000000000000e+03 3.646695270671699962e+00 1.046919066999359993e-01 8.868063435774193454e-03 -1.577103926069244599e-01
3.907000000000000000e+03 3.639868992812249182e+00 1.044294610660008032e-01 8.862268923669494591e-03 -1.572056677619687592e-01
3.908000000000000000e+03 3.633050670539180960e+00 1.041676425383641497e-01 8.856477056457348965e-03 -1.567010408126107701e-01
3.909000000000000000e+03 3.626249081841113497e+00 1.039078070949274041e-01 8.850687808855908778e-03 -1.561963710253571058e-01
3.910000000000000000e+03 3.619465431676697875e+00 1.036490835455630283e-01 8.844901175619904535e-03 -1.556907757772869327e-01
3.911000000000000000e+03 3.612693352205102126e+00 1.033920877110814374e-01 8.839117171513088955e-03 -1.551856019836110323e-01
3.912000000000000000e+03 3.605941189241253841e+00 1.031359510861463991e-01 8.833335830963432930e-03 -1.546792263307351645e-01
3.913000000000000000e+03 3.599194863068256200e+00 1.028805493462545961e-01 8.827557207703414996e-03 -1.541729980261264121e-01
3.914000000000000000e+03 3.592469870588927083e+00 1.026272451839208288e-01 8.821781374076397356e-03 -1.536660390140724142e-01
3.915000000000000000e+03 3.585751863324298849e+00 1.023744312987203003e-01 8.816008420250378078e-03 -1.531589582034826869e-01
3.916000000000000000e+03 3.579048651722616992e+00 1.021234730768057763e-01 8.810238453295740971e-03 -1.526508801725985631e-01
3.917000000000000000e+03 3.572360498618480040e+00 1.018735087442986242e-01 8.804471596042437107e-03 -1.521424165464589917e-01
3.918000000000000000e+03 3.565680127032702540e+00 1.016251635401206888e-01 8.798707985885050042e-03 -1.516326946871325854e-01
3.919000000000000000e+03 3.559007585541284158e+00 1.013775783729865543e-01 8.792947773329926747e-03 -1.511230718929210126e-01
3.920000000000000000e+03 3.552342829383404510e+00 1.011313811577661953e-01 8.787191120570135225e-03 -1.506126784064004964e-01
3.921000000000000000e+03 3.545685730622775811e+00 1.008864583061241244e-01 8.781438199855115881e-03 -1.501021316026261987e-01
3.922000000000000000e+03 3.539036088920731959e+00 1.006419547215981758e-01 8.775689191812272374e-03 -1.495905646578414572e-01
3.923000000000000000e+03 3.532393642822716284e+00 1.003992451342296116e-01 8.769944283692706483e-03 -1.490785978945088353e-01
3.924000000000000000e+03 3.525750653106851651e+00 1.001574770844111395e-01 8.764203667595431985e-03 -1.485661102784250898e-01
3.925000000000000000e+03 3.519106771488930363e+00 9.991728509167191463e-02 8.758467538529735377e-03 -1.480529822536363060e-01
3.926000000000000000e+03 3.512469052825694771e+00 9.967781930766166087e-02 8.752736092633177714e-03 -1.475390957410220305e-01
3.927000000000000000e+03 3.505829682356155441e+00 9.943971684910821174e-02 8.747009525250270395e-03 -1.470258198063699173e-01
3.928000000000000000e+03 3.499188273023093654e+00 9.920287328523672010e-02 8.741288029071718826e-03 -1.465122964834038033e-01
3.929000000000000000e+03 3.492544449262998452e+00 9.896644263000350938e-02 8.735571792307205222e-03 -1.459984121130230572e-01
3.930000000000000000e+03 3.485905287257594853e+00 9.873180867419800721e-02 8.729860996893995181e-03 -1.454847973441607267e-01
3.931000000000000000e+03 3.479255613090044275e+00 9.849887080211239265e-02 8.724155816809653699e-03 -1.449713414669836220e-01
3.932000000000000000e+03 3.472610012307235205e+00 9.826604398327899725e-02 8.718456416354259525e-03 -1.444579352542580686e-01
3.933000000000000000e+03 3.465953413684347062e+00 9.803545860914728016e-02 8.712762948655392720e-03 -1.439452138064746811e-01
3.934000000000000000e+03 3.459293097606567002e+00 9.780553213430825954e-02 8.707075554223767458e-03 -1.434330708962175682e-01
3.935000000000000000e+03 3.452628991874615139e+00 9.757691174813049040e-02 8.701394359600515480e-03 -1.429214018225097860e-01
3.936000000000000000e+03 3.445953680109164807e+00 9.734876019099879263e-02 8.695719476187661542e-03 -1.424108462704502531e-01
3.937000000000000000e+03 3.439267265980875177e+00 9.712246992074856367e-02 8.690050999235881049e-03 -1.419013026715550130e-01
3.938000000000000000e+03 3.432577379801824868e+00 9.689720609395043038e-02 8.684389006880182879e-03 -1.413919282403069688e-01
3.939000000000000000e+03 3.425876899072741288e+00 9.667362073233801145e-02 8.678733559453583393e-03 -1.408841103571738529e-01
3.940000000000000000e+03 3.419173666443043658e+00 9.645013853902277556e-02 8.673084698946547516e-03 -1.403777524429761503e-01
3.941000000000000000e+03 3.412460779794057153e+00 9.622889957013361362e-02 8.667442448551871889e-03 -1.398735025202280657e-01
3.942000000000000000e+03 3.405731451322121739e+00 9.600833087589452641e-02 8.661806812501907094e-03 -1.393705247711159168e-01
3.943000000000000000e+03 3.399001293855393957e+00 9.578908917225245623e-02 8.656177775973482660e-03 -1.388694709473159705e-01
3.944000000000000000e+03 3.392271179245706758e+00 9.557108949208180382e-02 8.650555305290321545e-03 -1.383709947765028037e-01
3.945000000000000000e+03 3.385527237393515687e+00 9.535424801159213259e-02 8.644939348181805358e-03 -1.378750092101602431e-01
3.946000000000000000e+03 3.378777995921312005e+00 9.513848204160685329e-02 8.639329834270856670e-03 -1.373814293478657633e-01
3.947000000000000000e+03 3.372024663616322027e+00 9.492445285376738262e-02 8.633726675751629553e-03 -1.368901725323416751e-01
3.948000000000000000e+03 3.365268554581288818e+00 9.471133716662082092e-02 8.628129768146053716e-03 -1.364026441200559270e-01
3.949000000000000000e+03 3.358511083035731648e+00 9.449979847662701160e-02 8.622538991327912891e-03 -1.359180234118594899e-01
3.950000000000000000e+03 3.351753757171377135e+00 9.428901570893433171e-02 8.616954210566785816e-03 -1.354369779382511574e-01
3.951000000000000000e+03 3.344990605867755651e+00 9.407965474590700150e-02 8.611375277790716751e-03 -1.349593766914265747e-01
3.952000000000000000e+03 3.338230042182396495e+00 9.387164050595599163e-02 8.605802032946590838e-03 -1.344848579466325633e-01
3.953000000000000000e+03 3.331465555086938313e+00 9.366415634012181801e-02 8.600234305446733882e-03 -1.340144901836103630e-01
3.954000000000000000e+03 3.324712979889559161e+00 9.345861516412347358e-02 8.594671915734175896e-03 -1.335471164107875364e-01
3.955000000000000000e+03 3.317951061633908960e+00 9.325420243766055495e-02 8.589114676891069361e-03 -1.330823256286680911e-01
3.956000000000000000e+03 3.311203156681797655e+00 9.305084749353076390e-02 8.583562396378991571e-03 -1.326211957888454307e-01
3.957000000000000000e+03 3.304455510217609859e+00 9.284922352628321995e-02 8.578014877742226249e-03 -1.321633225774393461e-01
3.958000000000000000e+03 3.297716672136272287e+00 9.264851907524555841e-02 8.572471922433577349e-03 -1.317090480426016674e-01
3.959000000000000000e+03 3.290987772559625490e+00 9.244940935232694168e-02 8.566933331545184202e-03 -1.312572322100077904e-01
3.960000000000000000e+03 3.284269939040280750e+00 9.225108488895711334e-02 8.561398907662073551e-03 -1.308082245408788147e-01
3.961000000000000000e+03 3.277556857106191046e+00 9.205422286279907329e-02 8.555868456553065646e-03 -1.303623783762161148e-01
3.962000000000000000e+03 3.270857044350626186e+00 9.185875857848734005e-02 8.550341789016552979e-03 -1.299193082121363196e-01
3.963000000000000000e+03 3.264171554668045871e+00 9.166462828809281149e-02 8.544818722428295169e-03 -1.294786326399308407e-01
3.964000000000000000e+03 3.257493967887244768e+00 9.147176917563996923e-02 8.539299082482337128e-03 -1.290414601158413610e-01
3.965000000000000000e+03 3.250832664897928659e+00 9.128011934116110615e-02 8.533782704651726031e-03 -1.286059320441162168e-01
3.966000000000000000e+03 3.244188533209998226e+00 9.108961778394430997e-02 8.528269435660582043e-03 -1.281731655435602302e-01
3.967000000000000000e+03 3.237554958184424070e+00 9.090020438511708933e-02 8.522759134819165791e-03 -1.277435393512605655e-01
3.968000000000000000e+03 3.230940100015405214e+00 9.071256272458365355e-02 8.517251675201117228e-03 -1.273159510584638554e-01
3.969000000000000000e+03 3.224337173035588311e+00 9.052589155705415003e-02 8.511746944789967337e-03 -1.268907885131044522e-01
3.970000000000000000e+03 3.217754152663554912e+00 9.034013329763934674e-02 8.506244847355305325e-03 -1.264684442034083867e-01
3.971000000000000000e+03 3.211191484798392004e+00 9.015597400158741059e-02 8.500745303278088930e-03 -1.260478296323939429e-01
3.972000000000000000e+03 3.204649509563218590e+00 8.997335767330885692e-02 8.495248250175901211e-03 -1.256308323632570334e-01
3.973000000000000000e+03 3.198121029337604337e+00 8.979141196130159541e-02 8.489753643366557134e-03 -1.252156305297405792e-01
3.974000000000000000e+03 3.191621019560849426e+00 8.961082520793647865e-02 8.484261456220497030e-03 -1.248026355325591724e-01
3.975000000000000000e+03 3.185134628725399875e+00 8.943146935459247993e-02 8.478771680229910124e-03 -1.243922635407392202e-01
3.976000000000000000e+03 3.178669176327247214e+00 8.925329132016644740e-02 8.473284325052513749e-03 -1.239849354886157079e-01
3.977000000000000000e+03 3.172224440020716241e+00 8.907623869358784197e-02 8.467799418292103891e-03 -1.235795913934546880e-01
3.978000000000000000e+03 3.165800085573474032e+00 8.890033399283180093e-02 8.462317005116723467e-03 -1.231766616738431269e-01
3.979000000000000000e+03 3.159395669503199500e+00 8.872560035639816267e-02 8.456837147769164995e-03 -1.227765814492449009e-01
3.980000000000000000e+03 3.153010642720183387e+00 8.855191295090759918e-02 8.451359924880472857e-03 -1.223783048309736998e-01
3.981000000000000000e+03 3.146644355139410543e+00 8.837937036285145598e-02 8.445885430634000879e-03 -1.219830190501360462e-01
3.982000000000000000e+03 3.140296061217920709e+00 8.820792315496378544e-02 8.440413773816934917e-03 -1.215904302278203730e-01
3.983000000000000000e+03 3.133972354715043096e+00 8.803744812336326830e-02 8.434945076728582805e-03 -1.212002489833966662e-01
3.984000000000000000e+03 3.127664890862618119e+00 8.786797112152527900e-02 8.429479473932346631e-03 -1.208129332011248364e-01
3.985000000000000000e+03 3.121372679380972848e+00 8.769951846652641880e-02 8.424017110979599432e-03 -1.204274594510569840e-01
3.986000000000000000e+03 3.115094664762098731e+00 8.753204262879189790e-02 8.418558142945556030e-03 -1.200457799197344744e-01
3.987000000000000000e+03 3.108837163842268048e+00 8.736549648875110985e-02 8.413102732952390181e-03 -1.196661368112690721e-01
3.988000000000000000e+03 3.102599018826430299e+00 8.719975902658104461e-02 8.407651050577788845e-03 -1.192890049399607660e-01
3.989000000000000000e+03 3.096371607426231520e+00 8.703500671300498648e-02 8.402203270255998585e-03 -1.189148631347638624e-01
3.990000000000000000e+03 3.090153710017957245e+00 8.687104493124570004e-02 8.396759569612805008e-03 -1.185441941465840282e-01
3.991000000000000000e+03 3.083958948674031753e+00 8.670790221878020565e-02 8.391320127737677062e-03 -1.181759988841106224e-01
3.992000000000000000e+03 3.077778656219204212e+00 8.654553310718920978e-02 8.385885123574982752e-03 -1.178107676591469560e-01
3.993000000000000000e+03 3.071611600466770398e+00 8.638396666350744990e-02 8.380454734186261120e-03 -1.174482515869077343e-01
3.994000000000000000e+03 3.065456566633494084e+00 8.622308361434029289e-02 8.375029133106649815e-03 -1.170896909972320710e-01
3.995000000000000000e+03 3.059312367937192523e+00 8.606291345494217204e-02 8.369608488734298427e-03 -1.167341011673110884e-01
3.996000000000000000e+03 3.053185284282764478e+00 8.590341157420697260e-02 8.364192962796253641e-03 -1.163819864068432047e-01
3.997000000000000000e+03 3.047066787192042714e+00 8.574453351424005110e-02 8.358782708818264864e-03 -1.160331114659567953e-01
3.998000000000000000e+03 3.040963262742952811e+00 8.558616066341476203e-02 8.353377870722497947e-03 -1.156879871218393641e-01
3.999000000000000000e+03 3.034873735529561412e+00 8.542824880043094204e-02 8.347978581596280506e-03 -1.153463844293647345e-01
4.000000000000000000e+03 3.028789877067166181e+00 8.527090235564199761e-02 8.342584962384751862e-03 -1.150080774813974499e-01
4.001000000000000000e+03 3.022718115654950299e+00 8.511394141393502366e-02 8.337197120872955058e-03 -1.146735746538193601e-01
4.002000000000000000e+03 3.016656809562494157e+00 8.495738557158651061e-02 8.331815150729180233e-03 -1.143425983099689708e-01
4.003000000000000000e+03 3.010611658653357114e+00 8.480134145548771929e-02 8.326439130675510059e-03 -1.140148621388383521e-01
4.004000000000000000e+03 3.004566179222562194e+00 8.464576712724408702e-02 8.321069123813569154e-03 -1.136915682932261445e-01
4.005000000000000000e+03 2.998533706874229932e+00 8.449069491454859471e-02 8.315705177108804677e-03 -1.133709503338295593e-01
4.006000000000000000e+03 2.992505401563243073e+00 8.433615710919298292e-02 8.310347321014096428e-03 -1.130549587048318844e-01
4.007000000000000000e+03 2.986479963532139958e+00 8.418218594917484254e-02 8.304995569281737114e-03 -1.127418323505720299e-01
4.008000000000000000e+03 2.980471063222070338e+00 8.402873931795086515e-02 8.299649918882649746e-03 -1.124327842041864117e-01
4.009000000000000000e+03 2.974462771750119749e+00 8.387592357827343414e-02 8.294310350102800100e-03 -1.121268013219968440e-01
4.010000000000000000e+03 2.968461558959147872e+00 8.372369642201925310e-02 8.288976826841196188e-03 -1.118243590445491403e-01
4.011000000000000000e+03 2.962459150294465271e+00 8.357201542163535113e-02 8.283649296985832328e-03 -1.115259353182382895e-01
4.012000000000000000e+03 2.956469666233152438e+00 8.342098658203131456e-02 8.278327692987965877e-03 -1.112305250225889414e-01
4.013000000000000000e+03 2.950485048938160659e+00 8.327056719193119683e-02 8.273011932567134880e-03 -1.109393541480796774e-01
4.014000000000000000e+03 2.944504771529683484e+00 8.312078866017370837e-02 8.267701919526764323e-03 -1.106514227933568378e-01
4.015000000000000000e+03 2.938535833115194507e+00 8.297160793485597319e-02 8.262397544726251403e-03 -1.103664765171584183e-01
4.016000000000000000e+03 2.932563039630153856e+00 8.282313034029782639e-02 8.257098687181246843e-03 -1.100857491889873363e-01
4.017000000000000000e+03 2.926608424152843835e+00 8.267523814631384804e-02 8.251805215233869867e-03 -1.098082488328234463e-01
4.018000000000000000e+03 2.920656956251503011e+00 8.252796197272294076e-02 8.246516987829235687e-03 -1.095337289887967913e-01
4.019000000000000000e+03 2.914715961044752834e+00 8.238133220953679225e-02 8.241233855869565042e-03 -1.092634315716794063e-01
4.020000000000000000e+03 2.908785397544118467e+00 8.223537900425988145e-02 8.235955663657895665e-03 -1.089963727206461480e-01
4.021000000000000000e+03 2.902865278313682129e+00 8.209005796578684733e-02 8.230682250396264069e-03 -1.087323141649155916e-01
4.022000000000000000e+03 2.896955660430641011e+00 8.194539871887951410e-02 8.225413451677482737e-03 -1.084717632491624673e-01
4.023000000000000000e+03 2.891064064534113687e+00 8.180135632460427964e-02 8.220149101033630626e-03 -1.082144872881546371e-01
4.024000000000000000e+03 2.885183180300056716e+00 8.165795983468293606e-02 8.214889031537813552e-03 -1.079602564250537605e-01
4.025000000000000000e+03 2.879320570286011183e+00 8.151516371181770360e-02 8.209633077321447023e-03 -1.077095864874561132e-01
4.026000000000000000e+03 2.873476375331800892e+00 8.137292210032669171e-02 8.204381075137776383e-03 -1.074622533356935222e-01
4.027000000000000000e+03 2.867643305109324192e+00 8.123126309665829048e-02 8.199132865844857218e-03 -1.072180357125239319e-01
4.028000000000000000e+03 2.861836342259831412e+00 8.109021445264645578e-02 8.193888295893568194e-03 -1.069774580888069038e-01
4.029000000000000000e+03 2.856048163300800358e+00 8.094972927859658829e-02 8.188647218688798260e-03 -1.067390421798696948e-01
4.030000000000000000e+03 2.850271415041143896e+00 8.080968602956620228e-02 8.183409495934428068e-03 -1.065039868068047013e-01
4.031000000000000000e+03 2.844520991430508516e+00 8.067025990889917231e-02 8.178174998877150992e-03 -1.062719337317478835e-01
4.032000000000000000e+03 2.838796884116055352e+00 8.053125430248081473e-02 8.172943609407850793e-03 -1.060427504505391388e-01
4.033000000000000000e+03 2.833091603678886461e+00 8.039269503214882540e-02 8.167715221146735344e-03 -1.058164558913240738e-01
4.034000000000000000e+03 2.827412458212960722e+00 8.025460749033568042e-02 8.162489740346910716e-03 -1.055928489721299768e-01
4.035000000000000000e+03 2.821759262500697751e+00 8.011694234148485083e-02 8.157267086607017728e-03 -1.053719542696633510e-01
4.036000000000000000e+03 2.816131761338418471e+00 7.997972407350217861e-02 8.152047193638396055e-03 -1.051537248457121848e-01
4.037000000000000000e+03 2.810522196952271567e+00 7.984282813154439107e-02 8.146830009747925427e-03 -1.049380421999823593e-01
4.038000000000000000e+03 2.804945018991134909e+00 7.970627803609570128e-02 8.141615498165605605e-03 -1.047248647821694689e-01
4.039000000000000000e+03 2.799399740219814081e+00 7.957002251615710731e-02 8.136403637340512349e-03 -1.045140793624462633e-01
4.040000000000000000e+03 2.793878363184894908e+00 7.943400977631888404e-02 8.131194421019312737e-03 -1.043055752448005663e-01
4.041000000000000000e+03 2.788380236111919874e+00 7.929818748016698171e-02 8.125987858150801602e-03 -1.040993927564156513e-01
4.042000000000000000e+03 2.782919481334925838e+00 7.916265130049150722e-02 8.120783972719713278e-03 -1.038953517452670117e-01
4.043000000000000000e+03 2.777480426150693127e+00 7.902719920141219878e-02 8.115582803391759026e-03 -1.036934971892827378e-01
4.044000000000000000e+03 2.772069603087167433e+00 7.889185140601127910e-02 8.110384402998650072e-03 -1.034935791132254729e-01
4.045000000000000000e+03 2.766686039157058907e+00 7.875655324536136315e-02 8.105188837958231599e-03 -1.032955724684205545e-01
4.046000000000000000e+03 2.761328687670085102e+00 7.862132370868656073e-02 8.099996187507379347e-03 -1.030994541716455798e-01
4.047000000000000000e+03 2.756003860813776907e+00 7.848610685954102162e-02 8.094806542879036393e-03 -1.029049801386718449e-01
4.048000000000000000e+03 2.750702949556739885e+00 7.835084610279079154e-02 8.089620006249482326e-03 -1.027121308645700115e-01
4.049000000000000000e+03 2.745439571025198422e+00 7.821540988462259703e-02 8.084436689763704886e-03 -1.025208884483456151e-01
4.050000000000000000e+03 2.740197576289280512e+00 7.807996309404047208e-02 8.079256714280863561e-03 -1.023310136140879317e-01
4.051000000000000000e+03 2.734982982858912059e+00 7.794431039145451046e-02 8.074080208217492699e-03 -1.021424494646004932e-01
4.052000000000000000e+03 2.729794050319597876e+00 7.780845186576831884e-02 8.068907306166012844e-03 -1.019552701833320585e-01
4.053000000000000000e+03 2.724628934592181473e+00 7.767254733155187774e-02 8.063738147597556555e-03 -1.017695834971885510e-01
4.054000000000000000e+03 2.719493197036900511e+00 7.753645871774160481e-02 8.058572875430190102e-03 -1.015853495063570727e-01
4.055000000000000000e+03 2.714377527666222978e+00 7.740027003833266361e-02 8.053411634626854443e-03 -1.014028262496855237e-01
4.056000000000000000e+03 2.709287466982368553e+00 7.726399024523236680e-02 8.048254570730911661e-03 -1.012218267346901984e-01
4.057000000000000000e+03 2.704213701104270839e+00 7.712770178273138655e-02 8.043101828496325781e-03 -1.010426844895052356e-01
4.058000000000000000e+03 2.699161783705331885e+00 7.699126344184586968e-02 8.037953550378302420e-03 -1.008652877458104113e-01
4.059000000000000000e+03 2.694137287777192302e+00 7.685483033379889029e-02 8.032809875228690000e-03 -1.006896735782892294e-01
4.060000000000000000e+03 2.689123528889874937e+00 7.671840817892268405e-02 8.027670936900906454e-03 -1.005159534957941053e-01
4.061000000000000000e+03 2.684126143372592921e+00 7.658192758086561358e-02 8.022536862991520509e-03 -1.003441647531819192e-01
4.062000000000000000e+03 2.679150811034486601e+00 7.644546686875569597e-02 8.017407773588029404e-03 -1.001742702347020314e-01
4.063000000000000000e+03 2.674188405855605133e+00 7.630895495571606013e-02 8.012283780156607971e-03 -1.000063811930916591e-01
4.064000000000000000e+03 2.669244716331220957e+00 7.617246846641313740e-02 8.007164984437136618e-03 -9.984053429330674856e-02
4.065000000000000000e+03 2.664318166852105652e+00 7.603600888096342936e-02 8.002051477539297644e-03 -9.967669151277679107e-02
4.066000000000000000e+03 2.659399823565418597e+00 7.589957681388001531e-02 7.996943339074561244e-03 -9.951496289863767664e-02
4.067000000000000000e+03 2.654495684663658039e+00 7.576317201049506678e-02 7.991840636410013285e-03 -9.935530934718816987e-02
4.068000000000000000e+03 2.649604399903171981e+00 7.562679334433664025e-02 7.986743424058086530e-03 -9.919769109130710527e-02
4.069000000000000000e+03 2.644717274465055112e+00 7.549036453195989704e-02 7.981651743207402935e-03 -9.904221619511281716e-02
4.070000000000000000e+03 2.639847985476311276e+00 7.535403126629255932e-02 7.976565621336126344e-03 -9.888884335480918608e-02
4.071000000000000000e+03 2.634988014262765521e+00 7.521771551581231396e-02 7.971485072035138647e-03 -9.873760469146243557e-02
4.072000000000000000e+03 2.630143789671022692e+00 7.508141265975334933e-02 7.966410094870764180e-03 -9.858853141696541367e-02
4.073000000000000000e+03 2.625299547095029329e+00 7.494511720659255416e-02 7.961340675471719266e-03 -9.844143094030415042e-02
4.074000000000000000e+03 2.620476755259609103e+00 7.480882279691433712e-02 7.956276785715105798e-03 -9.829640681588455720e-02
4.075000000000000000e+03 2.615659831909874722e+00 7.467259649064303395e-02 7.951218383979443208e-03 -9.815333872961043427e-02
4.076000000000000000e+03 2.610848140677093809e+00 7.453643020439365552e-02 7.946165415654671965e-03 -9.801217961015654123e-02
4.077000000000000000e+03 2.606055988735871853e+00 7.440024071665365946e-02 7.941117813664636677e-03 -9.787295561231169894e-02
4.078000000000000000e+03 2.601268053630568566e+00 7.426401824055399448e-02 7.936075499162196720e-03 -9.773561753927484386e-02
4.079000000000000000e+03 2.596498806309556873e+00 7.412790071377665935e-02 7.931038382298239570e-03 -9.759996655371386276e-02
4.080000000000000000e+03 2.591733079900989001e+00 7.399180238792073261e-02 7.926006363162063986e-03 -9.746609987837909217e-02
4.081000000000000000e+03 2.586985491485204403e+00 7.385563668648453817e-02 7.920979332678204296e-03 -9.733389081532187181e-02
4.082000000000000000e+03 2.582248438057112683e+00 7.371953906312304905e-02 7.915957173733679728e-03 -9.720321160421518947e-02
4.083000000000000000e+03 2.577529232194117004e+00 7.358334702530613947e-02 7.910939762295047042e-03 -9.707408200009214061e-02
4.084000000000000000e+03 2.572812953784263446e+00 7.344719441078655098e-02 7.905926968594503834e-03 -9.694637215284640508e-02
4.085000000000000000e+03 2.568114441586811125e+00 7.331106569525142058e-02 7.900918658363060079e-03 -9.682002547298830530e-02
4.086000000000000000e+03 2.563433715936440649e+00 7.317479600111112537e-02 7.895914694131325740e-03 -9.669491008140307375e-02
4.087000000000000000e+03 2.558770828018085197e+00 7.303859109097377011e-02 7.890914936476190605e-03 -9.657096739354786852e-02
4.088000000000000000e+03 2.554118423931987181e+00 7.290228454150375625e-02 7.885919245371375910e-03 -9.644806356973453787e-02
4.089000000000000000e+03 2.549476593724152362e+00 7.276593202034396801e-02 7.880927481502923715e-03 -9.632598953175344758e-02
4.090000000000000000e+03 2.544860292055186601e+00 7.262951416097544743e-02 7.875939507493809333e-03 -9.620475811215144224e-02
4.091000000000000000e+03 2.540254760479659701e+00 7.249301085486489771e-02 7.870955189206380390e-03 -9.608415836665523679e-02
4.092000000000000000e+03 2.535674946763530890e+00 7.235640125994771688e-02 7.865974396962124165e-03 -9.596412700258825923e-02
4.093000000000000000e+03 2.531106070802320307e+00 7.221973809243027731e-02 7.860997006670545836e-03 -9.584445125282495259e-02
4.094000000000000000e+03 2.526563044416588966e+00 7.208299906772350218e-02 7.856022900976439988e-03 -9.572514029767671684e-02
4.095000000000000000e+03 2.522038466231279585e+00 7.194608690815330887e-02 7.851051970257535290e-03 -9.560590528078156958e-02
4.096000000000000000e+03 2.517532328806373343e+00 7.180905220081454376e-02 7.846084113566985374e-03 -9.548667928961181162e-02
4.097000000000000000e+03 2.513044584471869847e+00 7.167194483751676559e-02 7.841119239508512542e-03 -9.536732021272423254e-02
4.098000000000000000e+03 2.508582568370085308e+00 7.153466545442234426e-02 7.836157266952598760e-03 -9.524761072585388733e-02
4.099000000000000000e+03 2.504138708650414991e+00 7.139718828871507994e-02 7.831198125726870907e-03 -9.512755540682998889e-02
4.100000000000000000e+03 2.499712807359566469e+00 7.125963546797792203e-02 7.826241757082949557e-03 -9.500686072629063728e-02
4.101000000000000000e+03 2.495312103968619688e+00 7.112183317082380885e-02 7.821288114166106281e-03 -9.488549472528558237e-02
4.102000000000000000e+03 2.490929188624185997e+00 7.098383718532551290e-02 7.816337162285597745e-03 -9.476343473188815481e-02
4.103000000000000000e+03 2.486571512172862874e+00 7.084570449430099837e-02 7.811388879067738579e-03 -9.464077099982846908e-02
4.104000000000000000e+03 2.482239032544769852e+00 7.070734285628682558e-02 7.806443254503896839e-03 -9.451759265418681333e-02
4.105000000000000000e+03 2.477924213946077536e+00 7.056880794345188335e-02 7.801500290915962602e-03 -9.439398763872956788e-02
4.106000000000000000e+03 2.473634311802449748e+00 7.043008049477438026e-02 7.796560002694051701e-03 -9.427004265768620939e-02
4.107000000000000000e+03 2.469361659944368625e+00 7.029114060287182386e-02 7.791622416003413792e-03 -9.414569454548887828e-02
4.108000000000000000e+03 2.465120813624525287e+00 7.015196771713225199e-02 7.786687568325068032e-03 -9.402110161652642295e-02
4.109000000000000000e+03 2.460896552992731579e+00 7.001268921361586406e-02 7.781755507935562977e-03 -9.389627217525164937e-02
4.110000000000000000e+03 2.456695884108156314e+00 6.987320898034179995e-02 7.776826293221470246e-03 -9.377128729051395495e-02
4.111000000000000000e+03 2.452518328700155958e+00 6.973357883742080376e-02 7.771899991987032096e-03 -9.364600358193671259e-02
4.112000000000000000e+03 2.448363356243959732e+00 6.959377568930125157e-02 7.766976680483818687e-03 -9.352064740522131325e-02
4.113000000000000000e+03 2.444230388205669513e+00 6.945377581075540263e-02 7.762056442650414403e-03 -9.339514621566720465e-02
4.114000000000000000e+03 2.440118802758729721e+00 6.931370341675083258e-02 7.757139368962041176e-03 -9.326964846572201318e-02
4.115000000000000000e+03 2.436027939919007679e+00 6.917345924764041476e-02 7.752225555514320049e-03 -9.314400353248553088e-02
4.116000000000000000e+03 2.431957107042105992e+00 6.903301770633307743e-02 7.747315102781755607e-03 -9.301843018046837552e-02
4.117000000000000000e+03 2.427905584622910951e+00 6.889242686147464823e-02 7.742408114574158423e-03 -9.289284792144428260e-02
4.118000000000000000e+03 2.423872632335242194e+00 6.875173416758817435e-02 7.737504696801697154e-03 -9.276732262754679159e-02
4.119000000000000000e+03 2.419857495247127233e+00 6.861076361848116034e-02 7.732604956323291950e-03 -9.264191787762753039e-02
4.120000000000000000e+03 2.415859410146473429e+00 6.846971001967359916e-02 7.727708999715579216e-03 -9.251654630564806747e-02
4.121000000000000000e+03 2.411877611910018704e+00 6.832847044169382267e-02 7.722816932124197675e-03 -9.239134093625413213e-02
4.122000000000000000e+03 2.407918768200786097e+00 6.818708992647212752e-02 7.717928856093865704e-03 -9.226628368852844708e-02
4.123000000000000000e+03 2.403967272325851834e+00 6.804546435934544224e-02 7.713044870374087536e-03 -9.214135386804689354e-02
4.124000000000000000e+03 2.400037247795075324e+00 6.790378617654777016e-02 7.708165068927912318e-03 -9.201652809648415421e-02
4.125000000000000000e+03 2.396113127411461541e+00 6.776195010451209477e-02 7.703289539802943980e-03 -9.189185452951265098e-02
4.126000000000000000e+03 2.392209085691936465e+00 6.761992458525124816e-02 7.698418364219097865e-03 -9.176730422970172385e-02
4.127000000000000000e+03 2.388309617353217451e+00 6.747782606852455178e-02 7.693551615655068454e-03 -9.164291967933617389e-02
4.128000000000000000e+03 2.384428969019042999e+00 6.733554760376514459e-02 7.688689358991648327e-03 -9.151859188187579097e-02
4.129000000000000000e+03 2.380559145241740726e+00 6.719320455119259794e-02 7.683831649855090221e-03 -9.139443173818197208e-02
4.130000000000000000e+03 2.376699625901206314e+00 6.705068889183347924e-02 7.678978533900541331e-03 -9.127032431105093491e-02
4.131000000000000000e+03 2.372849941338558644e+00 6.690804065667045608e-02 7.674130046379230678e-03 -9.114622593193294486e-02
4.132000000000000000e+03 2.369009675292631290e+00 6.676529937224962019e-02 7.669286211632462408e-03 -9.102223846439955190e-02
4.133000000000000000e+03 2.365171038911844548e+00 6.662242979041692326e-02 7.664447042841645609e-03 -9.089816359058786044e-02
4.134000000000000000e+03 2.361348585920874488e+00 6.647947046945440475e-02 7.659612541781104025e-03 -9.077409707409751782e-02
4.135000000000000000e+03 2.357534643673664387e+00 6.633638522184540087e-02 7.654782698781574003e-03 -9.064990877772347022e-02
4.136000000000000000e+03 2.353729027088816039e+00 6.619328598037051148e-02 7.649957492733059847e-03 -9.052568837411077707e-02
4.137000000000000000e+03 2.349924181860867822e+00 6.605013568029245719e-02 7.645136891273546578e-03 -9.040122537807572523e-02
4.138000000000000000e+03 2.346134897154310561e+00 6.590689684327137587e-02 7.640320851045808402e-03 -9.027652915498003694e-02
4.139000000000000000e+03 2.342346305836335851e+00 6.576375444543412774e-02 7.635509318016793848e-03 -9.015160610065985070e-02
4.140000000000000000e+03 2.338565881021104520e+00 6.562052166734777536e-02 7.630702228045948068e-03 -9.002631111131559338e-02
4.141000000000000000e+03 2.334801148541479243e+00 6.547738274771899847e-02 7.625899507385379590e-03 -8.990057047698657433e-02
4.142000000000000000e+03 2.331029970528918138e+00 6.533429873436040480e-02 7.621101073416306805e-03 -8.977445621346259730e-02
4.143000000000000000e+03 2.327274825388496726e+00 6.519130463770947403e-02 7.616306835358314410e-03 -8.964781469831728522e-02
4.144000000000000000e+03 2.323521091948980377e+00 6.504836088354751245e-02 7.611516695164619907e-03 -8.952056386306894709e-02
4.145000000000000000e+03 2.319776471840828691e+00 6.490550190008818887e-02 7.606730548400338077e-03 -8.939261897187288086e-02
4.146000000000000000e+03 2.316041271291554793e+00 6.476276185472584768e-02 7.601948285218474571e-03 -8.926404125402435941e-02
4.147000000000000000e+03 2.312308395993690535e+00 6.462017467441033558e-02 7.597169791382822959e-03 -8.913459227142882246e-02
4.148000000000000000e+03 2.308585630749126594e+00 6.447769978255263323e-02 7.592394949350771312e-03 -8.900432825720427932e-02
4.149000000000000000e+03 2.304865920443002203e+00 6.433537068647778023e-02 7.587623639340393064e-03 -8.887315448687160835e-02
4.150000000000000000e+03 2.301157077660705763e+00 6.419329499772977177e-02 7.582855740464460037e-03 -8.874097391844450178e-02
4.151000000000000000e+03 2.297452182840375556e+00 6.405142458889988288e-02 7.578091131814794663e-03 -8.860770115228860933e-02
4.152000000000000000e+03 2.293759650063595501e+00 6.390968314194753197e-02 7.573329693618696505e-03 -8.847345273068424332e-02
4.153000000000000000e+03 2.290073149440305933e+00 6.376821005693843192e-02 7.568571308328742378e-03 -8.833813413281420279e-02
4.154000000000000000e+03 2.286393766902218516e+00 6.362684749975323906e-02 7.563815861611299443e-03 -8.820179737607375392e-02
4.155000000000000000e+03 2.282722570173872700e+00 6.348573468881234250e-02 7.559063243528519813e-03 -8.806449251726027050e-02
4.156000000000000000e+03 2.279068031642013548e+00 6.334471364555722961e-02 7.554313349392618136e-03 -8.792611915107606535e-02
4.157000000000000000e+03 2.275416309727278819e+00 6.320377491322480557e-02 7.549566080770338077e-03 -8.778672360630024318e-02
4.158000000000000000e+03 2.271783242413536907e+00 6.306298329063152186e-02 7.544821346302622161e-03 -8.764642472073762292e-02
4.159000000000000000e+03 2.268162344227897087e+00 6.292232928179938845e-02 7.540079062474703241e-03 -8.750504247793269852e-02
4.160000000000000000e+03 2.264554515472111618e+00 6.278172911185640748e-02 7.535339154362333952e-03 -8.736269232499706272e-02
4.161000000000000000e+03 2.260953181792507483e+00 6.264117330929891425e-02 7.530601556227312088e-03 -8.721933951634472382e-02
4.162000000000000000e+03 2.257374004325640282e+00 6.250065243704781837e-02 7.525866211982162705e-03 -8.707494772039940656e-02
4.163000000000000000e+03 2.253802878497869866e+00 6.236023138965039042e-02 7.521133075662877164e-03 -8.692955333737337198e-02
4.164000000000000000e+03 2.250247930259377860e+00 6.221990083930076243e-02 7.516402111706093313e-03 -8.678319124451529254e-02
4.165000000000000000e+03 2.246709801016237851e+00 6.207957724805326927e-02 7.511673295147220861e-03 -8.663589481924621749e-02
4.166000000000000000e+03 2.243181646528452866e+00 6.193932572978189804e-02 7.506946611702355020e-03 -8.648762167314075211e-02
4.167000000000000000e+03 2.239671421431415510e+00 6.179906292683235575e-02 7.502222057752747260e-03 -8.633840223073635523e-02
4.168000000000000000e+03 2.236179594230708556e+00 6.165892843742246804e-02 7.497499640233653770e-03 -8.618819116887754817e-02
4.169000000000000000e+03 2.232699147918291160e+00 6.151883912385291281e-02 7.492779376339257259e-03 -8.603701598471916179e-02
4.170000000000000000e+03 2.229230437849695434e+00 6.137886053843769757e-02 7.488061293201852403e-03 -8.588497699142984276e-02
4.171000000000000000e+03 2.225773765115766079e+00 6.123890979725615802e-02 7.483345427447554536e-03 -8.573202445870853339e-02
4.172000000000000000e+03 2.222336807138042936e+00 6.109897843776564835e-02 7.478631824644825857e-03 -8.557818144957747564e-02
4.173000000000000000e+03 2.218912335360136989e+00 6.095913242529363285e-02 7.473920538672694340e-03 -8.542346951921210574e-02
4.174000000000000000e+03 2.215500503505027474e+00 6.081936359196337544e-02 7.469211630993038975e-03 -8.526783440976574979e-02
4.175000000000000000e+03 2.212101422859515942e+00 6.067958964212558787e-02 7.464505169820812545e-03 -8.511136887615498858e-02
4.176000000000000000e+03 2.208715166295881271e+00 6.053995129126429897e-02 7.459801229307402338e-03 -8.495408980800271681e-02
4.177000000000000000e+03 2.205341772635461606e+00 6.040029228605716533e-02 7.455099888560728222e-03 -8.479593819982615688e-02
4.178000000000000000e+03 2.201973822955589188e+00 6.026075367654504245e-02 7.450401230701223475e-03 -8.463707625369505660e-02
4.179000000000000000e+03 2.198626158889651627e+00 6.012125383552797964e-02 7.445705341825885684e-03 -8.447736736221821141e-02
4.180000000000000000e+03 2.195283889262981791e+00 5.998185987972266126e-02 7.441012309984437745e-03 -8.431697034362305165e-02
4.181000000000000000e+03 2.191946965414422355e+00 5.984256482279242534e-02 7.436322224079651953e-03 -8.415589370803795710e-02
4.182000000000000000e+03 2.188622758142020785e+00 5.970343614575534391e-02 7.431635172807803461e-03 -8.399406990903070247e-02
4.183000000000000000e+03 2.185311206316761456e+00 5.956439294982580207e-02 7.426951243612163640e-03 -8.383165244711922315e-02
4.184000000000000000e+03 2.181997393806899055e+00 5.942542881037338187e-02 7.422270521591536364e-03 -8.366857014015892380e-02
4.185000000000000000e+03 2.178696124757932395e+00 5.928668606390886942e-02 7.417593088481356026e-03 -8.350489851506338879e-02
4.186000000000000000e+03 2.175399930166596718e+00 5.914815867771809621e-02 7.412919021671666650e-03 -8.334071121802334725e-02
4.187000000000000000e+03 2.172116214451488059e+00 5.900976653721162757e-02 7.408248393268213224e-03 -8.317585714504671657e-02
4.188000000000000000e+03 2.168830118262563111e+00 5.887157830060162078e-02 7.403581269159475314e-03 -8.301055469522360120e-02
4.189000000000000000e+03 2.165549092835691969e+00 5.873358855275389451e-02 7.398917708259084708e-03 -8.284472320918691290e-02
4.190000000000000000e+03 2.162273190491394104e+00 5.859586637705351680e-02 7.394257761682240283e-03 -8.267842866528087031e-02
4.191000000000000000e+03 2.159002496489438094e+00 5.845833251003734743e-02 7.389601472121322054e-03 -8.251166082969012272e-02
4.192000000000000000e+03 2.155729703749725168e+00 5.832113076451785755e-02 7.384948873273300581e-03 -8.234455611351919335e-02
4.193000000000000000e+03 2.152462400508156737e+00 5.818425661819331268e-02 7.380299989306502925e-03 -8.217702616788874481e-02
4.194000000000000000e+03 2.149200787376537303e+00 5.804778007065915235e-02 7.375654834539469365e-03 -8.200920360409685861e-02
4.195000000000000000e+03 2.145937678936258308e+00 5.791162280004159835e-02 7.371013413086575407e-03 -8.184107060152887025e-02
4.196000000000000000e+03 2.142673361497924756e+00 5.777592958802917067e-02 7.366375718749179624e-03 -8.167268179051964672e-02
4.197000000000000000e+03 2.139415593614702349e+00 5.764062262699806705e-02 7.361741734920161824e-03 -8.150409000757299904e-02
4.198000000000000000e+03 2.136157320992487563e+00 5.750584722966152473e-02 7.357111434618362512e-03 -8.133542062443840925e-02
4.199000000000000000e+03 2.132898960950230016e+00 5.737152613719442851e-02 7.352484780653297490e-03 -8.116657446603744996e-02
4.200000000000000000e+03 2.129640972933085408e+00 5.723773094637648468e-02 7.347861725888625919e-03 -8.099759928644181817e-02
4.201000000000000000e+03 2.126376493479433805e+00 5.710452550073946004e-02 7.343242213592990342e-03 -8.082867391383344313e-02
4.202000000000000000e+03 2.123121242398415820e+00 5.697186746167759441e-02 7.338626177887542373e-03 -8.065968914452076310e-02
4.203000000000000000e+03 2.119868755023106566e+00 5.683963247535642888e-02 7.334013544388713265e-03 -8.049051842845626747e-02
4.204000000000000000e+03 2.116612599126506566e+00 5.670799365369432604e-02 7.329404230761974066e-03 -8.032118243698384286e-02
4.205000000000000000e+03 2.113361228042820006e+00 5.657675303449286042e-02 7.324798147543703369e-03 -8.015162629827705942e-02
4.206000000000000000e+03 2.110115691643035252e+00 5.644601014507057146e-02 7.320195198863652802e-03 -7.998186825452877069e-02
4.207000000000000000e+03 2.106869632008689930e+00 5.631571631338933709e-02 7.315595283449814225e-03 -7.981177690539795200e-02
4.208000000000000000e+03 2.103624135499812198e+00 5.618589753110654617e-02 7.310998295480121249e-03 -7.964136843910028796e-02
4.209000000000000000e+03 2.100387727865212106e+00 5.605650589912687665e-02 7.306404125587496849e-03 -7.947058388153092900e-02
4.210000000000000000e+03 2.097146655746550348e+00 5.592749392369832789e-02 7.301812661942466524e-03 -7.929936348137371638e-02
4.211000000000000000e+03 2.093916879884574200e+00 5.579896309609800459e-02 7.297223791266919425e-03 -7.912772109656286690e-02
4.212000000000000000e+03 2.090699499677382889e+00 5.567086677114063686e-02 7.292637399965658934e-03 -7.895559573087683469e-02
4.213000000000000000e+03 2.087480747803008185e+00 5.554308446319369125e-02 7.288053375130065098e-03 -7.878292592094533753e-02
4.214000000000000000e+03 2.084269126613765621e+00 5.541579327581864362e-02 7.283471605718279049e-03 -7.860979840631372728e-02
4.215000000000000000e+03 2.081065689456500500e+00 5.528879936224766201e-02 7.278891983572327758e-03 -7.843615109697255061e-02
4.216000000000000000e+03 2.077864035529521924e+00 5.516228077195863000e-02 7.274314404522900027e-03 -7.826192174007495783e-02
4.217000000000000000e+03 2.074680018331309217e+00 5.503611891044060678e-02 7.269738769300374687e-03 -7.808712230046277458e-02
4.218000000000000000e+03 2.071499742502152852e+00 5.491026996733664595e-02 7.265164984594166785e-03 -7.791176477116028287e-02
4.219000000000000000e+03 2.068324129515659582e+00 5.478483921019870057e-02 7.260592963892656404e-03 -7.773586126343373648e-02
4.220000000000000000e+03 2.065161485264026542e+00 5.465978386001199563e-02 7.256022628371027079e-03 -7.755934980919894361e-02
4.221000000000000000e+03 2.062012639683828308e+00 5.453498738372682814e-02 7.251453907578208485e-03 -7.738216872553507764e-02
4.222000000000000000e+03 2.058863515163924962e+00 5.441063091988299766e-02 7.246886740240637143e-03 -7.720440525761680661e-02
4.223000000000000000e+03 2.055729693873950659e+00 5.428659901819741368e-02 7.242321074738348671e-03 -7.702607279832653087e-02
4.224000000000000000e+03 2.052604417040387208e+00 5.416285106373674302e-02 7.237756869640032432e-03 -7.684703666897198249e-02
4.225000000000000000e+03 2.049488296603123150e+00 5.403942128278520218e-02 7.233194094108322779e-03 -7.666738559470311076e-02
4.226000000000000000e+03 2.046381885670171652e+00 5.391634446436433664e-02 7.228632728180270015e-03 -7.648720890552944407e-02
4.227000000000000000e+03 2.043285677887729967e+00 5.379365596440412178e-02 7.224072762916645442e-03 -7.630644801398356325e-02
4.228000000000000000e+03 2.040200107385353512e+00 5.367124314195727275e-02 7.219514200487352207e-03 -7.612511930359339152e-02
4.229000000000000000e+03 2.037125549300476735e+00 5.354921677903730359e-02 7.214957054132310754e-03 -7.594331416010779989e-02
4.230000000000000000e+03 2.034054892529716607e+00 5.342753966453910042e-02 7.210401347983302726e-03 -7.576112471227600120e-02
4.231000000000000000e+03 2.030995826450009645e+00 5.330617516172624082e-02 7.205847116814882020e-03 -7.557849528262755578e-02
4.232000000000000000e+03 2.027948558093873643e+00 5.318531005839615550e-02 7.201294405602443570e-03 -7.539544524887493993e-02
4.233000000000000000e+03 2.024905814910259672e+00 5.306476029747443646e-02 7.196743269130255645e-03 -7.521214333244627404e-02
4.234000000000000000e+03 2.021875133085696330e+00 5.294456524297207894e-02 7.192193771302476252e-03 -7.502853617951818488e-02
4.235000000000000000e+03 2.018849147892745055e+00 5.282483910985416586e-02 7.187645984582755054e-03 -7.484471977156642586e-02
4.236000000000000000e+03 2.015835311282628606e+00 5.270539954280424599e-02 7.183099989127868235e-03 -7.466064227908829343e-02
4.237000000000000000e+03 2.012826183077624620e+00 5.258643616313089797e-02 7.178555871967964505e-03 -7.447647546179655964e-02
4.238000000000000000e+03 2.009814292621484810e+00 5.246784201193203934e-02 7.174013726074988245e-03 -7.429224322947673709e-02
4.239000000000000000e+03 2.006821857437526280e+00 5.234965924508437618e-02 7.169473649411034488e-03 -7.410789590000174676e-02
4.240000000000000000e+03 2.003826505237686018e+00 5.223185627615412052e-02 7.164935743847024655e-03 -7.392360730444921812e-02
4.241000000000000000e+03 2.000835563135907602e+00 5.211455061969299390e-02 7.160400114100980325e-03 -7.373940333800470259e-02
4.242000000000000000e+03 1.997848921748903273e+00 5.199756318250994824e-02 7.155866866642128163e-03 -7.355545906029070657e-02
4.243000000000000000e+03 1.994866469479849025e+00 5.188116109060238873e-02 7.151336108502982097e-03 -7.337172724260558609e-02
4.244000000000000000e+03 1.991888098472748059e+00 5.176509199502935671e-02 7.146807946208338924e-03 -7.318838403301597406e-02
4.245000000000000000e+03 1.988913710526352796e+00 5.164954974869413046e-02 7.142282484556858844e-03 -7.300545750261347444e-02
4.246000000000000000e+03 1.985935794555894196e+00 5.153450584568210202e-02 7.137759825547504954e-03 -7.282312474368222988e-02
4.247000000000000000e+03 1.982961717293580950e+00 5.142000654607986609e-02 7.133240067231206606e-03 -7.264141470129227562e-02
4.248000000000000000e+03 1.979991443666005324e+00 5.130595001605210703e-02 7.128723302696220523e-03 -7.246035670725806122e-02
4.249000000000000000e+03 1.977017541943869139e+00 5.119238345253141614e-02 7.124209618996152349e-03 -7.228005473322406116e-02
4.250000000000000000e+03 1.974047473608652403e+00 5.107942879030610145e-02 7.119699096233204731e-03 -7.210068736311277260e-02
4.251000000000000000e+03 1.971081288331661963e+00 5.096690875083852851e-02 7.115191806626828576e-03 -7.192225963448307946e-02
4.252000000000000000e+03 1.968104126416266197e+00 5.085493352784823534e-02 7.110687813694900605e-03 -7.174467573328552339e-02
4.253000000000000000e+03 1.965130865627374046e+00 5.074353693417731070e-02 7.106187171602961795e-03 -7.156796339757783010e-02
4.254000000000000000e+03 1.962161578498082148e+00 5.063260463426702551e-02 7.101689924395750489e-03 -7.139200205677218025e-02
4.255000000000000000e+03 1.959181534786722967e+00 5.052217126977850276e-02 7.097196105567607667e-03 -7.121681996039150309e-02
4.256000000000000000e+03 1.956205773457428077e+00 5.041234616824903647e-02 7.092705737565852507e-03 -7.104229704420383928e-02
4.257000000000000000e+03 1.953227105506263328e+00 5.030301620151689246e-02 7.088218831544263430e-03 -7.086861063735032384e-02
4.258000000000000000e+03 1.950245828023187356e+00 5.019414291279038903e-02 7.083735387058094635e-03 -7.069549263947384754e-02
4.259000000000000000e+03 1.947262295873768645e+00 5.008591107697231426e-02 7.079255392100480132e-03 -7.052312094108599549e-02
4.260000000000000000e+03 1.944284349449937999e+00 4.997813442671279749e-02 7.074778823013380853e-03 -7.035130232954858731e-02
4.261000000000000000e+03 1.941297600039216364e+00 4.987092419832860751e-02 7.070305644718949921e-03 -7.018006678795940534e-02
4.262000000000000000e+03 1.938317426425339995e+00 4.976424342583244537e-02 7.065835810964626526e-03 -7.000937039814152107e-02
4.263000000000000000e+03 1.935329545629307368e+00 4.965812978701039659e-02 7.061369264701848614e-03 -6.983924395073230762e-02
4.264000000000000000e+03 1.932342008319249294e+00 4.955247274901390664e-02 7.056905938602696902e-03 -6.966949586005996564e-02
4.265000000000000000e+03 1.929355481811118933e+00 4.944731069903822440e-02 7.052445755650477155e-03 -6.950030648668432953e-02
4.266000000000000000e+03 1.926378102646326473e+00 4.934268237446106514e-02 7.047988629885868980e-03 -6.933141107863109720e-02
4.267000000000000000e+03 1.923388330233789301e+00 4.923862686060817562e-02 7.043534467145165165e-03 -6.916291695466202094e-02
4.268000000000000000e+03 1.920409225304590795e+00 4.913496073836145367e-02 7.039083166022985956e-03 -6.899478358877834949e-02
4.269000000000000000e+03 1.917434160970526769e+00 4.903187235085428031e-02 7.034634618800514848e-03 -6.882697125041871422e-02
4.270000000000000000e+03 1.914456530347605323e+00 4.892925325097041700e-02 7.030188712535920606e-03 -6.865951536445855097e-02
4.271000000000000000e+03 1.911484597197774749e+00 4.882714390186225495e-02 7.025745330101525014e-03 -6.849237802362458105e-02
4.272000000000000000e+03 1.908511776248421388e+00 4.872558510964521833e-02 7.021304351421596597e-03 -6.832559663722380383e-02
4.273000000000000000e+03 1.905546340155767071e+00 4.862446945650695379e-02 7.016865654616321821e-03 -6.815906116385862801e-02
4.274000000000000000e+03 1.902589127923605350e+00 4.852383843501754945e-02 7.012429117220984366e-03 -6.799281132978685083e-02
4.275000000000000000e+03 1.899640966696436672e+00 4.842365959807911485e-02 7.007994617446016219e-03 -6.782688814646883890e-02
4.276000000000000000e+03 1.896695236892737890e+00 4.832404941007154703e-02 7.003562035383954082e-03 -6.766125971120362514e-02
4.277000000000000000e+03 1.893760150847145329e+00 4.822482754643857283e-02 6.999131254296786335e-03 -6.749589557380711313e-02
4.278000000000000000e+03 1.890829033175101870e+00 4.812611116245667925e-02 6.994702161742678490e-03 -6.733076681781854922e-02
4.279000000000000000e+03 1.887902599829154981e+00 4.802779490927280154e-02 6.990274650798790172e-03 -6.716599470644676884e-02
4.280000000000000000e+03 1.884996380757811840e+00 4.792999663540840893e-02 6.985848621174666623e-03 -6.700140505728192919e-02
4.281000000000000000e+03 1.882088716126347983e+00 4.783261168603625962e-02 6.981423980287706534e-03 -6.683712258232485381e-02
4.282000000000000000e+03 1.879195034913352158e+00 4.773561003705073524e-02 6.977000644247396445e-03 -6.667319953812674005e-02
4.283000000000000000e+03 1.876315852028297204e+00 4.763911057832891094e-02 6.972578538764655394e-03 -6.650954150493688932e-02
4.284000000000000000e+03 1.873444192755767235e+00 4.754308397907455047e-02 6.968157600005769024e-03 -6.634620457798864890e-02
4.285000000000000000e+03 1.870580446119157303e+00 4.744742697026337747e-02 6.963737775343679243e-03 -6.618324685179843847e-02
4.286000000000000000e+03 1.867732362151968584e+00 4.735218519370343326e-02 6.959319023928542576e-03 -6.602072846494547176e-02
4.287000000000000000e+03 1.864892764760111232e+00 4.725733034944614580e-02 6.954901317267373276e-03 -6.585871163821432894e-02
4.288000000000000000e+03 1.862069263704776656e+00 4.716298304374854505e-02 6.950484639576528720e-03 -6.569711213855944365e-02
4.289000000000000000e+03 1.859254540472732087e+00 4.706896708484399616e-02 6.946068988094421075e-03 -6.553599643681652653e-02
4.290000000000000000e+03 1.856448633301582607e+00 4.697540374717038003e-02 6.941654373208998655e-03 -6.537550744012314563e-02
4.291000000000000000e+03 1.853658937865199974e+00 4.688219178238735990e-02 6.937240818469383313e-03 -6.521549308285988500e-02
4.292000000000000000e+03 1.850885351968790893e+00 4.678937883167245959e-02 6.932828360538716324e-03 -6.505617487886698747e-02
4.293000000000000000e+03 1.848112849298050309e+00 4.669686428591678096e-02 6.928417048888343976e-03 -6.489747936268711048e-02
4.294000000000000000e+03 1.845356052309214512e+00 4.660477069664609867e-02 6.924006945463518151e-03 -6.473940949240122866e-02
4.295000000000000000e+03 1.842614665584851874e+00 4.651307235117015104e-02 6.919598124239628896e-03 -6.458211891081858114e-02
4.296000000000000000e+03 1.839873479931482647e+00 4.642166954814721386e-02 6.915190670553640270e-03 -6.442561478191886903e-02
4.297000000000000000e+03 1.837146947185315016e+00 4.633053715584786736e-02 6.910784680410923461e-03 -6.426990632128055936e-02
4.298000000000000000e+03 1.834434615380310163e+00 4.623979888622881118e-02 6.906380259681248884e-03 -6.411507903636026739e-02
4.299000000000000000e+03 1.831728562887402489e+00 4.614935586741904933e-02 6.901977523085560222e-03 -6.396122039341964327e-02
4.300000000000000000e+03 1.829028261370979846e+00 4.605925805038787318e-02 6.897576593291356029e-03 -6.380841976235292201e-02
4.301000000000000000e+03 1.826340512934442550e+00 4.596941055968885997e-02 6.893177599705888579e-03 -6.365660755314044017e-02
4.302000000000000000e+03 1.823656963522052310e+00 4.587988130349641980e-02 6.888780677360749685e-03 -6.350588986063450403e-02
4.303000000000000000e+03 1.820976603830373630e+00 4.579066762263490908e-02 6.884385965650421414e-03 -6.335621368505800488e-02
4.304000000000000000e+03 1.818305846342199272e+00 4.570176706511328707e-02 6.879993607041865605e-03 -6.320752766209947193e-02
4.305000000000000000e+03 1.815643676282543417e+00 4.561317737272013728e-02 6.875603745750801486e-03 -6.305985627068080857e-02
4.306000000000000000e+03 1.812974230995252789e+00 4.552489646722742561e-02 6.871216526386227444e-03 -6.291315118816130647e-02
4.307000000000000000e+03 1.810311377767771068e+00 4.543699671974982951e-02 6.866832092607202953e-03 -6.276743977817693387e-02
4.308000000000000000e+03 1.807654151373157880e+00 4.534947636937838866e-02 6.862450585727996460e-03 -6.262267644383487375e-02
4.309000000000000000e+03 1.804994189910656743e+00 4.526225950853515756e-02 6.858072143404302969e-03 -6.247889111477197832e-02
4.310000000000000000e+03 1.802330598769056547e+00 4.517541891877960986e-02 6.853696898272568575e-03 -6.233604060118101697e-02
4.311000000000000000e+03 1.799669957589912661e+00 4.508887892187227187e-02 6.849324976766609820e-03 -6.219408279983087290e-02
4.312000000000000000e+03 1.797011470161038904e+00 4.500278678258267523e-02 6.844956497766207723e-03 -6.205312518561248436e-02
4.313000000000000000e+03 1.794346970575023459e+00 4.491706699279152115e-02 6.840591571529571965e-03 -6.191312760506324786e-02
4.314000000000000000e+03 1.791675785589576186e+00 4.483171839082678023e-02 6.836230298622227204e-03 -6.177405077434054703e-02
4.315000000000000000e+03 1.789004739730568838e+00 4.474673986356856453e-02 6.831872768844182882e-03 -6.163593049779730187e-02
4.316000000000000000e+03 1.786333303084238544e+00 4.466220461561939969e-02 6.827519060424541014e-03 -6.149880332426944929e-02
4.317000000000000000e+03 1.783653595131837744e+00 4.457796302145453082e-02 6.823169239160944109e-03 -6.136255792488886501e-02
4.318000000000000000e+03 1.780972672935226875e+00 4.449423687979269654e-02 6.818823357830844714e-03 -6.122730646123861198e-02
4.319000000000000000e+03 1.778290248485799419e+00 4.441080228200484231e-02 6.814481455569097908e-03 -6.109293884090332555e-02
4.320000000000000000e+03 1.775598690340774999e+00 4.432780671790530896e-02 6.810143557520309705e-03 -6.095949409791150131e-02
4.321000000000000000e+03 1.772905309525544038e+00 4.424517479563374461e-02 6.805809674496738314e-03 -6.082693751188703035e-02
4.322000000000000000e+03 1.770210074536106681e+00 4.416297964753934657e-02 6.801479802866188494e-03 -6.069530915151729461e-02
4.323000000000000000e+03 1.767505610588099518e+00 4.408114578519712473e-02 6.797153924522602794e-03 -6.056450100751181037e-02
4.324000000000000000e+03 1.764806911463838945e+00 4.399974622303583910e-02 6.792832007033407227e-03 -6.043462840075856241e-02
4.325000000000000000e+03 1.762099338713699836e+00 4.391870533455977110e-02 6.788514003956980410e-03 -6.030550999539324719e-02
4.326000000000000000e+03 1.759383188634497941e+00 4.383802169393735682e-02 6.784199855142824045e-03 -6.017733635486210292e-02
4.327000000000000000e+03 1.756673688395277155e+00 4.375776806753427228e-02 6.779889487382156216e-03 -6.004992711850768577e-02
4.328000000000000000e+03 1.753956421342777183e+00 4.367779427231069378e-02 6.775582815032053612e-03 -5.992339957106287279e-02
4.329000000000000000e+03 1.751246748530528752e+00 4.359824715336831774e-02 6.771279740833332020e-03 -5.979764868260374622e-02
4.330000000000000000e+03 1.748530376010951848e+00 4.351912487674808316e-02 6.766980156766027807e-03 -5.967271855644252360e-02
4.331000000000000000e+03 1.745815346800680512e+00 4.344027692377067790e-02 6.762683945174058180e-03 -5.954857961463928817e-02
4.332000000000000000e+03 1.743102320470619526e+00 4.336177550375302364e-02 6.758390979804738616e-03 -5.942527720612747477e-02
4.333000000000000000e+03 1.740399422379904193e+00 4.328361841572617857e-02 6.754101127068474000e-03 -5.930270880173421633e-02
4.334000000000000000e+03 1.737692522418908814e+00 4.320580332839834420e-02 6.749814247275340642e-03 -5.918084689444910035e-02
4.335000000000000000e+03 1.734989796938630757e+00 4.312825349362761629e-02 6.745530196029497771e-03 -5.905981333590552829e-02
4.336000000000000000e+03 1.732299435288449763e+00 4.305104059448990744e-02 6.741248825645637828e-03 -5.893943369112770309e-02
4.337000000000000000e+03 1.729607346193254624e+00 4.297416189291540511e-02 6.736969986560115489e-03 -5.881975728083283644e-02
4.338000000000000000e+03 1.726929147554679744e+00 4.289754022826178931e-02 6.732693528815982854e-03 -5.870083439004106923e-02
4.339000000000000000e+03 1.724258159352257680e+00 4.282117258333923565e-02 6.728419303553669420e-03 -5.858249347725136974e-02
4.340000000000000000e+03 1.721595108484743619e+00 4.274505580030445173e-02 6.724147164507850681e-03 -5.846486121847505046e-02
4.341000000000000000e+03 1.718940692029894857e+00 4.266918658046361251e-02 6.719876969409798589e-03 -5.834776829791620684e-02
4.342000000000000000e+03 1.716302997456490731e+00 4.259356148424376515e-02 6.715608581483197177e-03 -5.823134373300492550e-02
4.343000000000000000e+03 1.713667781416762015e+00 4.251810264795032046e-02 6.711341870817181393e-03 -5.811542066096463122e-02
4.344000000000000000e+03 1.711050460800182416e+00 4.244288063470875311e-02 6.707076715680071813e-03 -5.800005637505280254e-02
4.345000000000000000e+03 1.708451535716700276e+00 4.236781730100607629e-02 6.702813003751231270e-03 -5.788523523817799138e-02
4.346000000000000000e+03 1.705864011483778420e+00 4.229290864769990471e-02 6.698550633368939924e-03 -5.777086872647410609e-02
4.347000000000000000e+03 1.703288249580614755e+00 4.221815053716231059e-02 6.694289514531451268e-03 -5.765709260155982285e-02
4.348000000000000000e+03 1.700731962578085454e+00 4.214353869373409223e-02 6.690029569928760550e-03 -5.754374695888268831e-02
4.349000000000000000e+03 1.698187924746983324e+00 4.206899442068280648e-02 6.685770735726571413e-03 -5.743082195530847117e-02
4.350000000000000000e+03 1.695663681894197028e+00 4.199458745086485228e-02 6.681512962369203119e-03 -5.731845782917464882e-02
4.351000000000000000e+03 1.693159216918901144e+00 4.192024395899288103e-02 6.677256215108688144e-03 -5.720643182889666167e-02
4.352000000000000000e+03 1.690666807980980124e+00 4.184591056692543720e-02 6.673000474504573766e-03 -5.709499603743042190e-02
4.353000000000000000e+03 1.688193452448486731e+00 4.177176175507601313e-02 6.668745736701355530e-03 -5.698396526809728496e-02
4.354000000000000000e+03 1.685731199994390028e+00 4.169767473075369768e-02 6.664492013633954368e-03 -5.687337870629699532e-02
4.355000000000000000e+03 1.683294295096595450e+00 4.162367512794331453e-02 6.660239332996389233e-03 -5.676335132485727658e-02
4.356000000000000000e+03 1.680867180227803459e+00 4.154986272210681869e-02 6.655987738123080380e-03 -5.665385100776597349e-02
4.357000000000000000e+03 1.678456496832276379e+00 4.147611429408712413e-02 6.651737287659592775e-03 -5.654484708356430356e-02
4.358000000000000000e+03 1.676053946964739749e+00 4.140245504498631796e-02 6.647488055200130933e-03 -5.643638456719425600e-02
4.359000000000000000e+03 1.673673439270721763e+00 4.132898430969097342e-02 6.643240128634519612e-03 -5.632850982719242450e-02
4.360000000000000000e+03 1.671299095568058224e+00 4.125565270284124036e-02 6.638993609441244149e-03 -5.622119624541007527e-02
4.361000000000000000e+03 1.668944683443457366e+00 4.118248496534600983e-02 6.634748611828012073e-03 -5.611456700347780546e-02
4.362000000000000000e+03 1.666594195957538105e+00 4.110950567642294301e-02 6.630505261740299652e-03 -5.600844931105072866e-02
4.363000000000000000e+03 1.664253857257648406e+00 4.103659068162886225e-02 6.626263695778285105e-03 -5.590296859668824475e-02
4.364000000000000000e+03 1.661929845279591866e+00 4.096391278852398038e-02 6.622024059942327803e-03 -5.579817700732635222e-02
4.365000000000000000e+03 1.659606014971019672e+00 4.089142177631034658e-02 6.617786508328444076e-03 -5.569397903652966580e-02
4.366000000000000000e+03 1.657295905463533003e+00 4.081906724001635456e-02 6.613551201802360044e-03 -5.559050284914787005e-02
4.367000000000000000e+03 1.654990750708723812e+00 4.074687286747416537e-02 6.609318306409127548e-03 -5.548772876678240845e-02
4.368000000000000000e+03 1.652689202249756129e+00 4.067486214870529720e-02 6.605087991950361198e-03 -5.538563773461633449e-02
4.369000000000000000e+03 1.650389910438874397e+00 4.060298408517088592e-02 6.600860430334906659e-03 -5.528413693510915439e-02
4.370000000000000000e+03 1.648098962462473560e+00 4.053133603259206214e-02 6.596635794047424166e-03 -5.518343110091340070e-02
4.371000000000000000e+03 1.645807606982197635e+00 4.045986655917334363e-02 6.592414254447192916e-03 -5.508335385772804293e-02
4.372000000000000000e+03 1.643514548802956554e+00 4.038859828796426826e-02 6.588195980251498711e-03 -5.498403616993891019e-02
4.373000000000000000e+03 1.641218529974273421e+00 4.031747932176210636e-02 6.583981135831731314e-03 -5.488538625081681305e-02
4.374000000000000000e+03 1.638925767336315786e+00 4.024653180174809358e-02 6.579769879726442804e-03 -5.478746087609028675e-02
4.375000000000000000e+03 1.636627676320912439e+00 4.017577761570622491e-02 6.575562363065896865e-03 -5.469024243154273907e-02
4.376000000000000000e+03 1.634330592774861701e+00 4.010523838966997823e-02 6.571358728144419993e-03 -5.459371309771709341e-02
4.377000000000000000e+03 1.632026067469660724e+00 4.003478691269727469e-02 6.567159107000692525e-03 -5.449792903801756877e-02
4.378000000000000000e+03 1.629720586824563444e+00 3.996459282975266258e-02 6.562963620119431282e-03 -5.440279745732112815e-02
4.379000000000000000e+03 1.627413294516376840e+00 3.989460264918670562e-02 6.558772375276554663e-03 -5.430844793361459116e-02
4.380000000000000000e+03 1.625095997412218995e+00 3.982468830210406791e-02 6.554585466361336626e-03 -5.421471235300562991e-02
4.381000000000000000e+03 1.622775455764882802e+00 3.975501855230355319e-02 6.550402972541692452e-03 -5.412171910387521268e-02
4.382000000000000000e+03 1.620443674115515487e+00 3.968546472126160268e-02 6.546224957307676499e-03 -5.402937302485221610e-02
4.383000000000000000e+03 1.618115046462353490e+00 3.961612066585015052e-02 6.542051467847379009e-03 -5.393765247864811679e-02
4.384000000000000000e+03 1.615774360302418167e+00 3.954693135448987540e-02 6.537882534520269261e-03 -5.384653501594158925e-02
4.385000000000000000e+03 1.613428796624792660e+00 3.947784142833862808e-02 6.533718170443040749e-03 -5.375607161412701562e-02
4.386000000000000000e+03 1.611070788727947178e+00 3.940894376296151524e-02 6.529558371247591239e-03 -5.366616379009335469e-02
4.387000000000000000e+03 1.608715163556526218e+00 3.934018232949054727e-02 6.525403115045761045e-03 -5.357678642245704975e-02
4.388000000000000000e+03 1.606347141849796767e+00 3.927157504088073930e-02 6.521252362537752374e-03 -5.348791344803711240e-02
4.389000000000000000e+03 1.603981762566164093e+00 3.920306518129303142e-02 6.517106057240163071e-03 -5.339951785028560632e-02
4.390000000000000000e+03 1.601604452742465989e+00 3.913466997010341814e-02 6.512964125895588652e-03 -5.331157165600253212e-02
4.391000000000000000e+03 1.599223021671843492e+00 3.906640627596402043e-02 6.508826479091281078e-03 -5.322397165678317832e-02
4.392000000000000000e+03 1.596837942328113380e+00 3.899829061506079192e-02 6.504693011999782871e-03 -5.313676227237473099e-02
4.393000000000000000e+03 1.594457202034108345e+00 3.893026486660735447e-02 6.500563605177465433e-03 -5.304983843730232823e-02
4.394000000000000000e+03 1.592066582222789073e+00 3.886227055584201562e-02 6.496438125666525142e-03 -5.296324276262966840e-02
4.395000000000000000e+03 1.589674220954138351e+00 3.879439742131353397e-02 6.492316428088893907e-03 -5.287679415324146592e-02
4.396000000000000000e+03 1.587288319599573283e+00 3.872658628172704481e-02 6.488198355933983384e-03 -5.279053355000193348e-02
4.397000000000000000e+03 1.584894848920124444e+00 3.865885188801750777e-02 6.484083742890129481e-03 -5.270435255905603356e-02
4.398000000000000000e+03 1.582509538118895831e+00 3.859113435838662509e-02 6.479972414391988247e-03 -5.261829063805189416e-02
4.399000000000000000e+03 1.580125866547937630e+00 3.852352203162000971e-02 6.475864189104741861e-03 -5.253208945174490246e-02
4.400000000000000000e+03 1.577744766913504071e+00 3.845588005285285882e-02 6.471758880555539273e-03 -5.244593576749460861e-02
4.401000000000000000e+03 1.575374622378301170e+00 3.838829841499402651e-02 6.467656298807997889e-03 -5.235958553572909319e-02
4.402000000000000000e+03 1.573001565214495523e+00 3.832065327176445435e-02 6.463556252146825630e-03 -5.227315304716776551e-02
4.403000000000000000e+03 1.570641441890820778e+00 3.825311991729354183e-02 6.459458548866156904e-03 -5.218669332648226411e-02
4.404000000000000000e+03 1.568287796404722378e+00 3.818557618686274635e-02 6.455362998933360588e-03 -5.210011249815291179e-02
4.405000000000000000e+03 1.565949001506225624e+00 3.811812244700202301e-02 6.451269415770664352e-03 -5.201346498848698208e-02
4.406000000000000000e+03 1.563618534997713638e+00 3.805063590050998534e-02 6.447177617903296354e-03 -5.192687930946127822e-02
4.407000000000000000e+03 1.561297254810451562e+00 3.798321629373061642e-02 6.443087430626819045e-03 -5.184033527366443267e-02
4.408000000000000000e+03 1.558993389449033540e+00 3.791581450555506216e-02 6.438998687622792504e-03 -5.175381262444877367e-02
4.409000000000000000e+03 1.556700243894108882e+00 3.784845540467823150e-02 6.434911232447325033e-03 -5.166729109583598212e-02
4.410000000000000000e+03 1.554425904551474780e+00 3.778116357300397021e-02 6.430824919943790331e-03 -5.158082475176153231e-02
4.411000000000000000e+03 1.552163518075464932e+00 3.771396331256494233e-02 6.426739617625285873e-03 -5.149446775394603271e-02
4.412000000000000000e+03 1.549913569394078650e+00 3.764673008558044875e-02 6.422655206858857505e-03 -5.140812584084778619e-02
4.413000000000000000e+03 1.547683875502406936e+00 3.757956193901854786e-02 6.418571583938406828e-03 -5.132192778527043531e-02
4.414000000000000000e+03 1.545474723435041442e+00 3.751248237757848214e-02 6.414488661032261355e-03 -5.123585401053478566e-02
4.415000000000000000e+03 1.543278865870962857e+00 3.744536608707906000e-02 6.410406366999322862e-03 -5.114981090078463827e-02
4.416000000000000000e+03 1.541096374416124126e+00 3.737838464226322932e-02 6.406324648019258612e-03 -5.106392795450304112e-02
4.417000000000000000e+03 1.538942065547348470e+00 3.731141224536044243e-02 6.402243468098247833e-03 -5.097818637894552252e-02
4.418000000000000000e+03 1.536793500793161460e+00 3.724447143352439121e-02 6.398162809349513397e-03 -5.089256766112075503e-02
4.419000000000000000e+03 1.534672698273115587e+00 3.717758451796116664e-02 6.394082672164231110e-03 -5.080705356376032100e-02
4.420000000000000000e+03 1.532559964584102152e+00 3.711069930627765995e-02 6.390003075200639121e-03 -5.072162611312985847e-02
4.421000000000000000e+03 1.530467437274910969e+00 3.704391195863428188e-02 6.385924055112017668e-03 -5.063641614554905551e-02
4.422000000000000000e+03 1.528390803422999600e+00 3.697716985887548879e-02 6.381845666280241622e-03 -5.055133186145888829e-02
4.423000000000000000e+03 1.526330102891218177e+00 3.691049447002175271e-02 6.377767980185815658e-03 -5.046635592286471961e-02
4.424000000000000000e+03 1.524283790514808778e+00 3.684383277170357601e-02 6.373691084800793029e-03 -5.038161969252221567e-02
4.425000000000000000e+03 1.522251713257411154e+00 3.677728011493675009e-02 6.369615083616374587e-03 -5.029695748111218112e-02
4.426000000000000000e+03 1.520232145585707517e+00 3.671070880829674365e-02 6.365540094723412534e-03 -5.021242647291759148e-02
4.427000000000000000e+03 1.518224768363362953e+00 3.664421382236886238e-02 6.361466249616425268e-03 -5.012808380962575222e-02
4.428000000000000000e+03 1.516227705837023709e+00 3.657774137523252256e-02 6.357393691920508981e-03 -5.004391223520499032e-02
4.429000000000000000e+03 1.514241248834913733e+00 3.651131178557853740e-02 6.353322576011076299e-03 -4.995989430193238656e-02
4.430000000000000000e+03 1.512262664561146552e+00 3.644494519146301154e-02 6.349253065509499749e-03 -4.987601228812645060e-02
4.431000000000000000e+03 1.510292149444418142e+00 3.637858726878115401e-02 6.345185331611160121e-03 -4.979224811145537000e-02
4.432000000000000000e+03 1.508327639896738681e+00 3.631233208325586326e-02 6.341119551494213240e-03 -4.970865752225730322e-02
4.433000000000000000e+03 1.506367794597122556e+00 3.624612495770897919e-02 6.337055906543322473e-03 -4.962522144352318060e-02
4.434000000000000000e+03 1.504412005672739472e+00 3.617998532352967311e-02 6.332994580564842504e-03 -4.954192015926581205e-02
4.435000000000000000e+03 1.502458924346422142e+00 3.611385815433276053e-02 6.328935757988463605e-03 -4.945873321836034148e-02
4.436000000000000000e+03 1.500506472283892112e+00 3.604783681698979503e-02 6.324879621972863235e-03 -4.937571362131901176e-02
4.437000000000000000e+03 1.498554081371889612e+00 3.598179165427888015e-02 6.320826352661107657e-03 -4.929283915714306047e-02
4.438000000000000000e+03 1.496600476306092720e+00 3.591588996951679269e-02 6.316776125343974424e-03 -4.921001230843632945e-02
4.439000000000000000e+03 1.494643685400663946e+00 3.585007604200708686e-02 6.312729108666488564e-03 -4.912735729270008983e-02
4.440000000000000000e+03 1.492683279517960759e+00 3.578429397733742107e-02 6.308685462970907779e-03 -4.904469998796898156e-02
4.441000000000000000e+03 1.490718153504871468e+00 3.571856199070122528e-02 6.304645338621807892e-03 -4.896216211485643344e-02
4.442000000000000000e+03 1.488747278391794104e+00 3.565289812317633950e-02 6.300608874436035810e-03 -4.887964117050632579e-02
4.443000000000000000e+03 1.486768967255821972e+00 3.558732024144649342e-02 6.296576196281822302e-03 -4.879718176978764532e-02
4.444000000000000000e+03 1.484782368838680311e+00 3.552184603767001569e-02 6.292547415709399093e-03 -4.871475272444713428e-02
4.445000000000000000e+03 1.482788217504741768e+00 3.545641874593644799e-02 6.288522628709746105e-03 -4.863224697926511048e-02
4.446000000000000000e+03 1.480783639623108217e+00 3.539112999273269500e-02 6.284501914741505262e-03 -4.854970440591030445e-02
4.447000000000000000e+03 1.478770330024688606e+00 3.532584837974588748e-02 6.280485335713365674e-03 -4.846708890331231229e-02
4.448000000000000000e+03 1.476746385080306645e+00 3.526073946876810000e-02 6.276472935261919080e-03 -4.838436264015562316e-02
4.449000000000000000e+03 1.474711505757814622e+00 3.519567151431980678e-02 6.272464738155498695e-03 -4.830148602237601535e-02
4.450000000000000000e+03 1.472666256914487271e+00 3.513073544907389240e-02 6.268460749881902237e-03 -4.821841766926935474e-02
4.451000000000000000e+03 1.470610623856793975e+00 3.506587195424308578e-02 6.264460956385949075e-03 -4.813512383801622080e-02
4.452000000000000000e+03 1.468543393037436084e+00 3.500116405513188644e-02 6.260465324040147793e-03 -4.805168101951841353e-02
4.453000000000000000e+03 1.466467227037364207e+00 3.493647024546097518e-02 6.256473799696554879e-03 -4.796809905656956863e-02
4.454000000000000000e+03 1.464380449822754171e+00 3.487194598728980688e-02 6.252486311070683776e-03 -4.788431171696956590e-02
4.455000000000000000e+03 1.462285214484966511e+00 3.480744944564489324e-02 6.248502767125594347e-03 -4.780039956530384576e-02
4.456000000000000000e+03 1.460181556042507101e+00 3.474306147590823513e-02 6.244523058780576848e-03 -4.771636714275172275e-02
4.457000000000000000e+03 1.458070357229731773e+00 3.467871420961785717e-02 6.240547059724270602e-03 -4.763221728926236159e-02
4.458000000000000000e+03 1.455951856288923096e+00 3.461448819224829249e-02 6.236574627326443333e-03 -4.754802547397783685e-02
4.459000000000000000e+03 1.453828610843006075e+00 3.455031525315645918e-02 6.232605603904416494e-03 -4.746364271584915112e-02
4.460000000000000000e+03 1.451699546884169800e+00 3.448620136071201686e-02 6.228639817849273771e-03 -4.737921562998129860e-02
4.461000000000000000e+03 1.449568120837950946e+00 3.442215234354930459e-02 6.224677085130052821e-03 -4.729459222820493747e-02
4.462000000000000000e+03 1.447433395713133120e+00 3.435817389583518261e-02 6.220717210778107381e-03 -4.720999054515707255e-02
4.463000000000000000e+03 1.445297459001242180e+00 3.429427158288075872e-02 6.216759990483766707e-03 -4.712518159972580584e-02
4.464000000000000000e+03 1.443161697524628417e+00 3.423037656345735008e-02 6.212805212419705153e-03 -4.704030659832970224e-02
4.465000000000000000e+03 1.441027528866595686e+00 3.416649416318259108e-02 6.208852658898954442e-03 -4.695528275523726258e-02
4.466000000000000000e+03 1.438895646808252549e+00 3.410270388099134048e-02 6.204902108297395344e-03 -4.687017480175684203e-02
4.467000000000000000e+03 1.436768980722436195e+00 3.403901082893028007e-02 6.200953336967667678e-03 -4.678497222964313196e-02
4.468000000000000000e+03 1.434647483674292179e+00 3.397527145580721969e-02 6.197006121076265028e-03 -4.669958938620136918e-02
4.469000000000000000e+03 1.432532577378928362e+00 3.391171353893672469e-02 6.193060238586452909e-03 -4.661416270423400510e-02
4.470000000000000000e+03 1.430426397425960117e+00 3.384811907315152940e-02 6.189115471117050994e-03 -4.652853081290962006e-02
4.471000000000000000e+03 1.428329553055847967e+00 3.378456711345429603e-02 6.185171605835319136e-03 -4.644282890010717479e-02
4.472000000000000000e+03 1.426243344276689085e+00 3.372113664876071754e-02 6.181228437316247867e-03 -4.635696882022884852e-02
4.473000000000000000e+03 1.424169750910402987e+00 3.365768375934095197e-02 6.177285769225628748e-03 -4.627093631757077385e-02
4.474000000000000000e+03 1.422107708000480253e+00 3.359428732567654174e-02 6.173343416104738746e-03 -4.618479111217267674e-02
4.475000000000000000e+03 1.420059781542869271e+00 3.353095190251273450e-02 6.169401204853876622e-03 -4.609844413065505159e-02
4.476000000000000000e+03 1.418026959580883428e+00 3.346768201024583750e-02 6.165458976286172961e-03 -4.601195471656018693e-02
4.477000000000000000e+03 1.416008643953684754e+00 3.340448214290440976e-02 6.161516586419136902e-03 -4.592530785035415369e-02
4.478000000000000000e+03 1.414006357105854983e+00 3.334128249244457803e-02 6.157573907738567859e-03 -4.583848849701635531e-02
4.479000000000000000e+03 1.412020764337343914e+00 3.327816180708043081e-02 6.153630830200547408e-03 -4.575148166318812604e-02
4.480000000000000000e+03 1.410051668409280312e+00 3.321505026483866779e-02 6.149687262180873401e-03 -4.566427244701629085e-02
4.481000000000000000e+03 1.408100233722108907e+00 3.315202661507589410e-02 6.145743131179259681e-03 -4.557692036355216747e-02
4.482000000000000000e+03 1.406165268923172507e+00 3.308902105175260538e-02 6.141798384370771718e-03 -4.548941081147540866e-02
4.483000000000000000e+03 1.404248424674711559e+00 3.302611235446826360e-02 6.137852989031329122e-03 -4.540165509856104731e-02
4.484000000000000000e+03 1.402348992893678759e+00 3.296323076138685942e-02 6.133906932642274774e-03 -4.531378759246912358e-02
4.485000000000000000e+03 1.400466878348988198e+00 3.290045510971581488e-02 6.129960223020865066e-03 -4.522572002781868189e-02
4.486000000000000000e+03 1.398600371585690505e+00 3.283778999165461870e-02 6.126012888012406787e-03 -4.513751292315597297e-02
4.487000000000000000e+03 1.396750608525127113e+00 3.277509147685501306e-02 6.122064975203712033e-03 -4.504907843785053295e-02
4.488000000000000000e+03 1.394916374348807331e+00 3.271258710274401599e-02 6.118116551326351592e-03 -4.496055177197395836e-02
4.489000000000000000e+03 1.393096336839380944e+00 3.265013304488807722e-02 6.114167701590626954e-03 -4.487184543956499599e-02
4.490000000000000000e+03 1.391290537950673034e+00 3.258773410670403464e-02 6.110218528738906550e-03 -4.478302065244443159e-02
4.491000000000000000e+03 1.389497429379224824e+00 3.252539515728875008e-02 6.106269151978575664e-03 -4.469406442863285700e-02
4.492000000000000000e+03 1.387716108930889591e+00 3.246319541940011905e-02 6.102319705810649655e-03 -4.460496382781094921e-02
4.493000000000000000e+03 1.385944843591102371e+00 3.240113990665251936e-02 6.098370338678267381e-03 -4.451570589666493244e-02
4.494000000000000000e+03 1.384183307570972188e+00 3.233915942745526489e-02 6.094421211442403556e-03 -4.442642617555396523e-02
4.495000000000000000e+03 1.382430364056430605e+00 3.227733343910801217e-02 6.090472495790984209e-03 -4.433711149880360108e-02
4.496000000000000000e+03 1.380683333248309941e+00 3.221566720058764710e-02 6.086524372550508946e-03 -4.424767420818693370e-02
4.497000000000000000e+03 1.378943203604342083e+00 3.215416605905728475e-02 6.082577029918505643e-03 -4.415817492958663132e-02
4.498000000000000000e+03 1.377205729633089293e+00 3.209276116914082377e-02 6.078630661589957962e-03 -4.406867392921591520e-02
4.499000000000000000e+03 1.375471843708502062e+00 3.203160662946900189e-02 6.074685464822326270e-03 -4.397915675122518464e-02
4.500000000000000000e+03 1.373738754372726634e+00 3.197063378387805799e-02 6.070741638547854507e-03 -4.388960842111917782e-02
4.501000000000000000e+03 1.372005933806672129e+00 3.190984524406101364e-02 6.066799381381320078e-03 -4.380015948358170069e-02
4.502000000000000000e+03 1.370270770345336953e+00 3.184923126754425626e-02 6.062858889675988225e-03 -4.371063287586587909e-02
4.503000000000000000e+03 1.368532940582494417e+00 3.178877909975300065e-02 6.058920355562438624e-03 -4.362114546247947838e-02
4.504000000000000000e+03 1.366790674799001959e+00 3.172847608890075333e-02 6.054983965128383355e-03 -4.353173898977608786e-02
4.505000000000000000e+03 1.365042997087823951e+00 3.166838397099516755e-02 6.051049896459405157e-03 -4.344230572852984112e-02
4.506000000000000000e+03 1.363288993667113091e+00 3.160849030398668602e-02 6.047118317979776822e-03 -4.335288553834183711e-02
4.507000000000000000e+03 1.361527823453235753e+00 3.154863418547126930e-02 6.043189386738013168e-03 -4.326351723525049403e-02
4.508000000000000000e+03 1.359757985126148094e+00 3.148902623834925335e-02 6.039263246784906322e-03 -4.317408996479006611e-02
4.509000000000000000e+03 1.357978811935177443e+00 3.142950577678565310e-02 6.035340027781843815e-03 -4.308478884899930722e-02
4.510000000000000000e+03 1.356189737150604202e+00 3.137013507521682620e-02 6.031419843695715391e-03 -4.299550067107252294e-02
4.511000000000000000e+03 1.354390301423577636e+00 3.131090223539467754e-02 6.027502791561626695e-03 -4.290618525265069844e-02
4.512000000000000000e+03 1.352579416316246563e+00 3.125179547085099596e-02 6.023588950498613703e-03 -4.281694970479686668e-02
4.513000000000000000e+03 1.350756855282166047e+00 3.119287739140613053e-02 6.019678380860381955e-03 -4.272775126953402142e-02
4.514000000000000000e+03 1.348922515037505487e+00 3.113398787019758598e-02 6.015771123564548836e-03 -4.263854587088632131e-02
4.515000000000000000e+03 1.347075675787398730e+00 3.107526402926175449e-02 6.011867199616224323e-03 -4.254936239120576946e-02
4.516000000000000000e+03 1.345216488784558573e+00 3.101669453971630033e-02 6.007966609751605978e-03 -4.246022838921677950e-02
4.517000000000000000e+03 1.343345234190148174e+00 3.095819390643054364e-02 6.004069334356497249e-03 -4.237109582726119456e-02
4.518000000000000000e+03 1.341462320570585787e+00 3.089982531985042274e-02 6.000175333504113168e-03 -4.228191537456593707e-02
4.519000000000000000e+03 1.339566797527681485e+00 3.084150352326166938e-02 5.996284547309745430e-03 -4.219278500302421631e-02
4.520000000000000000e+03 1.337660809828064679e+00 3.078336623185728982e-02 5.992396896272393636e-03 -4.210365289070203826e-02
4.521000000000000000e+03 1.335743650685395911e+00 3.072525414972171118e-02 5.988512281939178256e-03 -4.201446603504132432e-02
4.522000000000000000e+03 1.333816956448325541e+00 3.066730523945356002e-02 5.984630587740695853e-03 -4.192524459096944739e-02
4.523000000000000000e+03 1.331880243359143234e+00 3.060943473934919432e-02 5.980751679973416411e-03 -4.183608193331202901e-02
4.524000000000000000e+03 1.329936100150601375e+00 3.055170658274771606e-02 5.976875408906754360e-03 -4.174684759265829409e-02
4.525000000000000000e+03 1.327984980000643578e+00 3.049403626585419497e-02 5.973001610111402723e-03 -4.165763303328740008e-02
4.526000000000000000e+03 1.326028162795343412e+00 3.043656226720140717e-02 5.969130105881334525e-03 -4.156838031882324758e-02
4.527000000000000000e+03 1.324066259587476369e+00 3.037912606515902683e-02 5.965260706780903775e-03 -4.147910505166475803e-02
4.528000000000000000e+03 1.322100687690688225e+00 3.032186640797899374e-02 5.961393213342163107e-03 -4.138974789977627883e-02
4.529000000000000000e+03 1.320132916660988975e+00 3.026469933140605098e-02 5.957527417816670806e-03 -4.130047182889048235e-02
4.530000000000000000e+03 1.318164456607871182e+00 3.020761529482440810e-02 5.953663106023419742e-03 -4.121106793589716932e-02
4.531000000000000000e+03 1.316196103271938700e+00 3.015067918342536832e-02 5.949800059256015773e-03 -4.112162410458491957e-02
4.532000000000000000e+03 1.314229411319976393e+00 3.009380745983210315e-02 5.945938056276295694e-03 -4.103215369387221839e-02
4.533000000000000000e+03 1.312265938960441636e+00 3.003706530035865629e-02 5.942076875221397221e-03 -4.094266992815140394e-02
4.534000000000000000e+03 1.310306492499867304e+00 2.998044374656947189e-02 5.938216295675078672e-03 -4.085318600403885225e-02
4.535000000000000000e+03 1.308353342296018740e+00 2.992400827448070053e-02 5.934356100584853820e-03 -4.076364091265823747e-02
4.536000000000000000e+03 1.306407239037460144e+00 2.986760166256207522e-02 5.930496078282576113e-03 -4.067404811088903838e-02
4.537000000000000000e+03 1.304469630153900939e+00 2.981143826183098658e-02 5.926636024342239045e-03 -4.058449562278833300e-02
4.538000000000000000e+03 1.302541905283325585e+00 2.975528687926083313e-02 5.922775743447396442e-03 -4.049492328730722873e-02
4.539000000000000000e+03 1.300625385077791130e+00 2.969936218167714206e-02 5.918915051170240207e-03 -4.040527141908964448e-02
4.540000000000000000e+03 1.298720567781955548e+00 2.964350757905609771e-02 5.915053775593941479e-03 -4.031570374787128708e-02
4.541000000000000000e+03 1.296828605020853509e+00 2.958786377770276921e-02 5.911191758904262884e-03 -4.022616180076080822e-02
4.542000000000000000e+03 1.294950549878528978e+00 2.953234879734651167e-02 5.907328858773024799e-03 -4.013666211301199216e-02
4.543000000000000000e+03 1.293087348690548311e+00 2.947695510651284628e-02 5.903464949751521113e-03 -4.004722201449379543e-02
4.544000000000000000e+03 1.291239833791570479e+00 2.942174962396985546e-02 5.899599924281932403e-03 -3.995785969209716265e-02
4.545000000000000000e+03 1.289407231614796201e+00 2.936672515285577642e-02 5.895733693747898761e-03 -3.986866852765964808e-02
4.546000000000000000e+03 1.287591614550287034e+00 2.931180038178819031e-02 5.891866189232233125e-03 -3.977952001011517830e-02
4.547000000000000000e+03 1.285791954240169011e+00 2.925711701976203838e-02 5.887997362185458557e-03 -3.969050947405973473e-02
4.548000000000000000e+03 1.284009318562755242e+00 2.920259409597645087e-02 5.884127184812616013e-03 -3.960173327773323926e-02
4.549000000000000000e+03 1.282243155787272659e+00 2.914829937795933995e-02 5.880255650360661189e-03 -3.951314025570162869e-02
4.550000000000000000e+03 1.280494265449427793e+00 2.909415223810459319e-02 5.876382773153793898e-03 -3.942475457973546038e-02
4.551000000000000000e+03 1.278761826970773452e+00 2.904021896052752516e-02 5.872508588467122495e-03 -3.933666647145896145e-02
4.552000000000000000e+03 1.277045627752818158e+00 2.898648440821887523e-02 5.868633152219780887e-03 -3.924885576133926857e-02
4.553000000000000000e+03 1.275344583004096810e+00 2.893293178930153239e-02 5.864756540412511231e-03 -3.916129402221710243e-02
4.554000000000000000e+03 1.273659712161061108e+00 2.887961876798473063e-02 5.860878848513336771e-03 -3.907395383332624289e-02
4.555000000000000000e+03 1.271988944454615300e+00 2.882645461404879580e-02 5.857000190489785631e-03 -3.898680874730293955e-02
4.556000000000000000e+03 1.270332325236411597e+00 2.877349733658910585e-02 5.853120697833228553e-03 -3.889990753282129843e-02
4.557000000000000000e+03 1.268687566458468474e+00 2.872073083321070516e-02 5.849240518353161951e-03 -3.881315127622116806e-02
4.558000000000000000e+03 1.267055254949198018e+00 2.866813917314182253e-02 5.845359814840745717e-03 -3.872666474425041222e-02
4.559000000000000000e+03 1.265433661862502612e+00 2.861578088033276193e-02 5.841478763529789515e-03 -3.864027633886255031e-02
4.560000000000000000e+03 1.263821724090374632e+00 2.856356608232180419e-02 5.837597552590921730e-03 -3.855411229912326931e-02
4.561000000000000000e+03 1.262217569351348656e+00 2.851147936024420529e-02 5.833716380344307340e-03 -3.846815092939651071e-02
4.562000000000000000e+03 1.260620756041150425e+00 2.845965403168387517e-02 5.829835453489207349e-03 -3.838237109181193846e-02
4.563000000000000000e+03 1.259029313721886423e+00 2.840792644898597688e-02 5.825954985237471843e-03 -3.829667784504423023e-02
4.564000000000000000e+03 1.257441983831093957e+00 2.835643026657446580e-02 5.822075193400539847e-03 -3.821127378186056633e-02
4.565000000000000000e+03 1.255857489313924269e+00 2.830507645575700351e-02 5.818196298400904118e-03 -3.812599039637034476e-02
4.566000000000000000e+03 1.254273804404506532e+00 2.825385043803751300e-02 5.814318521260978569e-03 -3.804088227011151457e-02
4.567000000000000000e+03 1.252691138615749322e+00 2.820281208432789954e-02 5.810442081697069112e-03 -3.795592985667062963e-02
4.568000000000000000e+03 1.251106006626840239e+00 2.815194714730399547e-02 5.806567196066680578e-03 -3.787118796833895823e-02
4.569000000000000000e+03 1.249518669004029192e+00 2.810124154416406353e-02 5.802694075481916458e-03 -3.778663713087997145e-02
4.570000000000000000e+03 1.247927201580674827e+00 2.805068135597656859e-02 5.798822923887757448e-03 -3.770225779172819980e-02
4.571000000000000000e+03 1.246331221272666934e+00 2.800032711049690176e-02 5.794953936265648600e-03 -3.761810453181953229e-02
4.572000000000000000e+03 1.244728183016942324e+00 2.795009093099137809e-02 5.791087296919140634e-03 -3.753408314779795030e-02
4.573000000000000000e+03 1.243117847267573239e+00 2.790003366961885459e-02 5.787223177847784436e-03 -3.745032200752097112e-02
4.574000000000000000e+03 1.241498575583695141e+00 2.785006777282208329e-02 5.783361737218203034e-03 -3.736680057621170892e-02
4.575000000000000000e+03 1.239871053755593699e+00 2.780032869822753744e-02 5.779503117998460900e-03 -3.728349793364463260e-02
4.576000000000000000e+03 1.238232357182698307e+00 2.775072921297911874e-02 5.775647446779336690e-03 -3.720039273128360885e-02
4.577000000000000000e+03 1.236583386316110422e+00 2.770125652725260665e-02 5.771794832603189748e-03 -3.711753744029665930e-02
4.578000000000000000e+03 1.234922930040855737e+00 2.765197229358681147e-02 5.767945366119893967e-03 -3.703483547347417165e-02
4.579000000000000000e+03 1.233250641994346752e+00 2.760278975576272928e-02 5.764099118858430001e-03 -3.695241258335143358e-02
4.580000000000000000e+03 1.231565558746262168e+00 2.755384516569852477e-02 5.760256142643276588e-03 -3.687024543365544083e-02
4.581000000000000000e+03 1.229868330991056968e+00 2.750497779827162925e-02 5.756416469218123867e-03 -3.678831016392807712e-02
4.582000000000000000e+03 1.228158253709686676e+00 2.745624993507255612e-02 5.752580110108097312e-03 -3.670658239580284338e-02
4.583000000000000000e+03 1.226436237813504304e+00 2.740764972967111093e-02 5.748747056574026945e-03 -3.662511153139279274e-02
4.584000000000000000e+03 1.224701837909276669e+00 2.735923977370475352e-02 5.744917279873541435e-03 -3.654387220991832386e-02
4.585000000000000000e+03 1.222955478719890854e+00 2.731093424549761381e-02 5.741090731582810733e-03 -3.646291290652669409e-02
4.586000000000000000e+03 1.221198451831481124e+00 2.726279604298192938e-02 5.737267344211257475e-03 -3.638228168902112036e-02
4.587000000000000000e+03 1.219431425634153632e+00 2.721481393205126345e-02 5.733447031934995469e-03 -3.630187769875879017e-02
4.588000000000000000e+03 1.217654439837343450e+00 2.716697682875428982e-02 5.729629691531326965e-03 -3.622189690708486898e-02
4.589000000000000000e+03 1.215869127447773312e+00 2.711927379790847817e-02 5.725815203416086477e-03 -3.614216362620820133e-02
4.590000000000000000e+03 1.214076478755946820e+00 2.707169405143012436e-02 5.722003432951148702e-03 -3.606272484600063499e-02
4.591000000000000000e+03 1.212277575752073178e+00 2.702430123011807447e-02 5.718194231776379567e-03 -3.598370174158072032e-02
4.592000000000000000e+03 1.210472840040092146e+00 2.697701055121897590e-02 5.714387439286114888e-03 -3.590499261910179429e-02
4.593000000000000000e+03 1.208664251346716512e+00 2.692988594023125112e-02 5.710582884309113420e-03 -3.582664441745730260e-02
4.594000000000000000e+03 1.206852365533067406e+00 2.688291717810393014e-02 5.706780386764987931e-03 -3.574862994565379537e-02
4.595000000000000000e+03 1.205039274733442189e+00 2.683609418213218564e-02 5.702979759506262084e-03 -3.567107082411925811e-02
4.596000000000000000e+03 1.203225624365290347e+00 2.678933271969834856e-02 5.699180810152281070e-03 -3.559379187655944965e-02
4.597000000000000000e+03 1.201412829643222269e+00 2.674277153928646122e-02 5.695383342996234756e-03 -3.551698977561083131e-02
4.598000000000000000e+03 1.199602320523831311e+00 2.669632666620474354e-02 5.691587160967714540e-03 -3.544056458569627005e-02
4.599000000000000000e+03 1.197796272203286216e+00 2.665006281663385643e-02 5.687792067592049687e-03 -3.536456555814233849e-02
4.600000000000000000e+03 1.195995364272922634e+00 2.660389625997227475e-02 5.683997868895530707e-03 -3.528896837326499919e-02
4.601000000000000000e+03 1.194200971048282378e+00 2.655781820019483333e-02 5.680204375336954555e-03 -3.521381675759745200e-02
4.602000000000000000e+03 1.192415071722485065e+00 2.651197065950423870e-02 5.676411403721220647e-03 -3.513912716697196320e-02
4.603000000000000000e+03 1.190638830868405273e+00 2.646619916871000358e-02 5.672618778990602857e-03 -3.506483570758995444e-02
4.604000000000000000e+03 1.188871870322298685e+00 2.642057221245472029e-02 5.668826335969703520e-03 -3.499095382244105795e-02
4.605000000000000000e+03 1.187116715510119658e+00 2.637515837401168892e-02 5.665033921002742695e-03 -3.491749408155703921e-02
4.606000000000000000e+03 1.185374328395284005e+00 2.632980347987293190e-02 5.661241393527372164e-03 -3.484432168296505011e-02
4.607000000000000000e+03 1.183644841006163961e+00 2.628465057929304724e-02 5.657448627450390941e-03 -3.477145164789043758e-02
4.608000000000000000e+03 1.181929775451668663e+00 2.623954567103207666e-02 5.653655512515266823e-03 -3.469897459154468178e-02
4.609000000000000000e+03 1.180229064987885934e+00 2.619470624976443299e-02 5.649861955293911629e-03 -3.462675963555985476e-02
4.610000000000000000e+03 1.178543275893982667e+00 2.614997846558452313e-02 5.646067880302786668e-03 -3.455482586404847595e-02
4.611000000000000000e+03 1.176874344702163677e+00 2.610535710318142091e-02 5.642273230749184250e-03 -3.448319378674970237e-02
4.612000000000000000e+03 1.175221116656733678e+00 2.606091129290808925e-02 5.638477969178995984e-03 -3.441181107696083402e-02
4.613000000000000000e+03 1.173583799307152287e+00 2.601663593834009983e-02 5.634682077929840764e-03 -3.434070115123569883e-02
4.614000000000000000e+03 1.171963960235228752e+00 2.597252599435644072e-02 5.630885559423559963e-03 -3.426988888961475521e-02
4.615000000000000000e+03 1.170360811769880049e+00 2.592850217829878109e-02 5.627088436238119988e-03 -3.419932634680481615e-02
4.616000000000000000e+03 1.168774925223114991e+00 2.588470809872035761e-02 5.623290751003095188e-03 -3.412896702162784845e-02
4.617000000000000000e+03 1.167204517944701481e+00 2.584106454918121479e-02 5.619492566145954139e-03 -3.405891440110415946e-02
4.618000000000000000e+03 1.165650655552261661e+00 2.579756663728715455e-02 5.615693963386330506e-03 -3.398912479505714068e-02
4.619000000000000000e+03 1.164112798437002771e+00 2.575420949631288675e-02 5.611895043127188010e-03 -3.391963014698177320e-02
4.620000000000000000e+03 1.162589549211710427e+00 2.571106256408596524e-02 5.608095923612843765e-03 -3.385031513607152792e-02
4.621000000000000000e+03 1.161080144045978368e+00 2.566804672807636994e-02 5.604296739938271175e-03 -3.378128853989006974e-02
4.622000000000000000e+03 1.159584459328994122e+00 2.562515717171435364e-02 5.600497642950108372e-03 -3.371251175516078863e-02
4.623000000000000000e+03 1.158101533597950983e+00 2.558246337048548577e-02 5.596698797979373328e-03 -3.364402158032343132e-02
4.624000000000000000e+03 1.156629575998226356e+00 2.553996052146794912e-02 5.592900383309098479e-03 -3.357578157478817438e-02
4.625000000000000000e+03 1.155167461198207013e+00 2.549749525636475778e-02 5.589102588835022714e-03 -3.350790483099840011e-02
4.626000000000000000e+03 1.153715482164605399e+00 2.545528562326975983e-02 5.585305614249956932e-03 -3.344020819052465066e-02
4.627000000000000000e+03 1.152270903696543503e+00 2.541317824893006561e-02 5.581509667446217342e-03 -3.337288070939840173e-02
4.628000000000000000e+03 1.150833173320092717e+00 2.537124260458006528e-02 5.577714962672909380e-03 -3.330574073423567261e-02
4.629000000000000000e+03 1.149400961399601462e+00 2.532939958655969215e-02 5.573921718691123017e-03 -3.323897864655568635e-02
4.630000000000000000e+03 1.147972915719816411e+00 2.528779293233408484e-02 5.570130156877795870e-03 -3.317256250310968158e-02
4.631000000000000000e+03 1.146548416255422698e+00 2.524626923486118085e-02 5.566340499306704839e-03 -3.310638651112454700e-02
4.632000000000000000e+03 1.145124615841548898e+00 2.520489792632952045e-02 5.562552966855403153e-03 -3.304056807122897343e-02
4.633000000000000000e+03 1.143702394830270697e+00 2.516367414373864644e-02 5.558767777311511213e-03 -3.297507627049890699e-02
4.634000000000000000e+03 1.142278201737309651e+00 2.512251872884524104e-02 5.554985143512218733e-03 -3.290995464582762570e-02
4.635000000000000000e+03 1.140852236005602149e+00 2.508157536252388423e-02 5.551205271459089610e-03 -3.284517253284455901e-02
4.636000000000000000e+03 1.139423259379251263e+00 2.504076486426822998e-02 5.547428358657993143e-03 -3.278077355303189028e-02
4.637000000000000000e+03 1.137990092330655401e+00 2.500000804360698672e-02 5.543654592428851058e-03 -3.271665268773617935e-02
4.638000000000000000e+03 1.136550881422613291e+00 2.495937426834415884e-02 5.539884148281219028e-03 -3.265300190913854317e-02
4.639000000000000000e+03 1.135106080192985090e+00 2.491885861537693550e-02 5.536117188535780859e-03 -3.258964156456142791e-02
4.640000000000000000e+03 1.133654000950545138e+00 2.487853043939078010e-02 5.532353860919157415e-03 -3.252676315382260069e-02
4.641000000000000000e+03 1.132193794102365203e+00 2.483823624058173821e-02 5.528594297451936736e-03 -3.246418644363126965e-02
4.642000000000000000e+03 1.130725455252246547e+00 2.479804536769159018e-02 5.524838613310755278e-03 -3.240202797583972144e-02
4.643000000000000000e+03 1.129248345675897935e+00 2.475795288598975005e-02 5.521086906006591501e-03 -3.234032961447096122e-02
4.644000000000000000e+03 1.127761940295211929e+00 2.471795386289926677e-02 5.517339254638580631e-03 -3.227898423478257894e-02
4.645000000000000000e+03 1.126266574600646164e+00 2.467804337010506138e-02 5.513595719367277159e-03 -3.221795855469322678e-02
4.646000000000000000e+03 1.124761219148029401e+00 2.463821648568280745e-02 5.509856341023612603e-03 -3.215744169096977634e-02
4.647000000000000000e+03 1.123245709954996618e+00 2.459839401267024939e-02 5.506121140872475249e-03 -3.209725088885500427e-02
4.648000000000000000e+03 1.121720749267775208e+00 2.455871961493891198e-02 5.502390120677365035e-03 -3.203750007958666018e-02
4.649000000000000000e+03 1.120186419529661359e+00 2.451911411799273174e-02 5.498663262828371034e-03 -3.197815419368095491e-02
4.650000000000000000e+03 1.118642924732919930e+00 2.447949836104910265e-02 5.494940530695387182e-03 -3.191917775022452830e-02
4.651000000000000000e+03 1.117091305910940857e+00 2.443994359378224776e-02 5.491221869131468307e-03 -3.186068358721177302e-02
4.652000000000000000e+03 1.115530391865968252e+00 2.440052839551811945e-02 5.487507205186820634e-03 -3.180248759821730636e-02
4.653000000000000000e+03 1.113962068578946418e+00 2.436103605678557188e-02 5.483796448975701218e-03 -3.174470264469915481e-02
4.654000000000000000e+03 1.112386841258812931e+00 2.432169558637334306e-02 5.480089494658466585e-03 -3.168729277253091309e-02
4.655000000000000000e+03 1.110804570544971392e+00 2.428236459282014439e-02 5.476386221556982584e-03 -3.163029611930761459e-02
4.656000000000000000e+03 1.109217436342534668e+00 2.424312355193854879e-02 5.472686495524460917e-03 -3.157360212607125682e-02
4.657000000000000000e+03 1.107624729672650243e+00 2.420397867194947969e-02 5.468990170316120544e-03 -3.151732302155865750e-02
4.658000000000000000e+03 1.106028786328407509e+00 2.416486189219464037e-02 5.465297089052110341e-03 -3.146134819188797782e-02
4.659000000000000000e+03 1.104430520206217681e+00 2.412585373175383380e-02 5.461607085877433904e-03 -3.140578995554285657e-02
4.660000000000000000e+03 1.102830155940907941e+00 2.408696043658740266e-02 5.457919987646972330e-03 -3.135053793858327137e-02
4.661000000000000000e+03 1.101229446765030762e+00 2.404803969322725707e-02 5.454235615625725730e-03 -3.129563057012788030e-02
4.662000000000000000e+03 1.099629435012700940e+00 2.400932060989008701e-02 5.450553787310612013e-03 -3.124103231052544408e-02
4.663000000000000000e+03 1.098031926557284210e+00 2.397058659406515330e-02 5.446874318231451594e-03 -3.118670801360033662e-02
4.664000000000000000e+03 1.096437250937232655e+00 2.393199246661582152e-02 5.443197023803179359e-03 -3.113277157143602356e-02
4.665000000000000000e+03 1.094846478461268813e+00 2.389347018891977564e-02 5.439521721071528988e-03 -3.107911457298269745e-02
4.666000000000000000e+03 1.093261408884874220e+00 2.385510027490749668e-02 5.435848230593888671e-03 -3.102577779530383759e-02
4.667000000000000000e+03 1.091683074596986769e+00 2.381674036772732372e-02 5.432176378153024017e-03 -3.097272842356914302e-02
4.668000000000000000e+03 1.090112472596005411e+00 2.377854521796905068e-02 5.428505996451597586e-03 -3.091993440097494036e-02
4.669000000000000000e+03 1.088550554014556804e+00 2.374037240894582429e-02 5.424836926725670749e-03 -3.086743877404955066e-02
4.670000000000000000e+03 1.086998956959282170e+00 2.370230233410566129e-02 5.421169020317195830e-03 -3.081521118211751759e-02
4.671000000000000000e+03 1.085458511416999006e+00 2.366441533913984235e-02 5.417502140078130773e-03 -3.076329647487648436e-02
4.672000000000000000e+03 1.083929973323260132e+00 2.362656886379863735e-02 5.413836161680013123e-03 -3.071151762227833371e-02
4.673000000000000000e+03 1.082414016532451617e+00 2.358884313494628154e-02 5.410170974834444674e-03 -3.066007001972774135e-02
4.674000000000000000e+03 1.080911968430932513e+00 2.355116974097319973e-02 5.406506484311525071e-03 -3.060885296614851425e-02
4.675000000000000000e+03 1.079423575083756415e+00 2.351362875755190832e-02 5.402842610864135031e-03 -3.055791538692431350e-02
4.676000000000000000e+03 1.077949967155070299e+00 2.347622588883918962e-02 5.399179291952476561e-03 -3.050715871374155147e-02
4.677000000000000000e+03 1.076491426959800934e+00 2.343889245912159427e-02 5.395516482383058351e-03 -3.045663402427761790e-02
4.678000000000000000e+03 1.075047385033587322e+00 2.340170825514032230e-02 5.391854154635351143e-03 -3.040639347258671313e-02
4.679000000000000000e+03 1.073619389085598508e+00 2.336453010038642628e-02 5.388192299172007461e-03 -3.035634171100844853e-02
4.680000000000000000e+03 1.072206645661167856e+00 2.332751183165027858e-02 5.384530924512337564e-03 -3.030645872137118640e-02
4.681000000000000000e+03 1.070809734058176366e+00 2.329058430687038286e-02 5.380870057056726802e-03 -3.025687407092810671e-02
4.682000000000000000e+03 1.069427635795883624e+00 2.325375253164805450e-02 5.377209740906319785e-03 -3.020749545924154497e-02
4.683000000000000000e+03 1.068060707818763388e+00 2.321702136877705838e-02 5.373550037353257147e-03 -3.015830580902877089e-02
4.684000000000000000e+03 1.066708456889463807e+00 2.318039553160801056e-02 5.369891024310338365e-03 -3.010928893191678821e-02
4.685000000000000000e+03 1.065369543489385284e+00 2.314380529447832360e-02 5.366232795509040011e-03 -3.006050375434142843e-02
4.686000000000000000e+03 1.064044758021581272e+00 2.310732933761515395e-02 5.362575459610831666e-03 -3.001193568660229932e-02
4.687000000000000000e+03 1.062733312411940023e+00 2.307097189167294643e-02 5.358919139137326842e-03 -2.996357083623614123e-02
4.688000000000000000e+03 1.061432846740133495e+00 2.303466273336970613e-02 5.355263969314986647e-03 -2.991539593288577298e-02
4.689000000000000000e+03 1.060144636506357596e+00 2.299848003243625330e-02 5.351610096674686186e-03 -2.986739824825456607e-02
4.690000000000000000e+03 1.058866915254189633e+00 2.296235321458227688e-02 5.347957677726873291e-03 -2.981963979579312432e-02
4.691000000000000000e+03 1.057598597522682704e+00 2.292628580984773512e-02 5.344306877439989646e-03 -2.977203439305199650e-02
4.692000000000000000e+03 1.056338545340728130e+00 2.289028116772483593e-02 5.340657867621121171e-03 -2.972457042272882294e-02
4.693000000000000000e+03 1.055086320855747939e+00 2.285434245652514726e-02 5.337010825294009886e-03 -2.967731074136172043e-02
4.694000000000000000e+03 1.053840710826514648e+00 2.281847266361510321e-02 5.333365930962591372e-03 -2.963024402034207874e-02
4.695000000000000000e+03 1.052600479894723051e+00 2.278267459639763196e-02 5.329723366919181422e-03 -2.958328465375348673e-02
4.696000000000000000e+03 1.051364381194758169e+00 2.274695088410212326e-02 5.326083315522448132e-03 -2.953649551761629299e-02
4.697000000000000000e+03 1.050131167037767987e+00 2.271122969700095640e-02 5.322445957369634391e-03 -2.948986502959086153e-02
4.698000000000000000e+03 1.048900342403252584e+00 2.267551331670790773e-02 5.318811469685290338e-03 -2.944338134506390564e-02
4.699000000000000000e+03 1.047669204128936382e+00 2.263987814045390762e-02 5.315180024524662761e-03 -2.939703227289125823e-02
4.700000000000000000e+03 1.046438793895654529e+00 2.260425183539215704e-02 5.311551787231132138e-03 -2.935087947849062545e-02
4.701000000000000000e+03 1.045205732142709065e+00 2.256871181134395207e-02 5.307926914764850811e-03 -2.930476658862089800e-02
4.702000000000000000e+03 1.043971127010634881e+00 2.253311780860471625e-02 5.304305554290012804e-03 -2.925878076578856610e-02
4.703000000000000000e+03 1.042733169705961194e+00 2.249755360668171181e-02 5.300687841750400392e-03 -2.921293956531385849e-02
4.704000000000000000e+03 1.041490862040914678e+00 2.246202856465420727e-02 5.297073900568638992e-03 -2.916725984565306240e-02
4.705000000000000000e+03 1.040243281418717247e+00 2.242655191254879984e-02 5.293463840466813321e-03 -2.912183200006936840e-02
4.706000000000000000e+03 1.038990330755280578e+00 2.239113275959897509e-02 5.289857756464840660e-03 -2.907652277831298746e-02
4.707000000000000000e+03 1.037732001934509762e+00 2.235570581942270679e-02 5.286255727927363472e-03 -2.903142095065941106e-02
4.708000000000000000e+03 1.036466895575422376e+00 2.232027998592295628e-02 5.282657817826227377e-03 -2.898654014493344186e-02
4.709000000000000000e+03 1.035194454074928272e+00 2.228493834234595780e-02 5.279064072167732706e-03 -2.894181882545504569e-02
4.710000000000000000e+03 1.033914222371211888e+00 2.224961532002515258e-02 5.275474519507114893e-03 -2.889741741434522296e-02
4.711000000000000000e+03 1.032627336243130189e+00 2.221431955812454978e-02 5.271889170664099261e-03 -2.885319830236615993e-02
4.712000000000000000e+03 1.031331324105656977e+00 2.217905962923690660e-02 5.268308018673483958e-03 -2.880924583703592737e-02
4.713000000000000000e+03 1.030028278834889566e+00 2.214384404849897153e-02 5.264731038748521677e-03 -2.876549491679546156e-02
4.714000000000000000e+03 1.028716686220287224e+00 2.210860699878256647e-02 5.261158188600690774e-03 -2.872202814446573466e-02
4.715000000000000000e+03 1.027398109123666803e+00 2.207350547330440976e-02 5.257589408693834863e-03 -2.867885300392318190e-02
4.716000000000000000e+03 1.026071242465154132e+00 2.203839929909125889e-02 5.254024622891505236e-03 -2.863590189438725356e-02
4.717000000000000000e+03 1.024737852619201472e+00 2.200329684567843905e-02 5.250463739070400718e-03 -2.859318073866535734e-02
4.718000000000000000e+03 1.023397573369691615e+00 2.196820646512870692e-02 5.246906649993589300e-03 -2.855069474715439884e-02
4.719000000000000000e+03 1.022050872178661418e+00 2.193321078198792393e-02 5.243353234274559030e-03 -2.850852275483626783e-02
4.720000000000000000e+03 1.020699787130350256e+00 2.189824384857075659e-02 5.239803357431547376e-03 -2.846652014574572315e-02
4.721000000000000000e+03 1.019343463269307470e+00 2.186331400039714587e-02 5.236256873181420295e-03 -2.842476461735584173e-02
4.722000000000000000e+03 1.017984087935103643e+00 2.182835529346569686e-02 5.232713624680938869e-03 -2.838325911360428319e-02
4.723000000000000000e+03 1.016621682949883754e+00 2.179352464154012819e-02 5.229173446014542294e-03 -2.834193189528553744e-02
4.724000000000000000e+03 1.015257067448133377e+00 2.175868183423154689e-02 5.225636163545912573e-03 -2.830085946323514234e-02
4.725000000000000000e+03 1.013891848905991822e+00 2.172390952287986399e-02 5.222101597638080343e-03 -2.825996949889118467e-02
4.726000000000000000e+03 1.012526185292131897e+00 2.168906752024581802e-02 5.218569564140916432e-03 -2.821933807350593057e-02
4.727000000000000000e+03 1.011161003945659775e+00 2.165438706813535910e-02 5.215039876044601751e-03 -2.817881830619136177e-02
4.728000000000000000e+03 1.009798734593463809e+00 2.161965371751299950e-02 5.211512345145986186e-03 -2.813848613952032313e-02
4.729000000000000000e+03 1.008438842425221083e+00 2.158502444476089951e-02 5.207986783661740920e-03 -2.809834327888873634e-02
4.730000000000000000e+03 1.007082275186639064e+00 2.155035909684532500e-02 5.204463005908625470e-03 -2.805831726343450266e-02
4.731000000000000000e+03 1.005731453353565952e+00 2.151574037166573833e-02 5.200940829880392954e-03 -2.801848438459735025e-02
4.732000000000000000e+03 1.004385803480433603e+00 2.148117667893256061e-02 5.197420078823753418e-03 -2.797877261642077451e-02
4.733000000000000000e+03 1.003047691513324846e+00 2.144667641771964145e-02 5.193900582716945435e-03 -2.793918452596917332e-02
4.734000000000000000e+03 1.001717213940033657e+00 2.141217368612795616e-02 5.190382179748249600e-03 -2.789964876130276647e-02
4.735000000000000000e+03 1.000394417735665620e+00 2.137775112435292765e-02 5.186864717550929496e-03 -2.786024295124025357e-02
4.736000000000000000e+03 9.990822636681382374e-01 2.134334277233394458e-02 5.183348054545007348e-03 -2.782089661464136679e-02
4.737000000000000000e+03 9.977791905115551696e-01 2.130895691140194739e-02 5.179832061057812985e-03 -2.778153976411413401e-02
4.738000000000000000e+03 9.964880222956041811e-01 2.127467605493868485e-02 5.176316620263588138e-03 -2.774232578611593794e-02
4.739000000000000000e+03 9.952070482417204600e-01 2.124043408791461210e-02 5.172801629140859510e-03 -2.770311147889252187e-02
4.740000000000000000e+03 9.939389315193957186e-01 2.120616482373174905e-02 5.169286999135421466e-03 -2.766390276831249412e-02
4.741000000000000000e+03 9.926825336240044928e-01 2.117202484416323693e-02 5.165772656810779274e-03 -2.762471357630499891e-02
4.742000000000000000e+03 9.914388534839378986e-01 2.113787350418087213e-02 5.162258544254795176e-03 -2.758551382169235205e-02
4.743000000000000000e+03 9.902080534412291968e-01 2.110379290569702401e-02 5.158744619399895787e-03 -2.754631112346596009e-02
4.744000000000000000e+03 9.889902003217759807e-01 2.106971646935376294e-02 5.155230856130256327e-03 -2.750706907248175528e-02
4.745000000000000000e+03 9.877852645966569423e-01 2.103572605796373216e-02 5.151717244255041642e-03 -2.746778891922064397e-02
4.746000000000000000e+03 9.865931204729773141e-01 2.100182911563543836e-02 5.148203789377476212e-03 -2.742845754379728829e-02
4.747000000000000000e+03 9.854135469081918286e-01 2.096788437434588676e-02 5.144690512518163700e-03 -2.738904741716391422e-02
4.748000000000000000e+03 9.842469723675676407e-01 2.093404754547471477e-02 5.141177449622119297e-03 -2.734956112554307386e-02
4.749000000000000000e+03 9.830915062922508385e-01 2.090025132630341995e-02 5.137664650971702010e-03 -2.730997932001826348e-02
4.750000000000000000e+03 9.819481426058530582e-01 2.086650252580153631e-02 5.134152180390328009e-03 -2.727032751355666987e-02
4.751000000000000000e+03 9.808155780496209397e-01 2.083280770048827682e-02 5.130640114392090098e-03 -2.723046560661089577e-02
4.752000000000000000e+03 9.796932298797709215e-01 2.079917292859118430e-02 5.127128541119863221e-03 -2.719060055164810447e-02
4.753000000000000000e+03 9.785804578696019052e-01 2.076560402356826193e-02 5.123617559212405997e-03 -2.715062498097033442e-02
4.754000000000000000e+03 9.774773000424633596e-01 2.073210660238406292e-02 5.120107276675505900e-03 -2.711058010565902190e-02
4.755000000000000000e+03 9.763822513540520998e-01 2.069861179845467261e-02 5.116597809490141223e-03 -2.707043278646858314e-02
4.756000000000000000e+03 9.752952427296948112e-01 2.066512482618021798e-02 5.113089280206009786e-03 -2.703029830350945489e-02
4.757000000000000000e+03 9.742146778568386845e-01 2.063172497956901330e-02 5.109581816567387684e-03 -2.699021742385711298e-02
4.758000000000000000e+03 9.731396701753541878e-01 2.059841706517918924e-02 5.106075549989290072e-03 -2.695008203549214068e-02
4.759000000000000000e+03 9.720700516320317508e-01 2.056505711975762860e-02 5.102570614078077299e-03 -2.691000648274105567e-02
4.760000000000000000e+03 9.710048959491619502e-01 2.053179811375866956e-02 5.099067143035511916e-03 -2.686988178411886183e-02
4.761000000000000000e+03 9.699425276587939626e-01 2.049856997053115665e-02 5.095565270157133460e-03 -2.682989553757861301e-02
4.762000000000000000e+03 9.688827596509240747e-01 2.046545098884746533e-02 5.092065126299829755e-03 -2.678993757600827905e-02
4.763000000000000000e+03 9.678246736319880972e-01 2.043229643164001103e-02 5.088566838414475962e-03 -2.675004559492023121e-02
4.764000000000000000e+03 9.667666289230485432e-01 2.039918423460066604e-02 5.085070528026514568e-03 -2.671025651620743610e-02
4.765000000000000000e+03 9.657084995135930550e-01 2.036619216430909235e-02 5.081576309913128989e-03 -2.667053214015200138e-02
4.766000000000000000e+03 9.646487109382989589e-01 2.033317497757809386e-02 5.078084290785697674e-03 -2.663090765332428236e-02
4.767000000000000000e+03 9.635872194256164258e-01 2.030021013351200609e-02 5.074594567955557564e-03 -2.659134300817885335e-02
4.768000000000000000e+03 9.625232907176607400e-01 2.026730067131531435e-02 5.071107228333284617e-03 -2.655194572679798332e-02
4.769000000000000000e+03 9.614562496798223501e-01 2.023437522333050576e-02 5.067622347250025534e-03 -2.651267372667501926e-02
4.770000000000000000e+03 9.603847436256064407e-01 2.020151087921448832e-02 5.064139987603236658e-03 -2.647355813856055659e-02
4.771000000000000000e+03 9.593082334763815000e-01 2.016863606640322687e-02 5.060660199079601573e-03 -2.643455471407545054e-02
4.772000000000000000e+03 9.582269985300908566e-01 2.013582769931290123e-02 5.057183017417402407e-03 -2.639569237526175061e-02
4.773000000000000000e+03 9.571406547974504742e-01 2.010308834442517054e-02 5.053708463937735089e-03 -2.635692463802912985e-02
4.774000000000000000e+03 9.560489010444832569e-01 2.007034623634246229e-02 5.050236545149957776e-03 -2.631835246109903020e-02
4.775000000000000000e+03 9.549507783404556083e-01 2.003760386116770764e-02 5.046767252471061165e-03 -2.627985283501216990e-02
4.776000000000000000e+03 9.538461572665359878e-01 2.000486368944304899e-02 5.043300562161549642e-03 -2.624152449763500830e-02
4.777000000000000000e+03 9.527357385998503903e-01 1.997220247609898108e-02 5.039836435432112904e-03 -2.620339082245669651e-02
4.778000000000000000e+03 9.516195674703944452e-01 1.993954842642856745e-02 5.036374818531700465e-03 -2.616532556502502646e-02
4.779000000000000000e+03 9.504970323375931951e-01 1.990690406260804332e-02 5.032915643201384299e-03 -2.612742431765124190e-02
4.780000000000000000e+03 9.493690916347803377e-01 1.987427195598276408e-02 5.029458827097793572e-03 -2.608963313611623383e-02
4.781000000000000000e+03 9.482352997552363494e-01 1.984165474221773889e-02 5.026004274476382309e-03 -2.605189715738476589e-02
4.782000000000000000e+03 9.470967749339662678e-01 1.980905513592998504e-02 5.022551876863803888e-03 -2.601438350682217307e-02
4.783000000000000000e+03 9.459524808686479158e-01 1.977647594440497952e-02 5.019101513996384288e-03 -2.597688709242872845e-02
4.784000000000000000e+03 9.448051644945832939e-01 1.974392008041956151e-02 5.015653054863515765e-03 -2.593957350693560857e-02
4.785000000000000000e+03 9.436531792443553224e-01 1.971131629075791036e-02 5.012206358660732143e-03 -2.590231054756726367e-02
4.786000000000000000e+03 9.424979072512884581e-01 1.967881630086004349e-02 5.008761276079551177e-03 -2.586503970840161107e-02
4.787000000000000000e+03 9.413407813331325924e-01 1.964627483987866838e-02 5.005317650552086606e-03 -2.582792482502995618e-02
4.788000000000000000e+03 9.401817921850895710e-01 1.961376963347690253e-02 5.001875319544694769e-03 -2.579090645329283615e-02
4.789000000000000000e+03 9.390209665240767389e-01 1.958130427660999262e-02 4.998434116026863848e-03 -2.575385051721364518e-02
4.790000000000000000e+03 9.378605877547880887e-01 1.954888252254495529e-02 4.994993869809771607e-03 -2.571684552450238803e-02
4.791000000000000000e+03 9.367007308856942771e-01 1.951643400324807459e-02 4.991554409061430171e-03 -2.567990551377780442e-02
4.792000000000000000e+03 9.355414828060285570e-01 1.948403708230214346e-02 4.988115561758666924e-03 -2.564289585119934947e-02
4.793000000000000000e+03 9.343844196540709302e-01 1.945162172174674797e-02 4.984677157161475532e-03 -2.560597900980717337e-02
4.794000000000000000e+03 9.332303700197519536e-01 1.941934089887651163e-02 4.981239027257468137e-03 -2.556902037720521631e-02
4.795000000000000000e+03 9.320794067415926198e-01 1.938705061943451005e-02 4.977801008169185394e-03 -2.553203402893126917e-02
4.796000000000000000e+03 9.309330673795919164e-01 1.935475561478011350e-02 4.974362941542798122e-03 -2.549495994640767205e-02
4.797000000000000000e+03 9.297921179252273127e-01 1.932260933650676096e-02 4.970924675870125320e-03 -2.545788693112392698e-02
4.798000000000000000e+03 9.286558025056356191e-01 1.929046824852986841e-02 4.967486067780160948e-03 -2.542075552912639869e-02
4.799000000000000000e+03 9.275270361623166870e-01 1.925833751991509399e-02 4.964046983120926418e-03 -2.538358093406376317e-02
4.800000000000000000e+03 9.264042270624950337e-01 1.922629673167900247e-02 4.960607298094588634e-03 -2.534630446656829794e-02
4.801000000000000000e+03 9.252894587316662367e-01 1.919435026031052899e-02 4.957166900245900225e-03 -2.530894312584687847e-02
4.802000000000000000e+03 9.241825932549507794e-01 1.916242415010282682e-02 4.953725689275426634e-03 -2.527151817380617754e-02
4.803000000000000000e+03 9.230841863769259081e-01 1.913059206613707680e-02 4.950283577795181258e-03 -2.523397804137130981e-02
4.804000000000000000e+03 9.219939805216641471e-01 1.909877918470907071e-02 4.946840491962831675e-03 -2.519634596770067847e-02
4.805000000000000000e+03 9.209131298293874446e-01 1.906705931244070951e-02 4.943396371949055831e-03 -2.515864572617765305e-02
4.806000000000000000e+03 9.198419689300394442e-01 1.903535773666400685e-02 4.939951172288212927e-03 -2.512082734270207687e-02
4.807000000000000000e+03 9.187807538262775520e-01 1.900374834329453602e-02 4.936504862078252079e-03 -2.508291565643605212e-02
4.808000000000000000e+03 9.177289178920480239e-01 1.897223074980740679e-02 4.933057425044011512e-03 -2.504501030585932347e-02
4.809000000000000000e+03 9.166865571683762148e-01 1.894073028844702952e-02 4.929608859487091127e-03 -2.500691428971256805e-02
4.810000000000000000e+03 9.156544307819588502e-01 1.890932083997726165e-02 4.926159178003606046e-03 -2.496880248956126133e-02
4.811000000000000000e+03 9.146317336423932520e-01 1.887800196637350741e-02 4.922708407191629838e-03 -2.493062736572575211e-02
4.812000000000000000e+03 9.136183269181573641e-01 1.884669889436983367e-02 4.919256587133757734e-03 -2.489241604868927885e-02
4.813000000000000000e+03 9.126139979172105399e-01 1.881541106639599698e-02 4.915803770785168170e-03 -2.485404743960323293e-02
4.814000000000000000e+03 9.116184635168608219e-01 1.878428640853952586e-02 4.912350023290051534e-03 -2.481569785671969286e-02
4.815000000000000000e+03 9.106313742696685587e-01 1.875317561488820672e-02 4.908895421029153307e-03 -2.477732099092088205e-02
4.816000000000000000e+03 9.096523191419719767e-01 1.872207783460830277e-02 4.905440050727682098e-03 -2.473887069200513683e-02
4.817000000000000000e+03 9.086800879991889790e-01 1.869114065911919517e-02 4.901984008408077909e-03 -2.470044946749247808e-02
4.818000000000000000e+03 9.077156487920448047e-01 1.866021440947732493e-02 4.898527398198141737e-03 -2.466193699360010733e-02
4.819000000000000000e+03 9.067562111876761310e-01 1.862937211045742961e-02 4.895070331204645804e-03 -2.462351002604031350e-02
4.820000000000000000e+03 9.058026616311567469e-01 1.859853806416714855e-02 4.891612924186374174e-03 -2.458497377295010278e-02
4.821000000000000000e+03 9.048543705420313277e-01 1.856785926016485747e-02 4.888155298220320764e-03 -2.454650465354166547e-02
4.822000000000000000e+03 9.039091996151782382e-01 1.853718538509236194e-02 4.884697577425725634e-03 -2.450805595361757114e-02
4.823000000000000000e+03 9.029679663162510916e-01 1.850658880319463670e-02 4.881239887503664200e-03 -2.446965488375776182e-02
4.824000000000000000e+03 9.020292516305450370e-01 1.847606741992159976e-02 4.877782354439929441e-03 -2.443125393804273376e-02
4.825000000000000000e+03 9.010916361939782515e-01 1.844561896504082199e-02 4.874325103037199097e-03 -2.439287938893844668e-02
4.826000000000000000e+03 9.001559363797455582e-01 1.841524099390508262e-02 4.870868255656541496e-03 -2.435455693477414293e-02
4.827000000000000000e+03 8.992200119139756032e-01 1.838493089078355527e-02 4.867411930820805289e-03 -2.431631163444542693e-02
4.828000000000000000e+03 8.982839729870240042e-01 1.835468587391183432e-02 4.863956242011593933e-03 -2.427816784645682457e-02
4.829000000000000000e+03 8.973472159124307179e-01 1.832450300256227918e-02 4.860501296366452791e-03 -2.424000060614406662e-02
4.830000000000000000e+03 8.964076869544834736e-01 1.829437918578676742e-02 4.857047193621363487e-03 -2.420198127646722500e-02
4.831000000000000000e+03 8.954670884340795167e-01 1.826431119305167369e-02 4.853594025005721589e-03 -2.416405751965023871e-02
4.832000000000000000e+03 8.945227133410819098e-01 1.823429566654318282e-02 4.850141872292570294e-03 -2.412617611034639786e-02
4.833000000000000000e+03 8.935748789619587518e-01 1.820432913515325143e-02 4.846690806899614685e-03 -2.408843147255933584e-02
4.834000000000000000e+03 8.926239602466647938e-01 1.817448231341473042e-02 4.843240889182203954e-03 -2.405084280657742921e-02
4.835000000000000000e+03 8.916681653943915320e-01 1.814467726795664440e-02 4.839792167759485869e-03 -2.401327979048846831e-02
4.836000000000000000e+03 8.907079962995300138e-01 1.811491028617193827e-02 4.836344679044929894e-03 -2.397590827432250285e-02
4.837000000000000000e+03 8.897432799604653164e-01 1.808517761214597716e-02 4.832898446800593453e-03 -2.393859601320936711e-02
4.838000000000000000e+03 8.887731705166828089e-01 1.805554975047077293e-02 4.829453481954433004e-03 -2.390143266114606521e-02
4.839000000000000000e+03 8.877976362254061948e-01 1.802594863700519162e-02 4.826009782430936909e-03 -2.386435837095598339e-02
4.840000000000000000e+03 8.868167171931218284e-01 1.799637051121794062e-02 4.822567333218821285e-03 -2.382746095367889103e-02
4.841000000000000000e+03 8.858305251987245166e-01 1.796688593861132943e-02 4.819126106482653389e-03 -2.379060449422024104e-02
4.842000000000000000e+03 8.848392427774015578e-01 1.793749126635915681e-02 4.815686061887555422e-03 -2.375394937671684858e-02
4.843000000000000000e+03 8.838431215778020933e-01 1.790810864610646591e-02 4.812247146995136081e-03 -2.371735806434946761e-02
4.844000000000000000e+03 8.828417371763768173e-01 1.787880890715837917e-02 4.808809297843423362e-03 -2.368098942225814116e-02
4.845000000000000000e+03 8.818362145502766092e-01 1.784951444489061775e-02 4.805372439591367242e-03 -2.364470451039371243e-02
4.846000000000000000e+03 8.808262530566086657e-01 1.782037066024944050e-02 4.801936487263357839e-03 -2.360851235147390370e-02
4.847000000000000000e+03 8.798130934833580108e-01 1.779115171288818062e-02 4.798501346724643943e-03 -2.357249571944293118e-02
4.848000000000000000e+03 8.787957990214990689e-01 1.776207766013824726e-02 4.795066915622716273e-03 -2.353658836556821871e-02
4.849000000000000000e+03 8.777757069103466758e-01 1.773307164135207517e-02 4.791633084418349918e-03 -2.350079794916702311e-02
4.850000000000000000e+03 8.767541941118808246e-01 1.770405702997176339e-02 4.788199737582869708e-03 -2.346513183763099947e-02
4.851000000000000000e+03 8.757304494118687277e-01 1.767517935475819077e-02 4.784766754759887594e-03 -2.342966877090436190e-02
4.852000000000000000e+03 8.747059443502249731e-01 1.764628349222519335e-02 4.781334012139412670e-03 -2.339425370054986145e-02
4.853000000000000000e+03 8.736814346039358803e-01 1.761751078630141923e-02 4.777901383621193168e-03 -2.335887740951506086e-02
4.854000000000000000e+03 8.726569461611594081e-01 1.758878002135603330e-02 4.774468742215125759e-03 -2.332360502139983055e-02
4.855000000000000000e+03 8.716339967025230617e-01 1.756008456581277868e-02 4.771035961395542896e-03 -2.328842752057610002e-02
4.856000000000000000e+03 8.706133599234426867e-01 1.753149237973033667e-02 4.767602916409274111e-03 -2.325326183746683276e-02
4.857000000000000000e+03 8.695943155520589052e-01 1.750292316967272388e-02 4.764169485623554780e-03 -2.321809949841950604e-02
4.858000000000000000e+03 8.685790993105938496e-01 1.747437124241133649e-02 4.760735551805644894e-03 -2.318300670527376206e-02
4.859000000000000000e+03 8.675669533560950164e-01 1.744590550575651766e-02 4.757301003447069257e-03 -2.314790156040080066e-02
4.860000000000000000e+03 8.665600623214151366e-01 1.741752090023956923e-02 4.753865735874864863e-03 -2.311277698796211644e-02
4.861000000000000000e+03 8.655576043028051503e-01 1.738913839532366112e-02 4.750429652468851106e-03 -2.307762651591730579e-02
4.862000000000000000e+03 8.645602019092907264e-01 1.736075355041594159e-02 4.746992665691910675e-03 -2.304244433535961728e-02
4.863000000000000000e+03 8.635691738979921483e-01 1.733251079002225831e-02 4.743554698118064746e-03 -2.300722535342763359e-02
4.864000000000000000e+03 8.625843016266778740e-01 1.730425769226485305e-02 4.740115683259243061e-03 -2.297196523918812461e-02
4.865000000000000000e+03 8.616067958891810985e-01 1.727606496066145386e-02 4.736675566400896757e-03 -2.293666046192590138e-02
4.866000000000000000e+03 8.606363216533362559e-01 1.724792927543411514e-02 4.733234305205684736e-03 -2.290130832164910535e-02
4.867000000000000000e+03 8.596732232662813722e-01 1.721984756027337277e-02 4.729791870300794655e-03 -2.286590697160983954e-02
4.868000000000000000e+03 8.587177789743549727e-01 1.719181696378391938e-02 4.726348245724336719e-03 -2.283045543245704884e-02
4.869000000000000000e+03 8.577701989587354081e-01 1.716390912287204737e-02 4.722903429128344488e-03 -2.279487931447843341e-02
4.870000000000000000e+03 8.568306240709921973e-01 1.713597300688864816e-02 4.719457432054127537e-03 -2.275932794887566141e-02
4.871000000000000000e+03 8.558991252805457917e-01 1.710815487917642999e-02 4.716010279851367420e-03 -2.272365439210650290e-02
4.872000000000000000e+03 8.549749610035849434e-01 1.708037828824462284e-02 4.712562011649563259e-03 -2.268793539112499633e-02
4.873000000000000000e+03 8.540588064861922568e-01 1.705264117664885212e-02 4.709112680058961074e-03 -2.265217422180487369e-02
4.874000000000000000e+03 8.531490412110405153e-01 1.702501585498757131e-02 4.705662350878239003e-03 -2.261637493734001275e-02
4.875000000000000000e+03 8.522469510119768943e-01 1.699742612507916528e-02 4.702211102459562947e-03 -2.258054232535330885e-02
4.876000000000000000e+03 8.513515311609705094e-01 1.696987010359387107e-02 4.698759025225712413e-03 -2.254460757497419102e-02
4.877000000000000000e+03 8.504617184382465833e-01 1.694249447880193452e-02 4.695306220879826367e-03 -2.250872535465872626e-02
4.878000000000000000e+03 8.495778809621977734e-01 1.691514878292309926e-02 4.691852801568337575e-03 -2.247275376557471283e-02
4.879000000000000000e+03 8.486995943970000456e-01 1.688783106693182712e-02 4.688398888918703274e-03 -2.243684854234141018e-02
4.880000000000000000e+03 8.478263900033500278e-01 1.686068787497969207e-02 4.684944613007203072e-03 -2.240094299653213467e-02
4.881000000000000000e+03 8.469570174690708164e-01 1.683356851865110485e-02 4.681490111264716147e-03 -2.236497079142167957e-02
4.882000000000000000e+03 8.460916794711925704e-01 1.680661932138269310e-02 4.678035527286609867e-03 -2.232908871353981792e-02
4.883000000000000000e+03 8.452298095568352432e-01 1.677968932815831690e-02 4.674581009587201394e-03 -2.229323089039127528e-02
4.884000000000000000e+03 8.443700787924922624e-01 1.675289483937647886e-02 4.671126710300235567e-03 -2.225740584172904157e-02
4.885000000000000000e+03 8.435126311138702038e-01 1.672619597577365211e-02 4.667672783930276910e-03 -2.222169639621316903e-02
4.886000000000000000e+03 8.426553761196838854e-01 1.669958979851885947e-02 4.664219385888022755e-03 -2.218596247406810426e-02
4.887000000000000000e+03 8.417999387749939277e-01 1.667309543733645066e-02 4.660766671265710766e-03 -2.215036098951689292e-02
4.888000000000000000e+03 8.409434952294159160e-01 1.664669465090654055e-02 4.657314793457195852e-03 -2.211490006944771824e-02
4.889000000000000000e+03 8.400862080814139876e-01 1.662040609987382178e-02 4.653863902862688529e-03 -2.207951325929399106e-02
4.890000000000000000e+03 8.392275189547361292e-01 1.659421105536502267e-02 4.650414145575080052e-03 -2.204428229942577075e-02
4.891000000000000000e+03 8.383668978549662087e-01 1.656812024869726285e-02 4.646965662153180673e-03 -2.200921420480423177e-02
4.892000000000000000e+03 8.375038493933735229e-01 1.654213672676452945e-02 4.643518586503718980e-03 -2.197424120018381943e-02
4.893000000000000000e+03 8.366371758139193870e-01 1.651625585199329588e-02 4.640073044701976263e-03 -2.193944351129898523e-02
4.894000000000000000e+03 8.357672109390023030e-01 1.649048016155392135e-02 4.636629154049757076e-03 -2.190490074510097890e-02
4.895000000000000000e+03 8.348928537920063953e-01 1.646479708767747269e-02 4.633187022072741620e-03 -2.187046899313441900e-02
4.896000000000000000e+03 8.340145443715996088e-01 1.643922353567098954e-02 4.629746745774396786e-03 -2.183630077744339038e-02
4.897000000000000000e+03 8.331312961711265785e-01 1.641375389616780631e-02 4.626308410834041249e-03 -2.180232503512564979e-02
4.898000000000000000e+03 8.322429279289279558e-01 1.638837491498059545e-02 4.622872091064745247e-03 -2.176861851316951035e-02
4.899000000000000000e+03 8.313493233901729784e-01 1.636309542216295848e-02 4.619437847939310456e-03 -2.173518290364529620e-02
4.900000000000000000e+03 8.304504332292148572e-01 1.633790920832031354e-02 4.616005730216080592e-03 -2.170194483801532459e-02
4.901000000000000000e+03 8.295462707016176829e-01 1.631281720681760153e-02 4.612575773714204519e-03 -2.166897547646319186e-02
4.902000000000000000e+03 8.286368954402669740e-01 1.628781229002852424e-02 4.609148001273549386e-03 -2.163625787649372037e-02
4.903000000000000000e+03 8.277224299811621888e-01 1.626290194792678542e-02 4.605722422768527245e-03 -2.160377108974559021e-02
4.904000000000000000e+03 8.268030644287300834e-01 1.623806386694320175e-02 4.602299035313389165e-03 -2.157149345531481771e-02
4.905000000000000000e+03 8.258790548414803867e-01 1.621330538416902375e-02 4.598877823516331863e-03 -2.153940263721715667e-02
4.906000000000000000e+03 8.249499780947192606e-01 1.618862637403374952e-02 4.595458760063771651e-03 -2.150754995339181422e-02
4.907000000000000000e+03 8.240169574172082623e-01 1.616402670638063602e-02 4.592041806125173389e-03 -2.147591186175942107e-02
4.908000000000000000e+03 8.230796874462285029e-01 1.613948399159950003e-02 4.588626912160014351e-03 -2.144439002061103786e-02
4.909000000000000000e+03 8.221394013630425324e-01 1.611502046660189674e-02 4.585214018656333206e-03 -2.141303420601408519e-02
4.910000000000000000e+03 8.211958947899584693e-01 1.609061388556715447e-02 4.581803057060694455e-03 -2.138181953420616524e-02
4.911000000000000000e+03 8.202504918582727012e-01 1.606627183432729131e-02 4.578393950784051362e-03 -2.135079510712108858e-02
4.912000000000000000e+03 8.193030681389166237e-01 1.604197976245010787e-02 4.574986616285644549e-03 -2.131986124479025649e-02
4.913000000000000000e+03 8.183542730204755866e-01 1.601775301163593443e-02 4.571580964195917120e-03 -2.128899242274885639e-02
4.914000000000000000e+03 8.174047804103800052e-01 1.599356998953829073e-02 4.568176900559269699e-03 -2.125831164554331867e-02
4.915000000000000000e+03 8.164560248353927019e-01 1.596943162436174207e-02 4.564774328134918284e-03 -2.122764483799194010e-02
4.916000000000000000e+03 8.155072231654997283e-01 1.594533910623502707e-02 4.561373147661218833e-03 -2.119704092319658895e-02
4.917000000000000000e+03 8.145605673911117117e-01 1.592129391185089990e-02 4.557973259244928362e-03 -2.116647478268474797e-02
4.918000000000000000e+03 8.136152748161447068e-01 1.589728297062077342e-02 4.554574563605585415e-03 -2.113592163366094859e-02
4.919000000000000000e+03 8.126735236250530736e-01 1.587331582691267270e-02 4.551176963535606863e-03 -2.110543140478532073e-02
4.920000000000000000e+03 8.117345031762560614e-01 1.584938008826503042e-02 4.547780365150569035e-03 -2.107498025942143929e-02
4.921000000000000000e+03 8.108003498151286070e-01 1.582547858283326475e-02 4.544384679172360983e-03 -2.104447068279105895e-02
4.922000000000000000e+03 8.098701975559684518e-01 1.580161451555225222e-02 4.540989822271496168e-03 -2.101402869935944245e-02
4.923000000000000000e+03 8.089453715876571138e-01 1.577777662162079333e-02 4.537595718170986392e-03 -2.098355825023050930e-02
4.924000000000000000e+03 8.080271537930676651e-01 1.575397631526161829e-02 4.534202298850770717e-03 -2.095303840046588290e-02
4.925000000000000000e+03 8.071145486945648928e-01 1.573021055206202598e-02 4.530809505503671265e-03 -2.092244912226559617e-02
4.926000000000000000e+03 8.062087353985205596e-01 1.570647668638988637e-02 4.527417289607605852e-03 -2.089191992236455117e-02
4.927000000000000000e+03 8.053093488920405330e-01 1.568277989746379511e-02 4.524025613672415930e-03 -2.086128419339849938e-02
4.928000000000000000e+03 8.044181902751079694e-01 1.565911832691996297e-02 4.520634452117657485e-03 -2.083059924325544182e-02
4.929000000000000000e+03 8.035340235991476066e-01 1.563549049839924043e-02 4.517243791823594319e-03 -2.079992348077552497e-02
4.930000000000000000e+03 8.026570302243494215e-01 1.561189530557115061e-02 4.513853632602879765e-03 -2.076909359263469368e-02
4.931000000000000000e+03 8.017888068589467121e-01 1.558834685357630111e-02 4.510463987715350627e-03 -2.073831882972978005e-02
4.932000000000000000e+03 8.009271644674451629e-01 1.556483729921587233e-02 4.507074884014374526e-03 -2.070743818118164423e-02
4.933000000000000000e+03 8.000742989393972993e-01 1.554136654328332548e-02 4.503686362087516888e-03 -2.067651464187882093e-02
4.934000000000000000e+03 7.992286201242886357e-01 1.551794220678106781e-02 4.500298476215742853e-03 -2.064553806859469043e-02
4.935000000000000000e+03 7.983899526350405340e-01 1.549457217614912986e-02 4.496911294265473237e-03 -2.061457372768518009e-02
4.936000000000000000e+03 7.975587947016034018e-01 1.547124971789476389e-02 4.493524897313647473e-03 -2.058353941595243361e-02
4.937000000000000000e+03 7.967348349050770162e-01 1.544799058938993268e-02 4.490139379274411986e-03 -2.055242827356507443e-02
4.938000000000000000e+03 7.959169552765594791e-01 1.542478843597847211e-02 4.486754846320777264e-03 -2.052138302124275476e-02
4.939000000000000000e+03 7.951047207311244813e-01 1.540164446995605577e-02 4.483371416162893960e-03 -2.049032448806264312e-02
4.940000000000000000e+03 7.942991262956491383e-01 1.537856743471507567e-02 4.479989217282515958e-03 -2.045924868299988861e-02
4.941000000000000000e+03 7.934974022446455999e-01 1.535556613950744657e-02 4.476608387993847964e-03 -2.042815244173343606e-02
4.942000000000000000e+03 7.927011908051887490e-01 1.533262713675918355e-02 4.473229075401740848e-03 -2.039710763380316386e-02
4.943000000000000000e+03 7.919076381411185306e-01 1.530976668237280999e-02 4.469851434315930822e-03 -2.036618679680416225e-02
4.944000000000000000e+03 7.911175719702198128e-01 1.528698612738989791e-02 4.466475626045700656e-03 -2.033524019849689002e-02
4.945000000000000000e+03 7.903303085127193484e-01 1.526428673665122110e-02 4.463101817126509385e-03 -2.030434144592810006e-02
4.946000000000000000e+03 7.895444024166491381e-01 1.524166965125299186e-02 4.459730178014973713e-03 -2.027356453972706946e-02
4.947000000000000000e+03 7.887591397428838080e-01 1.521913585192376933e-02 4.456360881674338928e-03 -2.024283520910704140e-02
4.948000000000000000e+03 7.879745454326728682e-01 1.519668612350694344e-02 4.452994102200417449e-03 -2.021222794630455483e-02
4.949000000000000000e+03 7.871891623476108268e-01 1.517432844931986512e-02 4.449630013396119708e-03 -2.018174305567047369e-02
4.950000000000000000e+03 7.864030301563220693e-01 1.515206312224540684e-02 4.446268787357695283e-03 -2.015138083701818739e-02
4.951000000000000000e+03 7.856147129864010648e-01 1.512988317312509434e-02 4.442910592990585023e-03 -2.012121465745067908e-02
4.952000000000000000e+03 7.848235098104938690e-01 1.510780543159511921e-02 4.439555594734978690e-03 -2.009116466621742314e-02
4.953000000000000000e+03 7.840294869854883553e-01 1.508582455573123475e-02 4.436203951083875392e-03 -2.006129817241305430e-02
4.954000000000000000e+03 7.832312650286732403e-01 1.506394226468415858e-02 4.432855813386089687e-03 -2.003160781719332678e-02
4.955000000000000000e+03 7.824289963924285773e-01 1.504216731964677992e-02 4.429511324512061879e-03 -2.000208577188199513e-02
4.956000000000000000e+03 7.816214001258380284e-01 1.502049322288568495e-02 4.426170617733926616e-03 -1.997279794194203872e-02
4.957000000000000000e+03 7.808079958865384862e-01 1.499892791873747369e-02 4.422833815657680433e-03 -1.994366104313344615e-02
4.958000000000000000e+03 7.799891088948426310e-01 1.497747149973902708e-02 4.419501029220297347e-03 -1.991466538590005650e-02
4.959000000000000000e+03 7.791643886132944008e-01 1.495611620147353944e-02 4.416172356836814764e-03 -1.988594910044017700e-02
4.960000000000000000e+03 7.783335552801284862e-01 1.493487611462107796e-02 4.412847883623466187e-03 -1.985735238548847620e-02
4.961000000000000000e+03 7.774949172471643521e-01 1.491373518894165140e-02 4.409527680756012216e-03 -1.982899687860122107e-02
4.962000000000000000e+03 7.766505731080102226e-01 1.489270666625917491e-02 4.406211805041788596e-03 -1.980082506625830546e-02
4.963000000000000000e+03 7.757989848811844835e-01 1.487177366375840373e-02 4.402900298500065333e-03 -1.977283796877257055e-02
4.964000000000000000e+03 7.749401786192082753e-01 1.485094118620585921e-02 4.399593188139437443e-03 -1.974503570086305962e-02
4.965000000000000000e+03 7.740750015574902054e-01 1.483021385827312973e-02 4.396290485930267125e-03 -1.971742489748637070e-02
4.966000000000000000e+03 7.732036356446094771e-01 1.480957366049992854e-02 4.392992188794703906e-03 -1.968999643623389750e-02
4.967000000000000000e+03 7.723248531285971108e-01 1.478903195196239022e-02 4.389698278912907564e-03 -1.966274773989720726e-02
4.968000000000000000e+03 7.714404712213045467e-01 1.476857007103546220e-02 4.386408723982552355e-03 -1.963566794714462216e-02
4.969000000000000000e+03 7.705508919957689828e-01 1.474819136420194715e-02 4.383123477804521696e-03 -1.960876023463595241e-02
4.970000000000000000e+03 7.696558414090667322e-01 1.472789150590146992e-02 4.379842480816135281e-03 -1.958199729325527105e-02
4.971000000000000000e+03 7.687565933103125415e-01 1.470767339074185998e-02 4.376565660938755778e-03 -1.955539566703567989e-02
4.972000000000000000e+03 7.678537357957587739e-01 1.468751745794747397e-02 4.373292934344407377e-03 -1.952892667657564474e-02
4.973000000000000000e+03 7.669471654738060362e-01 1.466742630089625486e-02 4.370024206594284345e-03 -1.950258334594372200e-02
4.974000000000000000e+03 7.660383096949781034e-01 1.464739499489161462e-02 4.366759373613822610e-03 -1.947636562468186769e-02
4.975000000000000000e+03 7.651278912912157226e-01 1.462741856765284801e-02 4.363498322940749172e-03 -1.945025818813205659e-02
4.976000000000000000e+03 7.642166642400638477e-01 1.460749204228410994e-02 4.360240934976921008e-03 -1.942424538510334822e-02
4.977000000000000000e+03 7.633054061475087471e-01 1.458760305227387553e-02 4.356987084324354456e-03 -1.939831876200895019e-02
4.978000000000000000e+03 7.623941676240792997e-01 1.456775416985011534e-02 4.353736641212328437e-03 -1.937246230598692331e-02
4.979000000000000000e+03 7.614852356384510523e-01 1.454794066387355041e-02 4.350489472923645476e-03 -1.934665997603588275e-02
4.980000000000000000e+03 7.605779255689362195e-01 1.452814311365496942e-02 4.347245445243654027e-03 -1.932091066443928501e-02
4.981000000000000000e+03 7.596745157417083005e-01 1.450837201999337529e-02 4.344004423967729248e-03 -1.929519116090521597e-02
4.982000000000000000e+03 7.587742966521003884e-01 1.448861584609200878e-02 4.340766276403119385e-03 -1.926949340021220577e-02
4.983000000000000000e+03 7.578795056694852539e-01 1.446887076841437032e-02 4.337530872831457315e-03 -1.924380228193132980e-02
4.984000000000000000e+03 7.569901194203417782e-01 1.444912585515353495e-02 4.334298087907037869e-03 -1.921810320170660655e-02
4.985000000000000000e+03 7.561060748036894097e-01 1.442938538369785591e-02 4.331067802112428637e-03 -1.919238215102086684e-02
4.986000000000000000e+03 7.552302331983772321e-01 1.440963915674502160e-02 4.327839903075334123e-03 -1.916663324148209710e-02
4.987000000000000000e+03 7.543609454101896095e-01 1.438989224185970722e-02 4.324614286853560932e-03 -1.914084393902925132e-02
4.988000000000000000e+03 7.535002166537727586e-01 1.437012785235306997e-02 4.321390859110688445e-03 -1.911500257738093719e-02
4.989000000000000000e+03 7.526470153959673448e-01 1.435035193615602847e-02 4.318169536207595860e-03 -1.908909843648995755e-02
4.990000000000000000e+03 7.518039538518286324e-01 1.433056347711781503e-02 4.314950246203762795e-03 -1.906312924180732921e-02
4.991000000000000000e+03 7.509691124541598706e-01 1.431076193384860258e-02 4.311732929701892272e-03 -1.903709379868937304e-02
4.992000000000000000e+03 7.501442074148289008e-01 1.429093981740363513e-02 4.308517540615832038e-03 -1.901098461796276590e-02
4.993000000000000000e+03 7.493286451812426474e-01 1.427110497787405057e-02 4.305304046776541223e-03 -1.898481024539732873e-02
4.994000000000000000e+03 7.485232345411789723e-01 1.425125831625436920e-02 4.302092430411576587e-03 -1.895855072609444608e-02
4.995000000000000000e+03 7.477272140298418801e-01 1.423140120512028824e-02 4.298882688404677410e-03 -1.893222448384352524e-02
4.996000000000000000e+03 7.469404800166895564e-01 1.421152061941607057e-02 4.295674832601389069e-03 -1.890581405119299424e-02
4.997000000000000000e+03 7.461635871298525347e-01 1.419163368964572632e-02 4.292468889740970808e-03 -1.887932549891893283e-02
4.998000000000000000e+03 7.453955210190325031e-01 1.417172825351205659e-02 4.289264901337166459e-03 -1.885274385764856842e-02
4.999000000000000000e+03 7.446366717986014905e-01 1.415180740000014127e-02 4.286062923440079817e-03 -1.882607766873222246e-02
5.000000000000000000e+03 7.438858656299867089e-01 1.413187458245707129e-02 4.282863026192842634e-03 -1.879931438400530078e-02
