0.000000000000000000e+00 0.000000000000000000e+00 0.000000000000000000e+00 0.000000000000000000e+00 0.000000000000000000e+00
1.000000000000000000e+00 0.000000000000000000e+00 0.000000000000000000e+00 0.000000000000000000e+00 0.000000000000000000e+00
2.000000000000000000e+00 9.712323691634420584e+02 3.198389645424219718e-02 1.686780538670066390e-06 2.602887514077274922e+00
3.000000000000000000e+00 9.200431229561966120e+02 4.412268194025122797e-02 3.374005177374436258e-06 2.999433127407799216e+00
4.000000000000000000e+00 8.702149976762493679e+02 4.138394337611982221e-02 5.624325199452578299e-06 2.883030816751959158e+00
5.000000000000000000e+00 8.325965465941479806e+02 3.003219362031937442e-02 8.438322598134857154e-06 2.513690993957685915e+00
6.000000000000000000e+00 8.065576568006189291e+02 1.804028702485992522e-02 1.181671617701567816e-05 2.068592578713169150e+00
7.000000000000000000e+00 7.897650875901565541e+02 9.859057567375069733e-03 1.576035585420128136e-05 1.650483811336923567e+00
8.000000000000000000e+00 7.794912023305639650e+02 5.886765402662161827e-03 2.027021598168125057e-05 1.310553868392570154e+00
9.000000000000000000e+00 7.744031602515578925e+02 4.451984608596350375e-03 2.534738764305440148e-05 1.062744645899138529e+00
1.000000000000000000e+01 7.731467610757173361e+02 3.874657607417775467e-03 3.099307005193257023e-05 9.065550648338013273e-01
1.100000000000000000e+01 7.744188786523326371e+02 3.365517318880926166e-03 3.720856121208698873e-05 8.305114992238554761e-01
1.200000000000000000e+01 7.788534305940013382e+02 2.883555312742915652e-03 4.399524771559823878e-05 8.184172861245704311e-01
1.300000000000000000e+01 7.845722849872008737e+02 2.602300583783432718e-03 5.135459394388469895e-05 8.470474713739897243e-01
1.400000000000000000e+01 7.914627316515916391e+02 2.579093740398322263e-03 5.928813068204181298e-05 8.932646757965055917e-01
1.500000000000000000e+01 7.985021500960954199e+02 2.733418338217525213e-03 6.779744330243402865e-05 9.467017085167889201e-01
1.600000000000000000e+01 8.073584706729333220e+02 2.956815769354898590e-03 7.688415953949078081e-05 1.005694064634469642e+00
1.700000000000000000e+01 8.178816735534611553e+02 3.252677233328289241e-03 8.654993703943365010e-05 1.065510616094884844e+00
1.800000000000000000e+01 8.289636445365397321e+02 3.656072208935602988e-03 9.679645079335438623e-05 1.123385633838299702e+00
1.900000000000000000e+01 8.413803625389372201e+02 4.214408154355327348e-03 1.076253803233451781e-04 1.182608458220737457e+00
2.000000000000000000e+01 8.535300802242685450e+02 4.948767856886361095e-03 1.190383973279578151e-04 1.238884186565636147e+00
2.100000000000000000e+01 8.661065021431098785e+02 5.843031879859133734e-03 1.310371530761952463e-04 1.298443328048266565e+00
2.200000000000000000e+01 8.791325432706233869e+02 6.889085297045052271e-03 1.436232664468917349e-04 1.363349834015734841e+00
2.300000000000000000e+01 8.922209437320374263e+02 8.075748538213443212e-03 1.567983119829100588e-04 1.432001583214953078e+00
2.400000000000000000e+01 9.056915409693216361e+02 9.400664654343148657e-03 1.705638086439972628e-04 1.501752529726780638e+00
2.500000000000000000e+01 9.196782664735454773e+02 1.086892293083530081e-02 1.849212094892027322e-04 1.564989968822370958e+00
2.600000000000000000e+01 9.336913755842347200e+02 1.249003610822269246e-02 1.998718912969055955e-04 1.625009623032428685e+00
2.700000000000000000e+01 9.481413712059141972e+02 1.425913267904409948e-02 2.154171453889765209e-04 1.680750843439580144e+00
2.800000000000000000e+01 9.628602977010491486e+02 1.615630831146982332e-02 2.315581691129466361e-04 1.725600286954765306e+00
2.900000000000000000e+01 9.777717320555861988e+02 1.821463507534914344e-02 2.482960587017990191e-04 1.764328154017358985e+00
3.000000000000000000e+01 9.930729124322349435e+02 2.047224557623638155e-02 2.656318023370361704e-04 1.790345337214252375e+00
3.100000000000000000e+01 1.008159098127149946e+03 2.292540206181007539e-02 2.835662745413386259e-04 1.814228277882183216e+00
3.200000000000000000e+01 1.023835282607949807e+03 2.558906611028419209e-02 3.021002321465582948e-04 1.830848239824469870e+00
3.300000000000000000e+01 1.039569890101337251e+03 2.842743282584652212e-02 3.212343108195333001e-04 1.839476235621049671e+00
3.400000000000000000e+01 1.055339439599385059e+03 3.147177033521315892e-02 3.409690226629096292e-04 1.842334335820838387e+00
3.500000000000000000e+01 1.071726049879788889e+03 3.473515916427594857e-02 3.613047550063671134e-04 1.832075256920330908e+00
3.600000000000000000e+01 1.087829641090473388e+03 3.824631497427935511e-02 3.822417704165398779e-04 1.820286603539039261e+00
3.700000000000000000e+01 1.104171499930284199e+03 4.200541153655398818e-02 4.037802084405852266e-04 1.799934776839944073e+00
3.800000000000000000e+01 1.120855014051855505e+03 4.597789396180105431e-02 4.259200872620406801e-04 1.771316521616834061e+00
3.900000000000000000e+01 1.137787662773101374e+03 5.016621412622020854e-02 4.486613077752302074e-04 1.733064572103774292e+00
4.000000000000000000e+01 1.154896661313179720e+03 5.458469368358950108e-02 4.720036572441938839e-04 1.682374287555225889e+00
4.100000000000000000e+01 1.172101900103185471e+03 5.924681741904583299e-02 4.959468162078316126e-04 1.617350687495751727e+00
4.200000000000000000e+01 1.189405392754948707e+03 6.416220429979641038e-02 5.204903630511754659e-04 1.539670473545613927e+00
4.300000000000000000e+01 1.206816684642029713e+03 6.933933928776034317e-02 5.456337827917295607e-04 1.451504020711805065e+00
4.400000000000000000e+01 1.224382463598571803e+03 7.478455257485193408e-02 5.713764758764685063e-04 1.353417216009549451e+00
4.500000000000000000e+01 1.242164274769633948e+03 8.050135103785424628e-02 5.977177654434901637e-04 1.245671419810749025e+00
4.600000000000000000e+01 1.260126195024855406e+03 8.649050558239734787e-02 6.246569088957468771e-04 1.128690096312773727e+00
4.700000000000000000e+01 1.278250985771358955e+03 9.275358164435569541e-02 6.521931066244390091e-04 1.001687930316217834e+00
4.800000000000000000e+01 1.296513080110970122e+03 9.928547168491415331e-02 6.803255148131795698e-04 8.635588671917521220e-01
4.900000000000000000e+01 1.314901767992836767e+03 1.060803248323465148e-01 7.090532553211915598e-04 7.132711705575601746e-01
5.000000000000000000e+01 1.333473194537690460e+03 1.131434322600601838e-01 7.383754276696525036e-04 5.499320484016421151e-01
5.100000000000000000e+01 1.352287060653176468e+03 1.204809654961361276e-01 7.682911225826105596e-04 3.730236813949495689e-01
5.200000000000000000e+01 1.371291008640863311e+03 1.280981618866412486e-01 7.987994315486349282e-04 1.833259883121919065e-01
5.300000000000000000e+01 1.390413951276549597e+03 1.359966821728206821e-01 8.298994604035044281e-04 -1.826657890307489471e-02
5.400000000000000000e+01 1.409636799285634197e+03 1.441789295494392831e-01 8.615903412898085574e-04 -2.317187001753871489e-01
5.500000000000000000e+01 1.428955319464556851e+03 1.526487925314006788e-01 8.938712445810385486e-04 -4.573646600144391505e-01
5.600000000000000000e+01 1.448481443042742285e+03 1.614030752615095710e-01 9.267413905517925352e-04 -6.960983058727104877e-01
5.700000000000000000e+01 1.468316346706117429e+03 1.704369874390714579e-01 9.602000605313558900e-04 -9.484869644879651007e-01
5.800000000000000000e+01 1.488417379082423622e+03 1.797475684879412394e-01 9.942466080400543492e-04 -1.214337064366471042e+00
5.900000000000000000e+01 1.508697317605687658e+03 1.893326004696010423e-01 1.028880469317520639e-03 -1.493167531457117114e+00
6.000000000000000000e+01 1.529135793671099236e+03 1.991824369435010456e-01 1.064101172003567661e-03 -1.784081280024579996e+00
6.100000000000000000e+01 1.549739820545557905e+03 2.092889270235432642e-01 1.099908347338934876e-03 -2.086326022176817840e+00
6.200000000000000000e+01 1.570514517492280902e+03 2.196499024183223014e-01 1.136301734756035896e-03 -2.400085291697644063e+00
6.300000000000000000e+01 1.591477528794016280e+03 2.302654333279333110e-01 1.173281191960828286e-03 -2.725791420007119381e+00
6.400000000000000000e+01 1.612631640539900218e+03 2.411348471657480119e-01 1.210846701083742941e-03 -3.063869291873149603e+00
6.500000000000000000e+01 1.634001922327898455e+03 2.522596999535688944e-01 1.248998375169565198e-03 -3.414803202088891876e+00
6.600000000000000000e+01 1.655625406363265029e+03 2.636344799259168203e-01 1.287736462262248707e-03 -3.779038029141392308e+00
6.700000000000000000e+01 1.677482983088930951e+03 2.752521458016473632e-01 1.327061350780190307e-03 -4.156021629967065145e+00
6.800000000000000000e+01 1.699537792116032051e+03 2.871023028078734107e-01 1.366973571415684577e-03 -4.544947026189825934e+00
6.900000000000000000e+01 1.721745543087674832e+03 2.991767850200811041e-01 1.407473800951813568e-03 -4.945036942351960896e+00
7.000000000000000000e+01 1.744076800741339412e+03 3.114681697570861885e-01 1.448562862622923423e-03 -5.355707231222529785e+00
7.100000000000000000e+01 1.766509797774751632e+03 3.239716492552487948e-01 1.490241726785031685e-03 -5.776695085998754031e+00
7.200000000000000000e+01 1.789157440412798451e+03 3.366832172118890409e-01 1.532511510667058409e-03 -6.208852232960249573e+00
7.300000000000000000e+01 1.812132874573515892e+03 3.495977682007491150e-01 1.575373476851047068e-03 -6.653091749779791009e+00
7.400000000000000000e+01 1.835445247830858534e+03 3.627042547908748693e-01 1.618829031425171074e-03 -7.109257029258208682e+00
7.500000000000000000e+01 1.859096278037163074e+03 3.759908874619034558e-01 1.662879720095209943e-03 -7.576857187608938560e+00
7.600000000000000000e+01 1.883041598579269930e+03 3.894438935025537063e-01 1.707527227163615309e-03 -8.055328695352777402e+00
7.700000000000000000e+01 1.907156505850475014e+03 4.030534504334865598e-01 1.752773367995624646e-03 -8.543282598283138185e+00
7.800000000000000000e+01 1.931426207319464311e+03 4.168084955614209108e-01 1.798620086024710699e-03 -9.040349267191670535e+00
7.900000000000000000e+01 1.955895336255179700e+03 4.306987100535984991e-01 1.845069447096972255e-03 -9.546456212462180346e+00
8.000000000000000000e+01 1.980586239985555949e+03 4.447137761737271489e-01 1.892123633192382753e-03 -1.006167951866007115e+01
8.100000000000000000e+01 2.005523399514514267e+03 4.588431906994644982e-01 1.939784936966586952e-03 -1.058585924105857501e+01
8.200000000000000000e+01 2.030717547940172608e+03 4.730771907070118187e-01 1.988055754385971950e-03 -1.111863412807154816e+01
8.300000000000000000e+01 2.056144410533029259e+03 4.874043422563038575e-01 2.036938578592617250e-03 -1.165977831951651567e+01
8.400000000000000000e+01 2.081801997217219196e+03 5.018139556168559334e-01 2.086435993296987396e-03 -1.220876883474687702e+01
8.500000000000000000e+01 2.107680889299245791e+03 5.162945996665994075e-01 2.136550665105817724e-03 -1.276545412577099725e+01
8.600000000000000000e+01 2.133776309228766422e+03 5.308369989959350610e-01 2.187285337001447331e-03 -1.332927248432458534e+01
8.700000000000000000e+01 2.160057474467778775e+03 5.454286112189372648e-01 2.238642822668210353e-03 -1.389973003298653609e+01
8.800000000000000000e+01 2.186505672228614912e+03 5.600575641231048118e-01 2.290625998768407081e-03 -1.447629415479918435e+01
8.900000000000000000e+01 2.213131903368931489e+03 5.747119872000640006e-01 2.343237799244110749e-03 -1.505850653790033178e+01
9.000000000000000000e+01 2.239939740761206394e+03 5.893755546970973480e-01 2.396481209596063380e-03 -1.564605746066254355e+01
9.100000000000000000e+01 2.266939655484121886e+03 6.040358100454867873e-01 2.450359261564731290e-03 -1.623842211262665103e+01
9.200000000000000000e+01 2.294132568357144009e+03 6.186786827876167294e-01 2.504875028353858481e-03 -1.683540379107216012e+01
9.300000000000000000e+01 2.321533726969520558e+03 6.332902575893030184e-01 2.560031620049021614e-03 -1.743651642428649851e+01
9.400000000000000000e+01 2.349136094649809820e+03 6.478588496153319110e-01 2.615832180428402914e-03 -1.804157110448318235e+01
9.500000000000000000e+01 2.376954920654955913e+03 6.623698047366608499e-01 2.672279883301386088e-03 -1.865008182149311011e+01
9.600000000000000000e+01 2.404983170147493183e+03 6.768099565894571956e-01 2.729377930604320879e-03 -1.926163688200531610e+01
9.700000000000000000e+01 2.433221237665823992e+03 6.911653981169411098e-01 2.787129550634839109e-03 -1.987582462780977721e+01
9.800000000000000000e+01 2.461676947183620541e+03 7.054214816134973809e-01 2.845537997145634705e-03 -2.049223343755944526e+01
9.900000000000000000e+01 2.490328410407744286e+03 7.195650472710651835e-01 2.904606549177278854e-03 -2.111037744504581326e+01
1.000000000000000000e+02 2.519190881969165730e+03 7.335851660526688800e-01 2.964338511515125351e-03 -2.172977082449456177e+01
1.010000000000000000e+02 2.548257332648990086e+03 7.474679398827936971e-01 3.024737215794041055e-03 -2.234992779237234117e+01
1.020000000000000000e+02 2.577528162796796096e+03 7.611920446691800013e-01 3.085806022763896636e-03 -2.297058545971286136e+01
1.030000000000000000e+02 2.606988917286588276e+03 7.747584437327887930e-01 3.147548324955488745e-03 -2.359096099892010656e+01
1.040000000000000000e+02 2.636639998914024545e+03 7.881383893819712272e-01 3.209967549666467492e-03 -2.421071733113615210e+01
1.050000000000000000e+02 2.666474383331696117e+03 8.013254213861570330e-01 3.273067163055559670e-03 -2.482929457655792405e+01
1.060000000000000000e+02 2.696485047375562317e+03 8.143056535936971096e-01 3.336850674310317798e-03 -2.544605862328221946e+01
1.070000000000000000e+02 2.726664969031766759e+03 8.270726306467374167e-01 3.401321641099830893e-03 -2.606059826315257055e+01
1.080000000000000000e+02 2.756999699044375120e+03 8.396050429423154160e-01 3.466483674217148061e-03 -2.667235377607652325e+01
1.090000000000000000e+02 2.787497074266195341e+03 8.518964400404800408e-01 3.532340443447396557e-03 -2.728069121534617736e+01
1.100000000000000000e+02 2.818142647499634677e+03 8.639255172665749605e-01 3.598895683605511566e-03 -2.788519954344995355e+01
1.110000000000000000e+02 2.848929303136185808e+03 8.756857577204795184e-01 3.666153200700921714e-03 -2.848539099950936659e+01
1.120000000000000000e+02 2.879856963994671787e+03 8.871703613984387449e-01 3.734116877835451462e-03 -2.908054503302706451e+01
1.130000000000000000e+02 2.910918027637444538e+03 8.983576026568793615e-01 3.802790681503400490e-03 -2.967031007462880510e+01
1.140000000000000000e+02 2.942104892338986701e+03 9.092331866410137131e-01 3.872178667853595335e-03 -3.025403748655801905e+01
1.150000000000000000e+02 2.973409957004145781e+03 9.197976776181127079e-01 3.942284988215199668e-03 -3.083122726533055413e+01
1.160000000000000000e+02 3.004833049434779696e+03 9.300367855546332052e-01 4.013113894885157740e-03 -3.140137947631971826e+01
1.170000000000000000e+02 3.036366569544848517e+03 9.399287944403629247e-01 4.084669746365022711e-03 -3.196391997178815814e+01
1.180000000000000000e+02 3.067995489276294393e+03 9.494742756589847898e-01 4.156957011999250738e-03 -3.251827467586298326e+01
1.190000000000000000e+02 3.099719637567023710e+03 9.586589462017969243e-01 4.229980276141463366e-03 -3.306401815294558588e+01
1.200000000000000000e+02 3.131531415219799783e+03 9.674759536787204128e-01 4.303744241834089185e-03 -3.360057647503286660e+01
1.210000000000000000e+02 3.163423223175597286e+03 9.759110195741208527e-01 4.378253733106584472e-03 -3.412737578997383281e+01
1.220000000000000000e+02 3.195380034090919708e+03 9.839572958980007389e-01 4.453513697469478096e-03 -3.464399088964111684e+01
1.230000000000000000e+02 3.227401677321557599e+03 9.916079367829793156e-01 4.529529206338980644e-03 -3.514984807699675429e+01
1.240000000000000000e+02 3.259480553811201844e+03 9.988486700756674663e-01 4.606305455443460498e-03 -3.564437373407702125e+01
1.250000000000000000e+02 3.291601636038042670e+03 1.005680082324837743e+00 4.683847763733274203e-03 -3.612714288987650946e+01
1.260000000000000000e+02 3.323764753020126591e+03 1.012087905313025171e+00 4.762161571345402411e-03 -3.659765637061408228e+01
1.270000000000000000e+02 3.355954876877720835e+03 1.018072729385691266e+00 4.841252436188487121e-03 -3.705534080039665668e+01
1.280000000000000000e+02 3.388164407856803336e+03 1.023620289973272923e+00 4.921126029790284448e-03 -3.749977145227667563e+01
1.290000000000000000e+02 3.420393174311747771e+03 1.028731180910920751e+00 5.001788131582964210e-03 -3.793044939817748684e+01
1.300000000000000000e+02 3.452626147647657035e+03 1.033391140951486875e+00 5.083244622057795682e-03 -3.834680150920599573e+01
1.310000000000000000e+02 3.484848530355971889e+03 1.037600755882524206e+00 5.165501474921190342e-03 -3.874840701181397407e+01
1.320000000000000000e+02 3.517068735073852622e+03 1.041360568151242338e+00 5.248564747703548215e-03 -3.913478575374762158e+01
1.330000000000000000e+02 3.549265692164710345e+03 1.044656253643230892e+00 5.332440571532001336e-03 -3.950553565459894401e+01
1.340000000000000000e+02 3.581440616875957403e+03 1.047503202872539507e+00 5.417135139560436997e-03 -3.986010614964521892e+01
1.350000000000000000e+02 3.613579867636201016e+03 1.049879665720846900e+00 5.502654693774664506e-03 -4.019824389054672764e+01
1.360000000000000000e+02 3.645684659515668045e+03 1.051793606475592169e+00 5.589005511758568870e-03 -4.051932419337897784e+01
1.370000000000000000e+02 3.677741350895370488e+03 1.053238133610904459e+00 5.676193891446749268e-03 -4.082294530607956773e+01
1.380000000000000000e+02 3.709743728598353300e+03 1.054221213065951845e+00 5.764226135615473610e-03 -4.110877984074345193e+01
1.390000000000000000e+02 3.741678151279561916e+03 1.054735954717731072e+00 5.853108534726778577e-03 -4.137642620579302388e+01
1.400000000000000000e+02 3.773553262926498519e+03 1.054782897300559075e+00 5.942847349772499392e-03 -4.162548288853235334e+01
1.410000000000000000e+02 3.805347994515743267e+03 1.054377436621336983e+00 6.033448793964994727e-03 -4.185562273758075236e+01
1.420000000000000000e+02 3.837056134230573662e+03 1.053505255319333367e+00 6.124919013454674377e-03 -4.206637011117836522e+01
1.430000000000000000e+02 3.868678899233863376e+03 1.052174321174240701e+00 6.217264068522617391e-03 -4.225747229339729927e+01
1.440000000000000000e+02 3.900195222396326244e+03 1.050392601909020840e+00 6.310489913185363987e-03 -4.242852807521676084e+01
1.450000000000000000e+02 3.931606322532381000e+03 1.048153208338374665e+00 6.404602375342113851e-03 -4.257906203650652799e+01
1.460000000000000000e+02 3.962883706086866368e+03 1.045471535965653453e+00 6.499607136380793071e-03 -4.270889596191791071e+01
1.470000000000000000e+02 3.994021165728248434e+03 1.042355551423850279e+00 6.595509710834900757e-03 -4.281748028764213387e+01
1.480000000000000000e+02 4.025005067090965440e+03 1.038805792314129173e+00 6.692315426135213817e-03 -4.290456265112070611e+01
1.490000000000000000e+02 4.055821777269744871e+03 1.034830223742041699e+00 6.790029402055681659e-03 -4.296974218813089408e+01
1.500000000000000000e+02 4.086457664963249499e+03 1.030436809798989772e+00 6.888656531299054177e-03 -4.301261809780856993e+01
1.510000000000000000e+02 4.116891486378676746e+03 1.025633340216265621e+00 6.988201459719338426e-03 -4.303293277028134156e+01
1.520000000000000000e+02 4.147130969460789856e+03 1.020426910663853715e+00 7.088668568556799957e-03 -4.303040690559414827e+01
1.530000000000000000e+02 4.177161373236889631e+03 1.014831870452391760e+00 7.190061954372601975e-03 -4.300475582345158898e+01
1.540000000000000000e+02 4.206982815585402022e+03 1.008862567178168801e+00 7.292385412762887424e-03 -4.295584346527881792e+01
1.550000000000000000e+02 4.236587988309113825e+03 1.002518489841291105e+00 7.395642421690909636e-03 -4.288331097439679951e+01
1.560000000000000000e+02 4.265984442302657044e+03 9.958214104133676914e-01 7.499836125794749793e-03 -4.278702239467546775e+01
1.570000000000000000e+02 4.295150017559475600e+03 9.887708135503064932e-01 7.604969321850019344e-03 -4.266669325061454998e+01
1.580000000000000000e+02 4.324092270073095278e+03 9.813958948565131291e-01 7.711044445358633016e-03 -4.252211339540480139e+01
1.590000000000000000e+02 4.352796473474554659e+03 9.736961338936058752e-01 7.818063558411527184e-03 -4.235307272494432596e+01
1.600000000000000000e+02 4.381255332511723282e+03 9.656932924414355357e-01 7.926028338792721201e-03 -4.215943545882936405e+01
1.610000000000000000e+02 4.409446698065281453e+03 9.574017009049196059e-01 8.034940070561852332e-03 -4.194091728730888491e+01
1.620000000000000000e+02 4.437363280604263309e+03 9.488356864711665617e-01 8.144799635888291117e-03 -4.169745678623662144e+01
1.630000000000000000e+02 4.464997793527387330e+03 9.400244296160691349e-01 8.255607508192232963e-03 -4.142869542997430443e+01
1.640000000000000000e+02 4.492328096491261022e+03 9.309673938078368849e-01 8.367363747100522997e-03 -4.113464614031897071e+01
1.650000000000000000e+02 4.519354337176918307e+03 9.216863237634556061e-01 8.480067994704302420e-03 -4.081502473237228656e+01
1.660000000000000000e+02 4.546061809540233298e+03 9.122029602025907291e-01 8.593719473060815878e-03 -4.046976989643903977e+01
1.670000000000000000e+02 4.572443238850630223e+03 9.025390396520290848e-01 8.708316983302242381e-03 -4.009874606138940578e+01
1.680000000000000000e+02 4.598491353315122979e+03 8.927162942497565146e-01 8.823858906698482316e-03 -3.970204052603368439e+01
1.690000000000000000e+02 4.624198884039092263e+03 8.827564515508423693e-01 8.940343205689538220e-03 -3.927951775546591051e+01
1.700000000000000000e+02 4.649558564973778630e+03 8.726738059817702453e-01 9.057767428175834620e-03 -3.883111651242671059e+01
1.710000000000000000e+02 4.674555704500648062e+03 8.624975036981235021e-01 9.176128711578780683e-03 -3.835677557114823344e+01
1.720000000000000000e+02 4.699197898754564449e+03 8.522492573411309946e-01 9.295423788825561001e-03 -3.785650799819858037e+01
1.730000000000000000e+02 4.723463033082382935e+03 8.419507741967433567e-01 9.415648995239979391e-03 -3.733025258281242031e+01
1.740000000000000000e+02 4.747343852043619336e+03 8.316237560056523037e-01 9.536800276825137257e-03 -3.677802240122461086e+01
1.750000000000000000e+02 4.770840530948979904e+03 8.213047554758710067e-01 9.658873199204578291e-03 -3.619997909749299936e+01
1.760000000000000000e+02 4.793938514403026602e+03 8.110078969952831951e-01 9.781862957661006594e-03 -3.559606053673147130e+01
1.770000000000000000e+02 4.816631172368118314e+03 8.007690344994430331e-01 9.905764387585310263e-03 -3.496627515672449249e+01
1.780000000000000000e+02 4.838904572184367680e+03 7.906090215886980577e-01 1.003057197615606598e-02 -3.431070474490570632e+01
1.790000000000000000e+02 4.860759639762693951e+03 7.805487054001269964e-01 1.015627987409986784e-02 -3.362935679518592025e+01
1.800000000000000000e+02 4.882189874385132498e+03 7.706237831320497111e-01 1.028288190817238171e-02 -3.292238735571024932e+01
1.810000000000000000e+02 4.903181348551642259e+03 7.608625168206616385e-01 1.041037159369796218e-02 -3.218995245908130443e+01
1.820000000000000000e+02 4.923734992874597083e+03 7.512931615208313652e-01 1.053874214749222875e-02 -3.143213383606083156e+01
1.830000000000000000e+02 4.943844310869913897e+03 7.419365367900428998e-01 1.066798650079050018e-02 -3.064908747975204051e+01
1.840000000000000000e+02 4.963495378798307684e+03 7.328283115771651035e-01 1.079809731210724065e-02 -2.984104364274724119e+01
1.850000000000000000e+02 4.982689130557897442e+03 7.240041473641201097e-01 1.092906697981396030e-02 -2.900793541673078835e+01
1.860000000000000000e+02 5.001411644126857027e+03 7.154848413117500527e-01 1.106088765449609636e-02 -2.815014156458446948e+01
1.870000000000000000e+02 5.019663854811075907e+03 7.072993539962463272e-01 1.119355125111268744e-02 -2.726774368240566915e+01
1.880000000000000000e+02 5.037439270044229488e+03 6.994862949350164616e-01 1.132704946020277395e-02 -2.636104618102816843e+01
1.890000000000000000e+02 5.054723969243865213e+03 6.920753515713125026e-01 1.146137375898437227e-02 -2.543020486547140280e+01
1.900000000000000000e+02 5.071518888724597673e+03 6.850991745005271527e-01 1.159651542127067801e-02 -2.447552406586861551e+01
1.910000000000000000e+02 5.087817536517126427e+03 6.785881774963388180e-01 1.173246552655110575e-02 -2.349730806733508359e+01
1.920000000000000000e+02 5.103605992246285496e+03 6.725757372320531058e-01 1.186921496896291631e-02 -2.249563825628770175e+01
1.930000000000000000e+02 5.118877763718718597e+03 6.670937361536285470e-01 1.200675446413143610e-02 -2.147081881824036032e+01
1.940000000000000000e+02 5.133641215170190662e+03 6.621762765429096698e-01 1.214507455611826825e-02 -2.042330245103457642e+01
1.950000000000000000e+02 5.147882425421950757e+03 6.578574519077895477e-01 1.228416562244321122e-02 -1.935331894401322828e+01
1.960000000000000000e+02 5.161602329550734794e+03 6.541713468832205391e-01 1.242401787870935255e-02 -1.826132087567533802e+01
1.970000000000000000e+02 5.174801862118608369e+03 6.511535228095230998e-01 1.256462138154263580e-02 -1.714761219275812820e+01
1.980000000000000000e+02 5.187481957115241130e+03 6.488380463070160253e-01 1.270596603081194931e-02 -1.601257105729531816e+01
1.990000000000000000e+02 5.199621262861652212e+03 6.472589748682292532e-01 1.284804157037333291e-02 -1.485650127612143301e+01
2.000000000000000000e+02 5.211235568778999550e+03 6.464503567870512057e-01 1.299083758799364670e-02 -1.367992943135216244e+01
2.010000000000000000e+02 5.222310810213945842e+03 6.464483501102482599e-01 1.313434351526518787e-02 -1.248307878336899179e+01
2.020000000000000000e+02 5.232839790176744827e+03 6.472864371096940239e-01 1.327854861999485346e-02 -1.126651949194683588e+01
2.030000000000000000e+02 5.242800314298369813e+03 6.489994668691192459e-01 1.342344201080757082e-02 -1.003044410440142542e+01
2.040000000000000000e+02 5.252199900948546201e+03 6.516215362340217476e-01 1.356901262728379270e-02 -8.775342212396127550e+00
2.050000000000000000e+02 5.261008926109769163e+03 6.551874754488671293e-01 1.371524923617510779e-02 -7.501629030763515615e+00
2.060000000000000000e+02 5.269234906916719410e+03 6.597306196290022573e-01 1.386214042538784844e-02 -6.209645393827357474e+00
2.070000000000000000e+02 5.276863074901222717e+03 6.652865229216753384e-01 1.400967459692632408e-02 -4.899739463571498810e+00
2.080000000000000000e+02 5.283886089449463725e+03 6.718892443252021396e-01 1.415783995957318325e-02 -3.572482148113919287e+00
2.090000000000000000e+02 5.290333751267648950e+03 6.795720905272951695e-01 1.430662452096090852e-02 -2.228377392371509114e+00
2.100000000000000000e+02 5.296191290601412220e+03 6.883705872576751927e-01 1.445601607910996199e-02 -8.679513146026400783e-01
2.110000000000000000e+02 5.301466222466750878e+03 6.983195079697765983e-01 1.460600221362191517e-02 5.082789963016416390e-01
2.120000000000000000e+02 5.306173490033658709e+03 7.094513882016393325e-01 1.475657027695383497e-02 1.899783199373975107e+00
2.130000000000000000e+02 5.310313179663853589e+03 7.218017254620010537e-01 1.490770738520689684e-02 3.306039990189784561e+00
2.140000000000000000e+02 5.313892806053177992e+03 7.354052651053109013e-01 1.505940040944879488e-02 4.726522247688012435e+00
2.150000000000000000e+02 5.316912455624745235e+03 7.502893148768343679e-01 1.521163596685958658e-02 6.160674752586036362e+00
2.160000000000000000e+02 5.319357358273077807e+03 7.664967728684938253e-01 1.536440041241320283e-02 7.607934990161923317e+00
2.170000000000000000e+02 5.321227600859049744e+03 7.840549285280458136e-01 1.551767983091358917e-02 9.067718296882802065e+00
2.180000000000000000e+02 5.322523270601594959e+03 8.029910622848167590e-01 1.567146002980070868e-02 1.053955157395707154e+01
2.190000000000000000e+02 5.323237026816758771e+03 8.233473023511399536e-01 1.582572653220944495e-02 1.202278358483260412e+01
2.200000000000000000e+02 5.323361529353087462e+03 8.451509114320830962e-01 1.598046457142893867e-02 1.351692666236831464e+01
2.210000000000000000e+02 5.322904295371959051e+03 8.684291435476330090e-01 1.613565908579470479e-02 1.502127043757507252e+01
2.220000000000000000e+02 5.321850557669718910e+03 8.932241008649105529e-01 1.629129471512608118e-02 1.653540182697308225e+01
2.230000000000000000e+02 5.320207834845025900e+03 9.195555920897870994e-01 1.644735579774615764e-02 1.805853648378766607e+01
2.240000000000000000e+02 5.317983646305402544e+03 9.474582743710823207e-01 1.660382636931112196e-02 1.959018735206119288e+01
2.250000000000000000e+02 5.315178083964772668e+03 9.769519400636854645e-01 1.676069016247743598e-02 2.112957040108667073e+01
2.260000000000000000e+02 5.311783812280901657e+03 1.008078658654278703e+00 1.691793060833771123e-02 2.267619889573910541e+01
2.270000000000000000e+02 5.307808353332422485e+03 1.040865635195517225e+00 1.707553083910544334e-02 2.422936341412114558e+01
2.280000000000000000e+02 5.303251801782528673e+03 1.075332638852576350e+00 1.723347369220204137e-02 2.578842898358243119e+01
2.290000000000000000e+02 5.298121681581520534e+03 1.111514288160531327e+00 1.739174171631217153e-02 2.735276079906773106e+01
2.300000000000000000e+02 5.292410660905183249e+03 1.149437766191313992e+00 1.755031717868674179e-02 2.892172422480443217e+01
2.310000000000000000e+02 5.286126265531692297e+03 1.189115392431868257e+00 1.770918207405094633e-02 3.049461051232050224e+01
2.320000000000000000e+02 5.279276022103505966e+03 1.230581764774447473e+00 1.786831813514342185e-02 3.207078536879981101e+01
2.330000000000000000e+02 5.271852601375632730e+03 1.273864046365287495e+00 1.802770684483559482e-02 3.364954039125454699e+01
2.340000000000000000e+02 5.263856103201519545e+03 1.318981965864583827e+00 1.818732945006771087e-02 3.523016735103040276e+01
2.350000000000000000e+02 5.255301484804924257e+03 1.365962674418012446e+00 1.834716697674137337e-02 3.681210676163790652e+01
2.360000000000000000e+02 5.246173990586739819e+03 1.414833317587404826e+00 1.850720024657305854e-02 3.839457646188955664e+01
2.370000000000000000e+02 5.236496007172649115e+03 1.465598750591309063e+00 1.866740989525281572e-02 3.997686875038225196e+01
2.380000000000000000e+02 5.226260208143805357e+03 1.518286108708103654e+00 1.882777639180341703e-02 4.155835038579336782e+01
2.390000000000000000e+02 5.215474124009381740e+03 1.572907665836375424e+00 1.898828005921084430e-02 4.313831401999627246e+01
2.400000000000000000e+02 5.204137857015674854e+03 1.629497976567506390e+00 1.914890109638276577e-02 4.471590391450482116e+01
2.410000000000000000e+02 5.192251509345798695e+03 1.688069306415427961e+00 1.930961960097239694e-02 4.629063592476629196e+01
2.420000000000000000e+02 5.179830039660121656e+03 1.748633917208107569e+00 1.947041559320361256e-02 4.786165466474322017e+01
2.430000000000000000e+02 5.166873549526640090e+03 1.811211495787894643e+00 1.963126904051559415e-02 4.942825349087226527e+01
2.440000000000000000e+02 5.153382139945382733e+03 1.875814297670174602e+00 1.979215988300410400e-02 5.098987450134411148e+01
2.450000000000000000e+02 5.139370767866435017e+03 1.942462004112201823e+00 1.995306805917250112e-02 5.254573711771329414e+01
2.460000000000000000e+02 5.124846960951551409e+03 2.011152009088960302e+00 2.011397353230278198e-02 5.409520950138006867e+01
2.470000000000000000e+02 5.109803389032322229e+03 2.081911418130367508e+00 2.027485631697018703e-02 5.563758570190444175e+01
2.480000000000000000e+02 5.094262434017438864e+03 2.154752478613426447e+00 2.043569650572157545e-02 5.717208565568465417e+01
2.490000000000000000e+02 5.078216762895119246e+03 2.229672580163652107e+00 2.059647429592059362e-02 5.869815231850843418e+01
2.500000000000000000e+02 5.061681325989262405e+03 2.306698825166227707e+00 2.075717001588163121e-02 6.021500596294727359e+01
2.510000000000000000e+02 5.044648702778930783e+03 2.385814076839736231e+00 2.091776415142201917e-02 6.172179480814404684e+01
2.520000000000000000e+02 5.027125991803745819e+03 2.467039664992612735e+00 2.107823737140402873e-02 6.321789834548390274e+01
2.530000000000000000e+02 5.009112777079752959e+03 2.550374966172226365e+00 2.123857055267385635e-02 6.470254972563259344e+01
2.540000000000000000e+02 4.990623496852562312e+03 2.635834214693003386e+00 2.139874480476896060e-02 6.617490797547989700e+01
2.550000000000000000e+02 4.971642873320024592e+03 2.723409361328735567e+00 2.155874149314813623e-02 6.763435512998711374e+01
2.560000000000000000e+02 4.952185339266123265e+03 2.813114643863049213e+00 2.171854226185347334e-02 6.908012481241485148e+01
2.570000000000000000e+02 4.932257896150507804e+03 2.904949445792895713e+00 2.187812905480175998e-02 7.051167364948453553e+01
2.580000000000000000e+02 4.911874970659736391e+03 2.998905725138556910e+00 2.203748413598669714e-02 7.192801271741836899e+01
2.590000000000000000e+02 4.891043557868481912e+03 3.094997728309098584e+00 2.219659010849238737e-02 7.332963891048567007e+01
2.600000000000000000e+02 4.869785506163863829e+03 3.193217420470165990e+00 2.235542993170791179e-02 7.471437506226770608e+01
2.610000000000000000e+02 4.848100375380480727e+03 3.293564199417727156e+00 2.251398693770742185e-02 7.608301548918048240e+01
2.620000000000000000e+02 4.826010006801611780e+03 3.396037467705082857e+00 2.267224484530951448e-02 7.743412614256430970e+01
2.630000000000000000e+02 4.803521381321694207e+03 3.500636633122683250e+00 2.283018777333416932e-02 7.876775878100905004e+01
2.640000000000000000e+02 4.780641476075095852e+03 3.607353680831220544e+00 2.298780025171167848e-02 8.008247962739312698e+01
2.650000000000000000e+02 4.757369836029024555e+03 3.716173173847430622e+00 2.314506723107524755e-02 8.137908354108913045e+01
2.660000000000000000e+02 4.733713430642384992e+03 3.827087110232455291e+00 2.330197409088314089e-02 8.265539416981317800e+01
2.670000000000000000e+02 4.709686653839438804e+03 3.940080066881309406e+00 2.345850664563343610e-02 8.391072095674506670e+01
2.680000000000000000e+02 4.685289038948046255e+03 4.055144056714527601e+00 2.361465114973263640e-02 8.514585913744552670e+01
2.690000000000000000e+02 4.660520115404370699e+03 4.172271100820665879e+00 2.377039430026905639e-02 8.635863272657118728e+01
2.700000000000000000e+02 4.635386837122339784e+03 4.291438372248552291e+00 2.392572323893332048e-02 8.754983719488825500e+01
2.710000000000000000e+02 4.609911010877731314e+03 4.412637909902072941e+00 2.408062555176029851e-02 8.871729678583385237e+01
2.720000000000000000e+02 4.584084726254684938e+03 4.535854333982773490e+00 2.423508926782100628e-02 8.986180719242568671e+01
2.730000000000000000e+02 4.557937210859557126e+03 4.661049989782512171e+00 2.438910285637285041e-02 9.098193570874299496e+01
2.740000000000000000e+02 4.531460546892917591e+03 4.788224374977744446e+00 2.454265522282951528e-02 9.207847823667776765e+01
2.750000000000000000e+02 4.504669098038152697e+03 4.917347284968484722e+00 2.469573570349224700e-02 9.314925943730472113e+01
2.760000000000000000e+02 4.477584652858789923e+03 5.048403383469350025e+00 2.484833405940404388e-02 9.419507540756730180e+01
2.770000000000000000e+02 4.450206711505570638e+03 5.181369917946873294e+00 2.500044046886221172e-02 9.521449383152747714e+01
2.780000000000000000e+02 4.422542199234706459e+03 5.316224148455404475e+00 2.515204551930479843e-02 9.620682531682652439e+01
2.790000000000000000e+02 4.394605466533210347e+03 5.452928491419489987e+00 2.530314019870268105e-02 9.717286622600366286e+01
2.800000000000000000e+02 4.366410860900859916e+03 5.591452805164871087e+00 2.545371588609429692e-02 9.811118449759409543e+01
2.810000000000000000e+02 4.337957870287572405e+03 5.731781818745715462e+00 2.560376434169346974e-02 9.902183381740323398e+01
2.820000000000000000e+02 4.309260836636654858e+03 5.873870562316196420e+00 2.575327769698671290e-02 9.990412510950332603e+01
2.830000000000000000e+02 4.280334099329659693e+03 6.017696366051841217e+00 2.590224844421393571e-02 1.007573693672489128e+02
2.840000000000000000e+02 4.251177138632994684e+03 6.163229147213387549e+00 2.605066942628855506e-02 1.015808776491822272e+02
2.850000000000000000e+02 4.221804289246516419e+03 6.310431410607236558e+00 2.619853382660229657e-02 1.023747039098751515e+02
2.860000000000000000e+02 4.192222455399494720e+03 6.459273105741536902e+00 2.634583515900662878e-02 1.031389021606288026e+02
2.870000000000000000e+02 4.162453396045965746e+03 6.609701913875191792e+00 2.649256725846267646e-02 1.038727836300775920e+02
2.880000000000000000e+02 4.132496583254655889e+03 6.761695246914237956e+00 2.663872427196725678e-02 1.045749167597190166e+02
2.890000000000000000e+02 4.102358915746550338e+03 6.915208249398631324e+00 2.678430065022303561e-02 1.052468413744667259e+02
2.900000000000000000e+02 4.072062147375905170e+03 7.070203512335607954e+00 2.692929113998869875e-02 1.058863831627485013e+02
2.910000000000000000e+02 4.041613173853128956e+03 7.226658501975450122e+00 2.707369077747685468e-02 1.064943391869466893e+02
2.920000000000000000e+02 4.011011461210962807e+03 7.384439278276260232e+00 2.721749488226088420e-02 1.070700208683546464e+02
2.930000000000000000e+02 3.980271330962290904e+03 7.543619914375824465e+00 2.736069905283339959e-02 1.076134824872465572e+02
2.940000000000000000e+02 3.949407103496936088e+03 7.704125936183639389e+00 2.750329916277823722e-02 1.081232926726850252e+02
2.950000000000000000e+02 3.918418241467944881e+03 7.865808606279245829e+00 2.764529135832867815e-02 1.086002485724152535e+02
2.960000000000000000e+02 3.887319063268183072e+03 8.028742058309806140e+00 2.778667205714068639e-02 1.090436616723958565e+02
2.970000000000000000e+02 3.856109029693194316e+03 8.192777596354195779e+00 2.792743794818856179e-02 1.094521006263661747e+02
2.980000000000000000e+02 3.824809885744122312e+03 8.357915112805260449e+00 2.806758599330460430e-02 1.098263625903762772e+02
2.990000000000000000e+02 3.793428518915631230e+03 8.524080238223421091e+00 2.820711342935965787e-02 1.101665018770059419e+02
3.000000000000000000e+02 3.761971815922860060e+03 8.691198625189580085e+00 2.834601777278292212e-02 1.104718299495742144e+02
3.010000000000000000e+02 3.730454054455292408e+03 8.859345121971978543e+00 2.848429682368537955e-02 1.107423947594099474e+02
3.020000000000000000e+02 3.698889364997260600e+03 9.028299890799306837e+00 2.862194867424421724e-02 1.109782189241783072e+02
3.030000000000000000e+02 3.667284412296192841e+03 9.198140857243517488e+00 2.875897171396486415e-02 1.111793187024294696e+02
3.040000000000000000e+02 3.635653288649207752e+03 9.368797403192207440e+00 2.889536464002678828e-02 1.113457103142860944e+02
3.050000000000000000e+02 3.604010085517006701e+03 9.540198934151353782e+00 2.903112646670318042e-02 1.114766671001333265e+02
3.060000000000000000e+02 3.572354036776145676e+03 9.712349163033119126e+00 2.916625653632964194e-02 1.115722051842988094e+02
3.070000000000000000e+02 3.540706660412314704e+03 9.885103259921359964e+00 2.930075453123428403e-02 1.116323406335791617e+02
3.080000000000000000e+02 3.509074616701097966e+03 1.005846498634214470e+01 2.943462048631238434e-02 1.116570894507194396e+02
3.090000000000000000e+02 3.477464564831329881e+03 1.023236384500360252e+01 2.956785480242884664e-02 1.116464675678277274e+02
3.100000000000000000e+02 3.445875734469425424e+03 1.040665508002980921e+01 2.970045826042627679e-02 1.116004908397325579e+02
3.110000000000000000e+02 3.414337067417985054e+03 1.058141681119083266e+01 2.983243203554459405e-02 1.115176893672408767e+02
3.120000000000000000e+02 3.382840362364723660e+03 1.075650433309348664e+01 2.996377771219045291e-02 1.113995645005553428e+02
3.130000000000000000e+02 3.351407129930893461e+03 1.093192153288479496e+01 3.009449729902122922e-02 1.112453889873346071e+02
3.140000000000000000e+02 3.320044022462130215e+03 1.110752375641792966e+01 3.022459324393234753e-02 1.110551783060053594e+02
3.150000000000000000e+02 3.288750262268481038e+03 1.128324065892005557e+01 3.035406844905612009e-02 1.108289478239361330e+02
3.160000000000000000e+02 3.257547354913887375e+03 1.145915048863912844e+01 3.048292628554392231e-02 1.105667127906318115e+02
3.170000000000000000e+02 3.226441947353411706e+03 1.163503438595689943e+01 3.061117060789769057e-02 1.102692311659587574e+02
3.180000000000000000e+02 3.195448112873782065e+03 1.181089636801753073e+01 3.073880576782696966e-02 1.099357751082857533e+02
3.190000000000000000e+02 3.164565065935048551e+03 1.198666619481133289e+01 3.086583662752261439e-02 1.095663594727999310e+02
3.200000000000000000e+02 3.133799447117652562e+03 1.216234793625604738e+01 3.099226857192393519e-02 1.091617418047833752e+02
3.210000000000000000e+02 3.103180179724426580e+03 1.233779712174731635e+01 3.111810752024613339e-02 1.087219366628846018e+02
3.220000000000000000e+02 3.072691614536256111e+03 1.251294359070575268e+01 3.124335993627301231e-02 1.082462156124951775e+02
3.230000000000000000e+02 3.042362669930595530e+03 1.268771720909491307e+01 3.136803283764584560e-02 1.077353357242658376e+02
3.240000000000000000e+02 3.012185119952969217e+03 1.286204786942250777e+01 3.149213380374576293e-02 1.071900538975715449e+02
3.250000000000000000e+02 2.982180449403264447e+03 1.303593977422461769e+01 3.161567098190563863e-02 1.066096411840597113e+02
3.260000000000000000e+02 2.952347855328809601e+03 1.320932286902160868e+01 3.173865309278521563e-02 1.059948541214405680e+02
3.270000000000000000e+02 2.922701388732143641e+03 1.338205284225933589e+01 3.186108943335420191e-02 1.053449633871781828e+02
3.280000000000000000e+02 2.893247669489272084e+03 1.355405969223397733e+01 3.198298987871888571e-02 1.046607251324902990e+02
3.290000000000000000e+02 2.863993314682134042e+03 1.372534772699069805e+01 3.210436488214390288e-02 1.039436381413398465e+02
3.300000000000000000e+02 2.834952366944871301e+03 1.389577271369349631e+01 3.222522547309195767e-02 1.031922296494505957e+02
3.310000000000000000e+02 2.806124009423390362e+03 1.406533901249033924e+01 3.234558325378696086e-02 1.024072551837538185e+02
3.320000000000000000e+02 2.777522279201351921e+03 1.423397672583906370e+01 3.246545039351712847e-02 1.015887272166972792e+02
3.330000000000000000e+02 2.749146353939071105e+03 1.440154169831794739e+01 3.258483962151481617e-02 1.007381436658727836e+02
3.340000000000000000e+02 2.721010265329476624e+03 1.456803836692134801e+01 3.270376421771575837e-02 9.985477371359237964e+01
3.350000000000000000e+02 2.693128042467626074e+03 1.473332262681492821e+01 3.282223800176212181e-02 9.893937197686840079e+01
3.360000000000000000e+02 2.665498855235165138e+03 1.489739896508753780e+01 3.294027532039602718e-02 9.799194999735148315e+01
3.370000000000000000e+02 2.638129299450739381e+03 1.506019760996264267e+01 3.305789103286198988e-02 9.701400474158060661e+01
3.380000000000000000e+02 2.611025968633741741e+03 1.522164881399620207e+01 3.317510049471569800e-02 9.600480442119827273e+01
3.390000000000000000e+02 2.584202882482424229e+03 1.538168285374838895e+01 3.329191954014884547e-02 9.496584549860861557e+01
3.400000000000000000e+02 2.557666630314526174e+03 1.554030431293423753e+01 3.340836446277511279e-02 9.389713850753092572e+01
3.410000000000000000e+02 2.531416371220961082e+03 1.569729494803830327e+01 3.352445199476555837e-02 9.279869371889999741e+01
3.420000000000000000e+02 2.505458690931760884e+03 1.585265938893041060e+01 3.364019928494704076e-02 9.167052113688987447e+01
3.430000000000000000e+02 2.479800173642119717e+03 1.600632800443283799e+01 3.375562387552143162e-02 9.051411616516159597e+01
3.440000000000000000e+02 2.454439973848295267e+03 1.615815690187360687e+01 3.387074367800452235e-02 8.932874542811056529e+01
3.450000000000000000e+02 2.429384673243042926e+03 1.630815077712428263e+01 3.398557694769372556e-02 8.811516094253838105e+01
3.460000000000000000e+02 2.404640852567939874e+03 1.645616578009626352e+01 3.410014225785613917e-02 8.687337160929875779e+01
3.470000000000000000e+02 2.380207663472132481e+03 1.660220664823409464e+01 3.421445847302902882e-02 8.560412888024198708e+01
3.480000000000000000e+02 2.356091685427011271e+03 1.674605528846310420e+01 3.432854472187258504e-02 8.430744108523175839e+01
3.490000000000000000e+02 2.332306925944251816e+03 1.688786504464673044e+01 3.444242036963744702e-02 8.298554476948325487e+01
3.500000000000000000e+02 2.308852535745640125e+03 1.702749214547874956e+01 3.455610499044785289e-02 8.163770484579602282e+01
3.510000000000000000e+02 2.285742588847130719e+03 1.716494148606859582e+01 3.466961833945739896e-02 8.026540696142242837e+01
3.520000000000000000e+02 2.262983997113532041e+03 1.730014402033758714e+01 3.478298032540887152e-02 7.886936372806268025e+01
3.530000000000000000e+02 2.240576311094751873e+03 1.743303080033703623e+01 3.489621098309288877e-02 7.744953714741900797e+01
3.540000000000000000e+02 2.218526510482229696e+03 1.756360717790050074e+01 3.500933044645752890e-02 7.600811742524797410e+01
3.550000000000000000e+02 2.196849004321997199e+03 1.769172995344332477e+01 3.512235892215167382e-02 7.454432312441572606e+01
3.560000000000000000e+02 2.175535917821282965e+03 1.781740450925923724e+01 3.523531666384591837e-02 7.305885817343737187e+01
3.570000000000000000e+02 2.154594234300710468e+03 1.794056195827969802e+01 3.534822394739541018e-02 7.155242619497367684e+01
3.580000000000000000e+02 2.134030938686913032e+03 1.806113342682417411e+01 3.546110104675526814e-02 7.002573050453310088e+01
3.590000000000000000e+02 2.113845589346467023e+03 1.817897577032641365e+01 3.557396821125893144e-02 6.847873127430317197e+01
3.600000000000000000e+02 2.094037746610379145e+03 1.829409442305289346e+01 3.568684564382315627e-02 6.691287403723458738e+01
3.610000000000000000e+02 2.074614401287689816e+03 1.840642054678868078e+01 3.579975348044776157e-02 6.532707837706693965e+01
3.620000000000000000e+02 2.055575118116611975e+03 1.851588531351634614e+01 3.591271177117239671e-02 6.372316062332300390e+01
3.630000000000000000e+02 2.036934320954451096e+03 1.862241990457621910e+01 3.602574046238209149e-02 6.210167397463080619e+01
3.640000000000000000e+02 2.018676722802191307e+03 1.872602979331373163e+01 3.613885938045954122e-02 6.046324560138067739e+01
3.650000000000000000e+02 2.000824181069216593e+03 1.882664617720407918e+01 3.625208821728746755e-02 5.880865092899009738e+01
3.660000000000000000e+02 1.983368842519513009e+03 1.892420026047072668e+01 3.636544651679764206e-02 5.713866507081123558e+01
3.670000000000000000e+02 1.966317713457323634e+03 1.901869753669015850e+01 3.647895366343943679e-02 5.545391426118987255e+01
3.680000000000000000e+02 1.949670374746084462e+03 1.910999493737386601e+01 3.659262887223654198e-02 5.375524727319362484e+01
3.690000000000000000e+02 1.933426410213853160e+03 1.919824653206129739e+01 3.670649118003986577e-02 5.204336400146897290e+01
3.700000000000000000e+02 1.917600263394554077e+03 1.928316069236114672e+01 3.682055943870015530e-02 5.031888974626811262e+01
3.710000000000000000e+02 1.902176667453001755e+03 1.936496577654006401e+01 3.693485230942529507e-02 4.858267234814049118e+01
3.720000000000000000e+02 1.887170071999505808e+03 1.944337015953380998e+01 3.704938825884968034e-02 4.683533648775874525e+01
3.730000000000000000e+02 1.872572644637254825e+03 1.951852791751723259e+01 3.716418555624743936e-02 4.507765510443395129e+01
3.740000000000000000e+02 1.858391412699770854e+03 1.959037027541103981e+01 3.727926227205831389e-02 4.331040083027813381e+01
3.750000000000000000e+02 1.844618549823828516e+03 1.965882845641086618e+01 3.739463627781808297e-02 4.153412314103216829e+01
3.760000000000000000e+02 1.831261089312856257e+03 1.972383368100237888e+01 3.751032524703425824e-02 3.974966834208971989e+01
3.770000000000000000e+02 1.818326067388147067e+03 1.978539144947279382e+01 3.762634665708143589e-02 3.795765958566063603e+01
3.780000000000000000e+02 1.805798238080072679e+03 1.984343297390963912e+01 3.774271779205036481e-02 3.615879400664025667e+01
3.790000000000000000e+02 1.793692071613047801e+03 1.989788946070250475e+01 3.785945574628309107e-02 3.435384272465034883e+01
3.800000000000000000e+02 1.782007184229579480e+03 1.994876639304074928e+01 3.797657742875236442e-02 3.254350227926101269e+01
3.810000000000000000e+02 1.770735766459527667e+03 1.999606924640324124e+01 3.809409956775310774e-02 3.072839463240694258e+01
3.820000000000000000e+02 1.759884868084504660e+03 2.003958063704053671e+01 3.821203871597186885e-02 2.890929002150461713e+01
3.830000000000000000e+02 1.749454112996645108e+03 2.007952887248514529e+01 3.833041125586623271e-02 2.708695839525417171e+01
3.840000000000000000e+02 1.739435699105227286e+03 2.011577083201038008e+01 3.844923340533561162e-02 2.526224370014963938e+01
3.850000000000000000e+02 1.729829254942162606e+03 2.014831195013396226e+01 3.856852122289505108e-02 2.343584103318343992e+01
3.860000000000000000e+02 1.720641839566618501e+03 2.017723193210134269e+01 3.868829061298276889e-02 2.160866806277873664e+01
3.870000000000000000e+02 1.711873085770028183e+03 2.020246190236443340e+01 3.880855733098104859e-02 1.978141933140510034e+01
3.880000000000000000e+02 1.703507771633480843e+03 2.022408153757927352e+01 3.892933698749857785e-02 1.795493767693546516e+01
3.890000000000000000e+02 1.695552962189944992e+03 2.024202193158485130e+01 3.905064505248269369e-02 1.612999138619925787e+01
3.900000000000000000e+02 1.688008295938755964e+03 2.025628844490199754e+01 3.917249685816877325e-02 1.430734848276416571e+01
3.910000000000000000e+02 1.680873413116974234e+03 2.026688642022449471e+01 3.929490760158192014e-02 1.248777673143556832e+01
3.920000000000000000e+02 1.674133098926683033e+03 2.027374689791351869e+01 3.941789234587197988e-02 1.067204364297771058e+01
3.930000000000000000e+02 1.667801853571964557e+03 2.027694946550544230e+01 3.954146602078315031e-02 8.860842195555013845e+00
3.940000000000000000e+02 1.661864465400958579e+03 2.027642512270626085e+01 3.966564342175436103e-02 7.054865123401376614e+00
3.950000000000000000e+02 1.656320580960839834e+03 2.027210484740514218e+01 3.979043920818407798e-02 5.254953489215062667e+00
3.960000000000000000e+02 1.651169848260935169e+03 2.026414244519540375e+01 3.991586790017577491e-02 3.461792127410646014e+00
3.970000000000000000e+02 1.646404488396870647e+03 2.025239456387567216e+01 4.004194387395844379e-02 1.676132500460024266e+00
3.980000000000000000e+02 1.642031580587019334e+03 2.023694067699137022e+01 4.016868135614765772e-02 -1.013261486585544519e-01
3.990000000000000000e+02 1.638043348768914484e+03 2.021771166535227948e+01 4.029609441636102657e-02 -1.869847649987248728e+00
4.000000000000000000e+02 1.634439446659434680e+03 2.019486123358113261e+01 4.042419695869974017e-02 -3.628715355565872880e+00
4.010000000000000000e+02 1.631219620648796081e+03 2.016824520784125951e+01 4.055300271156973141e-02 -5.377219897143070249e+00
4.020000000000000000e+02 1.628376555152020273e+03 2.013793936901059567e+01 4.068252521635793567e-02 -7.114644757544793308e+00
4.030000000000000000e+02 1.625910455687751892e+03 2.010401875162418861e+01 4.081277781442835956e-02 -8.840302970349423362e+00
4.040000000000000000e+02 1.623821529363581703e+03 2.006640979273092995e+01 4.094377363325004543e-02 -1.055346020797621343e+01
4.050000000000000000e+02 1.622095128245481419e+03 2.002511318147347907e+01 4.107552557078403971e-02 -1.225342688573516448e+01
4.060000000000000000e+02 1.620731462840096583e+03 1.998027814167118521e+01 4.120804627878363324e-02 -1.393958043919934831e+01
4.070000000000000000e+02 1.619730745486383285e+03 1.993183101339633012e+01 4.134134814517591988e-02 -1.561109789573902518e+01
4.080000000000000000e+02 1.619085762107717983e+03 1.987969810257934000e+01 4.147544327525875402e-02 -1.726730499895521476e+01
4.090000000000000000e+02 1.618781872323762173e+03 1.982410281412572317e+01 4.161034347186302884e-02 -1.890752763348294607e+01
4.100000000000000000e+02 1.618834151322257185e+03 1.976497138301254353e+01 4.174606021472161699e-02 -2.053101753314130207e+01
4.110000000000000000e+02 1.619213106484856553e+03 1.970230429092724478e+01 4.188260463908205500e-02 -2.213732368995134436e+01
4.120000000000000000e+02 1.619933817725247309e+03 1.963617626540400352e+01 4.201998751399482757e-02 -2.372569807748289250e+01
4.130000000000000000e+02 1.620989082477767170e+03 1.956658771196619995e+01 4.215821921963299607e-02 -2.529568991011186796e+01
4.140000000000000000e+02 1.622371700893633260e+03 1.949361328028951235e+01 4.229730972476459377e-02 -2.684662564961974240e+01
4.150000000000000000e+02 1.624067047639628299e+03 1.941732757986924440e+01 4.243726856370810818e-02 -2.837798041371210545e+01
4.160000000000000000e+02 1.626090213800509673e+03 1.933765661219701570e+01 4.257810481339111691e-02 -2.988922939991825700e+01
4.170000000000000000e+02 1.628419151878910725e+03 1.925474918746729713e+01 4.271982707049944150e-02 -3.137962502589654079e+01
4.180000000000000000e+02 1.631061531099454214e+03 1.916860550627191273e+01 4.286244342884591024e-02 -3.284871690468249739e+01
4.190000000000000000e+02 1.634002739107304023e+03 1.907922572582528886e+01 4.300596145726553327e-02 -3.429583185082942265e+01
4.200000000000000000e+02 1.637250452217123893e+03 1.898660995919885153e+01 4.315038817784523639e-02 -3.572044528851601086e+01
4.210000000000000000e+02 1.640790065454925980e+03 1.889090684157476474e+01 4.329573004504508327e-02 -3.712195839158039234e+01
4.220000000000000000e+02 1.644614406097061419e+03 1.879204211199729357e+01 4.344199292556415876e-02 -3.849969807401733135e+01
4.230000000000000000e+02 1.648731162151895660e+03 1.869001574666241439e+01 4.358918207916232662e-02 -3.985313983094778223e+01
4.240000000000000000e+02 1.653125740732243003e+03 1.858497624171609530e+01 4.373730214075326195e-02 -4.118175916204950227e+01
4.250000000000000000e+02 1.657790981571199382e+03 1.847692347855736728e+01 4.388635710342715657e-02 -4.248503156197466524e+01
4.260000000000000000e+02 1.662727157127066675e+03 1.836593157367623164e+01 4.403635030313735738e-02 -4.376272964476788019e+01
4.270000000000000000e+02 1.667912259276392433e+03 1.825214887800288110e+01 4.418728440447721589e-02 -4.501440314975465640e+01
4.280000000000000000e+02 1.673361426198220897e+03 1.813564940927053115e+01 4.433916138847591309e-02 -4.623967606596293223e+01
4.290000000000000000e+02 1.679045230590993697e+03 1.801643285140374928e+01 4.449198254144137027e-02 -4.743824662254702673e+01
4.300000000000000000e+02 1.684963963231384469e+03 1.789457312093200869e+01 4.464574844593151987e-02 -4.860959014522063626e+01
4.310000000000000000e+02 1.691117919615697474e+03 1.777029264992238566e+01 4.480045897334279659e-02 -4.975347903124229276e+01
4.320000000000000000e+02 1.697492543287326953e+03 1.764351668441708298e+01 4.495611327821234099e-02 -5.086953703889901846e+01
4.330000000000000000e+02 1.704095567601119683e+03 1.751431898492402794e+01 4.511270979445637652e-02 -5.195723927804066022e+01
4.340000000000000000e+02 1.710905017269610426e+03 1.738284754241392704e+01 4.527024623344683835e-02 -5.301635790166942286e+01
4.350000000000000000e+02 1.717928635147710793e+03 1.724902744383469155e+01 4.542871958391176551e-02 -5.404636782853888377e+01
4.360000000000000000e+02 1.725159312098546479e+03 1.711300657267656078e+01 4.558812611366383494e-02 -5.504696671833813326e+01
4.370000000000000000e+02 1.732589943646015854e+03 1.697478419103617142e+01 4.574846137332080898e-02 -5.601777782839963038e+01
4.380000000000000000e+02 1.740213429911747198e+03 1.683450807323075438e+01 4.590972020156944972e-02 -5.695842428797308798e+01
4.390000000000000000e+02 1.748030103887505675e+03 1.669217737142053437e+01 4.607189673236575939e-02 -5.786852908905225235e+01
4.400000000000000000e+02 1.756025446292219613e+03 1.654786546577780371e+01 4.623498440375840152e-02 -5.874793792776691248e+01
4.410000000000000000e+02 1.764192370516635719e+03 1.640171996417852540e+01 4.639897596843765848e-02 -5.959634777781337078e+01
4.420000000000000000e+02 1.772516365803493272e+03 1.625373985141748534e+01 4.656386350558104625e-02 -6.041352973196436693e+01
4.430000000000000000e+02 1.780997782166432444e+03 1.610407262297252728e+01 4.672963843441195475e-02 -6.119910614262413873e+01
4.440000000000000000e+02 1.789622116845468554e+03 1.595279143428388124e+01 4.689629152900986336e-02 -6.195292203046378177e+01
4.450000000000000000e+02 1.798382299203421326e+03 1.579989510057461999e+01 4.706381293417553208e-02 -6.267474794159424079e+01
4.460000000000000000e+02 1.807271262211556632e+03 1.564560523071494913e+01 4.723219218270637010e-02 -6.336435422231169667e+01
4.470000000000000000e+02 1.816281942276715881e+03 1.548992052609669301e+01 4.740141821341755518e-02 -6.402180814440998802e+01
4.480000000000000000e+02 1.825422135761328946e+03 1.533298819807082936e+01 4.757147939016161120e-02 -6.464695391202425867e+01
4.490000000000000000e+02 1.834677357045197368e+03 1.517488111740150458e+01 4.774236352146293827e-02 -6.523970978706017831e+01
4.500000000000000000e+02 1.844040551734281280e+03 1.501559781426453988e+01 4.791405788076527617e-02 -6.580006808067062707e+01
4.510000000000000000e+02 1.853512140186417810e+03 1.485535869788508734e+01 4.808654922707892437e-02 -6.632793965131781988e+01
4.520000000000000000e+02 1.863092720127951679e+03 1.469415761237134532e+01 4.825982382601089887e-02 -6.682313311696449887e+01
4.530000000000000000e+02 1.872760650236618631e+03 1.453213599756616503e+01 4.843386747078721327e-02 -6.728552419312116228e+01
4.540000000000000000e+02 1.882516576320373360e+03 1.436936095310084127e+01 4.860866550333181602e-02 -6.771491404400656222e+01
4.550000000000000000e+02 1.892346289366462770e+03 1.420589952208999129e+01 4.878420283529713575e-02 -6.811117784130641439e+01
4.560000000000000000e+02 1.902243010394763814e+03 1.404181869136437655e+01 4.896046396858336897e-02 -6.847411618897724850e+01
4.570000000000000000e+02 1.912199961913597235e+03 1.387718539174400689e+01 4.913743301574126365e-02 -6.880360368211485422e+01
4.580000000000000000e+02 1.922202939380166981e+03 1.371214078185488638e+01 4.931509371958812254e-02 -6.909936604836624952e+01
4.590000000000000000e+02 1.932237739367239556e+03 1.354675168147925923e+01 4.949342947225032763e-02 -6.936150012442313084e+01
4.600000000000000000e+02 1.942319872787354598e+03 1.338108485545468795e+01 4.967242333347145211e-02 -6.959010243054369482e+01
4.610000000000000000e+02 1.952420281221292498e+03 1.321520701411209764e+01 4.985205804802914087e-02 -6.978445204411940495e+01
4.620000000000000000e+02 1.962561905310955353e+03 1.304933338076044258e+01 5.003231606213124488e-02 -6.994679905045926205e+01
4.630000000000000000e+02 1.972715687704954917e+03 1.288353055819790782e+01 5.021317953881557217e-02 -7.007567901978700320e+01
4.640000000000000000e+02 1.982904569821400628e+03 1.271786509627958495e+01 5.039463037228840425e-02 -7.017185567973197635e+01
4.650000000000000000e+02 1.993099494814488025e+03 1.255247777602432890e+01 5.057665020090071351e-02 -7.023534956759282011e+01
4.660000000000000000e+02 2.003315976009173255e+03 1.238743504325520561e+01 5.075922041912048210e-02 -7.026692369282811512e+01
4.670000000000000000e+02 2.013539813291837618e+03 1.222287757629124627e+01 5.094232218806864221e-02 -7.026585502450465981e+01
4.680000000000000000e+02 2.023756806416499103e+03 1.205887171966988092e+01 5.112593644495748435e-02 -7.023290582400819915e+01
4.690000000000000000e+02 2.033967611622759250e+03 1.189548376841771571e+01 5.131004391097334499e-02 -7.016809513267347143e+01
4.700000000000000000e+02 2.044158028164566304e+03 1.173277996885867580e+01 5.149462509819227596e-02 -7.007144159961468688e+01
4.710000000000000000e+02 2.054313854952753900e+03 1.157090080296475421e+01 5.167966031493218676e-02 -6.994222063961422009e+01
4.720000000000000000e+02 2.064435747209720375e+03 1.140998670574081508e+01 5.186512967010862424e-02 -6.978193576625176320e+01
4.730000000000000000e+02 2.074509503034466434e+03 1.125002949914590822e+01 5.205101307621440992e-02 -6.958911873988246555e+01
4.740000000000000000e+02 2.084535776781156073e+03 1.109109524356528098e+01 5.223729025123698827e-02 -6.936601507614768991e+01
4.750000000000000000e+02 2.094507793996949658e+03 1.093339852231506093e+01 5.242394071944512374e-02 -6.911115568915236906e+01
4.760000000000000000e+02 2.104426208121564287e+03 1.077700530867132933e+01 5.261094381134959891e-02 -6.882529956524381021e+01
4.770000000000000000e+02 2.114276815445373813e+03 1.062190725044837514e+01 5.279827866238948758e-02 -6.850920525167617825e+01
4.780000000000000000e+02 2.124067696878569222e+03 1.046831880511964918e+01 5.298592421124109081e-02 -6.816288801549669074e+01
4.790000000000000000e+02 2.133799504576270010e+03 1.031630582345159119e+01 5.317385919692415447e-02 -6.778740264169799445e+01
4.800000000000000000e+02 2.143450605271456425e+03 1.016600840119109783e+01 5.336206215578576800e-02 -6.738216922141313603e+01
4.810000000000000000e+02 2.153036507116721623e+03 1.001734374626916591e+01 5.355051141762173089e-02 -6.694794448650335994e+01
4.820000000000000000e+02 2.162528147876588719e+03 9.870600448066909394e+00 5.373918510157307815e-02 -6.648503900020008928e+01
4.830000000000000000e+02 2.171933606829553355e+03 9.725769927170674123e+00 5.392806111181262102e-02 -6.599383713654884787e+01
4.840000000000000000e+02 2.181238678018485189e+03 9.582992137695606871e+00 5.411711713297146648e-02 -6.547472279206930068e+01
4.850000000000000000e+02 2.190429155355760031e+03 9.442332718116402290e+00 5.430633062582188031e-02 -6.492800509766175310e+01
4.860000000000000000e+02 2.199513117729202804e+03 9.303857276137351917e+00 5.449567882282640302e-02 -6.435414126478059416e+01
4.870000000000000000e+02 2.208476358955428623e+03 9.167631390087784382e+00 5.468513872423019090e-02 -6.375343944735858770e+01
4.880000000000000000e+02 2.217312101234168949e+03 9.033869177349927782e+00 5.487468709435797121e-02 -6.312643015553103254e+01
4.890000000000000000e+02 2.226028423549192212e+03 8.902487594793006664e+00 5.506430045856679223e-02 -6.247364340162823737e+01
4.900000000000000000e+02 2.234611119963929013e+03 8.773700708267742954e+00 5.525395510084964851e-02 -6.179553441347042764e+01
4.910000000000000000e+02 2.243060841414720926e+03 8.647573993090457378e+00 5.544362706216993120e-02 -6.109270648197909281e+01
4.920000000000000000e+02 2.251378239046402996e+03 8.524098619068224636e+00 5.563329213973786797e-02 -6.036553954108391196e+01
4.930000000000000000e+02 2.259563964241455778e+03 8.403414302551764692e+00 5.582292588727313237e-02 -5.961471014998292617e+01
4.940000000000000000e+02 2.267611240291060767e+03 8.285660740997693452e+00 5.601250361635147501e-02 -5.884052293969391911e+01
4.950000000000000000e+02 2.275513290757940013e+03 8.170903331054246266e+00 5.620200039892321586e-02 -5.804372772999370511e+01
4.960000000000000000e+02 2.283270767829693341e+03 8.059133170169507920e+00 5.639139107116651617e-02 -5.722470240964690902e+01
4.970000000000000000e+02 2.290869467260934471e+03 7.950489908726501298e+00 5.658065023857867387e-02 -5.638404720353207011e+01
4.980000000000000000e+02 2.298310041756363262e+03 7.845038901181604629e+00 5.676975228250728811e-02 -5.552236182159541045e+01
4.990000000000000000e+02 2.305585715890762003e+03 7.742845491230514909e+00 5.695867136814856957e-02 -5.464017117516857525e+01
5.000000000000000000e+02 2.312689714418248514e+03 7.644049296991031639e+00 5.714738145395727859e-02 -5.373792537715161188e+01
5.010000000000000000e+02 2.319615227677829807e+03 7.548641324266389674e+00 5.733585630253253129e-02 -5.281628841836697319e+01
5.020000000000000000e+02 2.326362736254151059e+03 7.456760988490423792e+00 5.752406949307807549e-02 -5.187588994335502690e+01
5.030000000000000000e+02 2.332925257823551419e+03 7.368399096219574673e+00 5.771199443529654444e-02 -5.091720205926505827e+01
5.040000000000000000e+02 2.339303238305988543e+03 7.283769302310174609e+00 5.789960438483451877e-02 -4.994106778022896975e+01
5.050000000000000000e+02 2.345504551762867777e+03 7.202788127153390008e+00 5.808687246004184263e-02 -4.894803247785917932e+01
5.060000000000000000e+02 2.351514786881892178e+03 7.125594942957088840e+00 5.827377166036853962e-02 -4.793871530114822832e+01
5.070000000000000000e+02 2.357341816952799945e+03 7.052269698212422000e+00 5.846027488587594856e-02 -4.691373489571825672e+01
5.080000000000000000e+02 2.362978657979174841e+03 6.982877489581994723e+00 5.864635495818468214e-02 -4.587378369043773318e+01
5.090000000000000000e+02 2.368418325231372819e+03 6.917468563696627548e+00 5.883198464261390342e-02 -4.481947933388919836e+01
5.100000000000000000e+02 2.373676118139728715e+03 6.856100604012175026e+00 5.901713667147071019e-02 -4.375151326520170159e+01
5.110000000000000000e+02 2.378730193325757682e+03 6.798823875923831750e+00 5.920178376831591177e-02 -4.267042786772035612e+01
5.120000000000000000e+02 2.383595847929436786e+03 6.745688656939099026e+00 5.938589867323833954e-02 -4.157691360753777587e+01
5.130000000000000000e+02 2.388258664274208058e+03 6.696760095208296626e+00 5.956945416892357736e-02 -4.047166047134894029e+01
5.140000000000000000e+02 2.392719079779178173e+03 6.652088497960239266e+00 5.975242310738579365e-02 -3.935520940463790396e+01
5.150000000000000000e+02 2.396977530063786617e+03 6.611716761695024758e+00 5.993477843731877253e-02 -3.822824945120419216e+01
5.160000000000000000e+02 2.401034448748541763e+03 6.575702659082578450e+00 6.011649323187864824e-02 -3.709154347549448971e+01
5.170000000000000000e+02 2.404882838902194180e+03 6.544081699063703184e+00 6.029754071677880661e-02 -3.594563103473607413e+01
5.180000000000000000e+02 2.408515701187264767e+03 6.516911698807623665e+00 6.047789429863170002e-02 -3.479127408639697450e+01
5.190000000000000000e+02 2.411940890354881049e+03 6.494228215469851406e+00 6.065752759309493702e-02 -3.362915986091411469e+01
5.200000000000000000e+02 2.415143973288108100e+03 6.476074261454640713e+00 6.083641445317268526e-02 -3.245990086871581326e+01
5.210000000000000000e+02 2.418132798899508089e+03 6.462500306278153417e+00 6.101452899714819578e-02 -3.128425775802747921e+01
5.220000000000000000e+02 2.420900356178629863e+03 6.453541993381717745e+00 6.119184563612700689e-02 -3.010284218842644677e+01
5.230000000000000000e+02 2.423439630695116648e+03 6.449234998696364407e+00 6.136833910103778322e-02 -2.891633968917186692e+01
5.240000000000000000e+02 2.425765889457119556e+03 6.449600175805553448e+00 6.154398446902849262e-02 -2.772550966727600752e+01
5.250000000000000000e+02 2.427864682273389008e+03 6.454665842857450819e+00 6.171875718912971098e-02 -2.653096256530752939e+01
5.260000000000000000e+02 2.429751268376398912e+03 6.464452927723650433e+00 6.189263310683389835e-02 -2.533338272044085926e+01
5.270000000000000000e+02 2.431418617800041375e+03 6.478989826555284104e+00 6.206558848788240601e-02 -2.413345408971753869e+01
5.280000000000000000e+02 2.432867124619379410e+03 6.498304977284255379e+00 6.223760004071812041e-02 -2.293193454252629238e+01
5.290000000000000000e+02 2.434097178449369039e+03 6.522412004768776583e+00 6.240864493791940804e-02 -2.172935873577585397e+01
5.300000000000000000e+02 2.435116592655138902e+03 6.551324579333781983e+00 6.257870083615336976e-02 -2.052663239129509520e+01
5.310000000000000000e+02 2.435910890822839065e+03 6.585071275304018812e+00 6.274774589482172427e-02 -1.932436375388012095e+01
5.320000000000000000e+02 2.436495305095721960e+03 6.623651002726774983e+00 6.291575879325961296e-02 -1.812345786906607259e+01
5.330000000000000000e+02 2.436862777619783174e+03 6.667077579288251954e+00 6.308271874638030075e-02 -1.692444804153138449e+01
5.340000000000000000e+02 2.437006245505438983e+03 6.715364875417413337e+00 6.324860551875548242e-02 -1.572823868021798255e+01
5.350000000000000000e+02 2.436940925803115078e+03 6.768534244428759727e+00 6.341339943726514994e-02 -1.453543675706605676e+01
5.360000000000000000e+02 2.436652316990520376e+03 6.826584810901271005e+00 6.357708140186876800e-02 -1.334694608544752548e+01
5.370000000000000000e+02 2.436155625728016730e+03 6.889515757494963921e+00 6.373963289483049188e-02 -1.216329877920791880e+01
5.380000000000000000e+02 2.435443768374645515e+03 6.957333755051378077e+00 6.390103598861071599e-02 -1.098524953139627236e+01
5.390000000000000000e+02 2.434524512721512110e+03 7.030023250926693557e+00 6.406127335172064063e-02 -9.813552774608908180e+00
5.400000000000000000e+02 2.433383336236871401e+03 7.107583612458956424e+00 6.422032825330062367e-02 -8.648814124972510342e+00
5.410000000000000000e+02 2.432042852878407757e+03 7.190021700314806807e+00 6.437818456599445072e-02 -7.491713243772922581e+00
5.420000000000000000e+02 2.430495957964843001e+03 7.277322156764721939e+00 6.453482676757113512e-02 -6.343003848706267433e+00
5.430000000000000000e+02 2.428735541613915302e+03 7.369477120738742393e+00 6.469023994081031514e-02 -5.203313159800014631e+00
5.440000000000000000e+02 2.426776773842680541e+03 7.466478801107540697e+00 6.484440977219677049e-02 -4.073312762970746626e+00
5.450000000000000000e+02 2.424619962877728540e+03 7.568289764888077364e+00 6.499732254938592191e-02 -2.953622053094660860e+00
5.460000000000000000e+02 2.422257983578107542e+03 7.674909793976641303e+00 6.514896515738355376e-02 -1.844867672553085924e+00
5.470000000000000000e+02 2.419698562569136811e+03 7.786301603199605736e+00 6.529932507369749783e-02 -7.476909514442764415e-01
5.480000000000000000e+02 2.416941993284247474e+03 7.902383413487709340e+00 6.544839036244413932e-02 3.372966505401603365e-01
5.490000000000000000e+02 2.413988564416407371e+03 8.023296373979276197e+00 6.559614966765499322e-02 1.409444448364859159e+00
5.500000000000000000e+02 2.410838560026904815e+03 8.148810295462858733e+00 6.574259220572392648e-02 2.468133088771072181e+00
5.510000000000000000e+02 2.407507044357812447e+03 8.279067554519420113e+00 6.588770775734026364e-02 3.512710137648286324e+00
5.520000000000000000e+02 2.403979075841193207e+03 8.413917746458082547e+00 6.603148665877107970e-02 4.542534573884778659e+00
5.530000000000000000e+02 2.400269350036495325e+03 8.553360184627237572e+00 6.617391979289163895e-02 5.556965698119152641e+00
5.540000000000000000e+02 2.396385130011222827e+03 8.697394267044099792e+00 6.631499857967319833e-02 6.555377750449935093e+00
5.550000000000000000e+02 2.392318818121400909e+03 8.845945194175561355e+00 6.645471496692062496e-02 7.537122755923450157e+00
5.560000000000000000e+02 2.388070241194076971e+03 8.999012537186951377e+00 6.659306142068023571e-02 8.501560225066320697e+00
5.570000000000000000e+02 2.383661507359524421e+03 9.156521672139604107e+00 6.673003091578651180e-02 9.448123996063126029e+00
5.580000000000000000e+02 2.379077579379791132e+03 9.318472348155859564e+00 6.686561692678916202e-02 1.037614394127121997e+01
5.590000000000000000e+02 2.374325701579039560e+03 9.484790121530616958e+00 6.699981341897845444e-02 1.128518022979997859e+01
5.600000000000000000e+02 2.369405686567661178e+03 9.655474923807862098e+00 6.713261484006563529e-02 1.217464446836537206e+01
5.610000000000000000e+02 2.364332200413935425e+03 9.830378212298848339e+00 6.726401611221510812e-02 1.304394825491397292e+01
5.620000000000000000e+02 2.359090192658321030e+03 1.000957438857308546e+01 6.739401262483094013e-02 1.389272601565390630e+01
5.630000000000000000e+02 2.353694323225272910e+03 1.019291509837375642e+01 6.752260022795490702e-02 1.472024072346589030e+01
5.640000000000000000e+02 2.348151820775038232e+03 1.038040065001134060e+01 6.764977522659204601e-02 1.552605243576803318e+01
5.650000000000000000e+02 2.342447626098736691e+03 1.057195716468721791e+01 6.777553437578057172e-02 1.630972114676310269e+01
5.660000000000000000e+02 2.336596390657589836e+03 1.076758514427865521e+01 6.789987487664544963e-02 1.707080677361564369e+01
5.670000000000000000e+02 2.330605334910500460e+03 1.096706233805697828e+01 6.802279437336684886e-02 1.780872057554848098e+01
5.680000000000000000e+02 2.324466820033544082e+03 1.117046372788043307e+01 6.814429095124988067e-02 1.852309655738687866e+01
5.690000000000000000e+02 2.318188061381260923e+03 1.137771582780126245e+01 6.826436313570086178e-02 1.921349432151609093e+01
5.700000000000000000e+02 2.311768843486481728e+03 1.158867096813603048e+01 6.838300989236535676e-02 1.987947333729382748e+01
5.710000000000000000e+02 2.305216376801541628e+03 1.180333014648643442e+01 6.850023062814153407e-02 2.052051864340718978e+01
5.720000000000000000e+02 2.298537869378811138e+03 1.202154589418700859e+01 6.861602519351300833e-02 2.113641225120139211e+01
5.730000000000000000e+02 2.291733098541335039e+03 1.224331941071728558e+01 6.873039388567968311e-02 2.172663886244094300e+01
5.740000000000000000e+02 2.284801839244225448e+03 1.246857771354020095e+01 6.884333745269978488e-02 2.229098012308401167e+01
5.750000000000000000e+02 2.277766149127033714e+03 1.269717363839125213e+01 6.895485709871850000e-02 2.282914319150678040e+01
5.760000000000000000e+02 2.270610941704191191e+03 1.292910869001840268e+01 6.906495448993173192e-02 2.334076072423176385e+01
5.770000000000000000e+02 2.263358269851190016e+03 1.316423590834714297e+01 6.917363176150634341e-02 2.382546514516026548e+01
5.780000000000000000e+02 2.256000470627766845e+03 1.340248271910569144e+01 6.928089152525615524e-02 2.428288863131405506e+01
5.790000000000000000e+02 2.248544735347177721e+03 1.364385093388524162e+01 6.938673687788463051e-02 2.471288594910690506e+01
5.800000000000000000e+02 2.240998252836496704e+03 1.388811961613242119e+01 6.949117140997000674e-02 2.511508873912686113e+01
5.810000000000000000e+02 2.233368209391167966e+03 1.413529078210905077e+01 6.959419921546131094e-02 2.548912835248572151e+01
5.820000000000000000e+02 2.225654360373884174e+03 1.438521798326674883e+01 6.969582490151056409e-02 2.583471012021937341e+01
5.830000000000000000e+02 2.217856458509401364e+03 1.463782915658397066e+01 6.979605359855217683e-02 2.615161333925358988e+01
5.840000000000000000e+02 2.209989110525951673e+03 1.489312662433783530e+01 6.989489097072074109e-02 2.643946840794189868e+01
5.850000000000000000e+02 2.202052063692473894e+03 1.515081567630612369e+01 6.999234322621870896e-02 2.669805394621275951e+01
5.860000000000000000e+02 2.194045062455640164e+03 1.541097312094703220e+01 7.008841712771315957e-02 2.692707393130305960e+01
5.870000000000000000e+02 2.185975276725958338e+03 1.567345301697932491e+01 7.018312000254123273e-02 2.712645481812509018e+01
5.880000000000000000e+02 2.177857301813972754e+03 1.593810952343328502e+01 7.027645975268387302e-02 2.729597410823924619e+01
5.890000000000000000e+02 2.169676016616609559e+03 1.620487118264019699e+01 7.036844486415409772e-02 2.743548318698688604e+01
5.900000000000000000e+02 2.161453438709449529e+03 1.647366663616042359e+01 7.045908441619813667e-02 2.754475874326295326e+01
5.910000000000000000e+02 2.153189297488206648e+03 1.674435034065585626e+01 7.054838808954423668e-02 2.762372560696512025e+01
5.920000000000000000e+02 2.144883319167425270e+03 1.701685113421425299e+01 7.063636617405058549e-02 2.767208531859862219e+01
5.930000000000000000e+02 2.136542655084108446e+03 1.729102366860835005e+01 7.072302957555759440e-02 2.768983610109810911e+01
5.940000000000000000e+02 2.128167024956987916e+03 1.756679697551035346e+01 7.080838982163881190e-02 2.767690142981770407e+01
5.950000000000000000e+02 2.119771001904316108e+03 1.784402589864197708e+01 7.089245906645634532e-02 2.763320430374484715e+01
5.960000000000000000e+02 2.111354299018035817e+03 1.812263965988065806e+01 7.097525009431523979e-02 2.755866723343117997e+01
5.970000000000000000e+02 2.102916626048352555e+03 1.840249329130213241e+01 7.105677632216178541e-02 2.745313794565005594e+01
5.980000000000000000e+02 2.094465117747681688e+03 1.868344191767744888e+01 7.113705180072119050e-02 2.731668650580556346e+01
5.990000000000000000e+02 2.086006905524364356e+03 1.896548932241991992e+01 7.121609121429135769e-02 2.714915960556458430e+01
6.000000000000000000e+02 2.077541689107217735e+03 1.924841652896228794e+01 7.129390987907190114e-02 2.695062625277548563e+01
6.010000000000000000e+02 2.069083980669112407e+03 1.953215441884088222e+01 7.137052374015945277e-02 2.672114803557462182e+01
6.020000000000000000e+02 2.060618411903420565e+03 1.981656448517592040e+01 7.144594936693784981e-02 2.646083277166629699e+01
6.030000000000000000e+02 2.052174140436265134e+03 2.010158379321044109e+01 7.152020394760207067e-02 2.616955798769661357e+01
6.040000000000000000e+02 2.043735750638909394e+03 2.038707521025888170e+01 7.159330527951530965e-02 2.584742348482927099e+01
6.050000000000000000e+02 2.035310108854462214e+03 2.067290168784171911e+01 7.166527176315751202e-02 2.549445419503399890e+01
6.060000000000000000e+02 2.026911506784213316e+03 2.095900054377559840e+01 7.173612238956257603e-02 2.511074873868727408e+01
6.070000000000000000e+02 2.018531948185779584e+03 2.124530917720685252e+01 7.180587672864713333e-02 2.469625656496284805e+01
6.080000000000000000e+02 2.010185719085890241e+03 2.153161650009405648e+01 7.187455491583186196e-02 2.425114936054882619e+01
6.090000000000000000e+02 2.001879674502557236e+03 2.181786006965753444e+01 7.194217763698286527e-02 2.377559819065526625e+01
6.100000000000000000e+02 1.993598381879275166e+03 2.210390323626323195e+01 7.200876611221075640e-02 2.326962492383784564e+01
6.110000000000000000e+02 1.985370976383062043e+03 2.238953514176678894e+01 7.207434207819450600e-02 2.273332507465052288e+01
6.120000000000000000e+02 1.977182020857811040e+03 2.267476785182037702e+01 7.213892776944462459e-02 2.216679351260702546e+01
6.130000000000000000e+02 1.969038361142858548e+03 2.295946493661043419e+01 7.220254589834988745e-02 2.157019873846790858e+01
6.140000000000000000e+02 1.960961697898320608e+03 2.324349003606668518e+01 7.226521963418221228e-02 2.094378287734714661e+01
6.150000000000000000e+02 1.952929159987218100e+03 2.352670685802038975e+01 7.232697258109305194e-02 2.028778738863942266e+01
6.160000000000000000e+02 1.944969873220556110e+03 2.380905345981954468e+01 7.238782875538173067e-02 1.960260162677854368e+01
6.170000000000000000e+02 1.937075820353000609e+03 2.409046796289434766e+01 7.244781256185668650e-02 1.888839141780259823e+01
6.180000000000000000e+02 1.929253839739227942e+03 2.437088855078058458e+01 7.250694876963356683e-02 1.814554475477067541e+01
6.190000000000000000e+02 1.921503340492728967e+03 2.465003061659143313e+01 7.256526248744778196e-02 1.737430037497615842e+01
6.200000000000000000e+02 1.913831159399829403e+03 2.492798102897327439e+01 7.262277913854410516e-02 1.657497060550347712e+01
6.210000000000000000e+02 1.906251561136152532e+03 2.520460386197852998e+01 7.267952443515791894e-02 1.574779279159548118e+01
6.220000000000000000e+02 1.898756525083974566e+03 2.547961467641836464e+01 7.273552435300678631e-02 1.489315214285549871e+01
6.230000000000000000e+02 1.891345458952436275e+03 2.575310050218839208e+01 7.279080510569967133e-02 1.401135887875594932e+01
6.240000000000000000e+02 1.884032627346800382e+03 2.602485128451310814e+01 7.284539311910941117e-02 1.310264822497502735e+01
6.250000000000000000e+02 1.876817438585214177e+03 2.629480558268693713e+01 7.289931500603365200e-02 1.216732897705820271e+01
6.260000000000000000e+02 1.869706729964956594e+03 2.656275343375001796e+01 7.295259754119536033e-02 1.120578349739362878e+01
6.270000000000000000e+02 1.862692482923904890e+03 2.682863348414461058e+01 7.300526763658234108e-02 1.021824486199817805e+01
6.280000000000000000e+02 1.855796393350010931e+03 2.709231013681524658e+01 7.305735231728785473e-02 9.205093992138452919e+00
6.290000000000000000e+02 1.849003016631853825e+03 2.735372211578309631e+01 7.310887869811125150e-02 8.166859652258679603e+00
6.300000000000000000e+02 1.842326623007628996e+03 2.761280818017575456e+01 7.315987396079239036e-02 7.103921314215142502e+00
6.310000000000000000e+02 1.835766627653498972e+03 2.786928427121560503e+01 7.321036533198947704e-02 6.016657722841834754e+00
6.320000000000000000e+02 1.829322447566287565e+03 2.812323777770009059e+01 7.326038006220153553e-02 4.905595461832413129e+00
6.330000000000000000e+02 1.823008358437808283e+03 2.837445898190469862e+01 7.330994540575684615e-02 3.771037535421178255e+00
6.340000000000000000e+02 1.816816353068442595e+03 2.862281247448755650e+01 7.335908860160957057e-02 2.613509068908431487e+00
6.350000000000000000e+02 1.810753283273675152e+03 2.886831143535135524e+01 7.340783685527482727e-02 1.433504744580102130e+00
6.360000000000000000e+02 1.804826003328837714e+03 2.911074621345845870e+01 7.345621732203359844e-02 2.314962302047759990e-01
6.370000000000000000e+02 1.799033941753684076e+03 2.935013002514347846e+01 7.350425709103861061e-02 -9.920009653473190747e-01
6.380000000000000000e+02 1.793376529786736455e+03 2.958625325036637577e+01 7.355198317077848991e-02 -2.236472061417561275e+00
6.390000000000000000e+02 1.787860629848669078e+03 2.981912913096768847e+01 7.359942247559397854e-02 -3.501425289498081295e+00
6.400000000000000000e+02 1.782485678943866105e+03 3.004854806686699220e+01 7.364660181348789414e-02 -4.786348807363211222e+00
6.410000000000000000e+02 1.777258545451845748e+03 3.027452331426614762e+01 7.369354787495850656e-02 -6.090725554005120834e+00
6.420000000000000000e+02 1.772171244156352941e+03 3.049684528179838949e+01 7.374028722321777918e-02 -7.413973820736466713e+00
6.430000000000000000e+02 1.767245506415753425e+03 3.071552722868514351e+01 7.378684628532254652e-02 -8.755506675563745844e+00
6.440000000000000000e+02 1.762458496718695415e+03 3.093043384434416154e+01 7.383325134451733385e-02 -1.011472453207200672e+01
6.450000000000000000e+02 1.757831952934838910e+03 3.114135552899338677e+01 7.387952853356687111e-02 -1.149104337405116993e+01
6.460000000000000000e+02 1.753365331200290029e+03 3.134830552474430831e+01 7.392570382914627480e-02 -1.288387989534779621e+01
6.470000000000000000e+02 1.749050662646192222e+03 3.155114849515665654e+01 7.397180304712766552e-02 -1.429256978421801705e+01
6.480000000000000000e+02 1.744894838468497937e+03 3.174974908929614514e+01 7.401785183869706575e-02 -1.571665742484272776e+01
6.490000000000000000e+02 1.740897324887782588e+03 3.194412050577930273e+01 7.406387568731701010e-02 -1.715533133821001854e+01
6.500000000000000000e+02 1.737072448202728310e+03 3.213412735579233015e+01 7.410989990633438940e-02 -1.860807787208083752e+01
6.510000000000000000e+02 1.733404851226963274e+03 3.231978280781561352e+01 7.415594963730287592e-02 -2.007417021577116856e+01
6.520000000000000000e+02 1.729901571358194360e+03 3.250102577521351321e+01 7.420204984865609588e-02 -2.155299254213123561e+01
6.530000000000000000e+02 1.726569675883093851e+03 3.267779515565831616e+01 7.424822533498644239e-02 -2.304401298804175369e+01
6.540000000000000000e+02 1.723408807063369295e+03 3.285002981443810910e+01 7.429450071656452936e-02 -2.454662607656764450e+01
6.550000000000000000e+02 1.720426038811417129e+03 3.301759429795538381e+01 7.434090043910483725e-02 -2.606022699376130447e+01
6.560000000000000000e+02 1.717606163261489655e+03 3.318057596473818194e+01 7.438744877361520846e-02 -2.758406301457985066e+01
6.570000000000000000e+02 1.714963689191515414e+03 3.333883928142826392e+01 7.443416981636849505e-02 -2.911767919644107394e+01
6.580000000000000000e+02 1.712498271890459364e+03 3.349232295379826496e+01 7.448108748872350748e-02 -3.066024981985823672e+01
6.590000000000000000e+02 1.710209569827357200e+03 3.364089135675977360e+01 7.452822553678274675e-02 -3.221124693173401710e+01
6.600000000000000000e+02 1.708097244620401398e+03 3.378455738189162361e+01 7.457560753081024507e-02 -3.376999463572946070e+01
6.610000000000000000e+02 1.706160961007423339e+03 3.392318530046058811e+01 7.462325686428908367e-02 -3.533581765026412569e+01
6.620000000000000000e+02 1.704407815168851812e+03 3.405671361097116545e+01 7.467119675249779542e-02 -3.690811558262413428e+01
6.630000000000000000e+02 1.702830049652685148e+03 3.418515503622153062e+01 7.471945023055857893e-02 -3.848614006867042292e+01
6.640000000000000000e+02 1.701434766754973452e+03 3.430837366986735759e+01 7.476804015097389400e-02 -4.006921761317224195e+01
6.650000000000000000e+02 1.700221643453015758e+03 3.442638210752075878e+01 7.481698918031524925e-02 -4.165674957924450439e+01
6.660000000000000000e+02 1.699182931394411753e+03 3.453911859335071455e+01 7.486631979532440417e-02 -4.324806361039263436e+01
6.670000000000000000e+02 1.698325741942560626e+03 3.464659558421733010e+01 7.491605427808113726e-02 -4.484241361917713675e+01
6.680000000000000000e+02 1.697657189477126849e+03 3.474867689631620493e+01 7.496621471049345897e-02 -4.643912834250051702e+01
6.690000000000000000e+02 1.697162106350925114e+03 3.484530055286271732e+01 7.501682296773154457e-02 -4.803761132950984347e+01
6.700000000000000000e+02 1.696855041356358697e+03 3.493655306479757883e+01 7.506790071087569849e-02 -4.963711807861650271e+01
6.710000000000000000e+02 1.696728261295713992e+03 3.502237229400811458e+01 7.511946937849513228e-02 -5.123697887516040339e+01
6.720000000000000000e+02 1.696781464411790239e+03 3.510262173409167730e+01 7.517155017747068069e-02 -5.283659877820123540e+01
6.730000000000000000e+02 1.697014352075012539e+03 3.517738764165820697e+01 7.522416407266470373e-02 -5.443516047294067306e+01
6.740000000000000000e+02 1.697426628828588036e+03 3.524660761614314453e+01 7.527733177575719747e-02 -5.603214424131954274e+01
6.750000000000000000e+02 1.698025430791699819e+03 3.531021916417252982e+01 7.533107373318323474e-02 -5.762673367973233951e+01
6.760000000000000000e+02 1.698803040669384018e+03 3.536823398046167455e+01 7.538541011302368755e-02 -5.921826138543974594e+01
6.770000000000000000e+02 1.699759172871414194e+03 3.542066366174638858e+01 7.544036079120704230e-02 -6.080613465813526375e+01
6.780000000000000000e+02 1.700886116887191520e+03 3.546737113725069435e+01 7.549594533678398445e-02 -6.238946406718283555e+01
6.790000000000000000e+02 1.702198450769053352e+03 3.550836780020989636e+01 7.555218299649907321e-02 -6.396758342057531621e+01
6.800000000000000000e+02 1.703688471119593487e+03 3.554366493842062624e+01 7.560909267845908333e-02 -6.553982689856940169e+01
6.810000000000000000e+02 1.705348478237276822e+03 3.557312516483346343e+01 7.566669293545034980e-02 -6.710530618703280936e+01
6.820000000000000000e+02 1.707178204567041576e+03 3.559683383270779444e+01 7.572500194747103230e-02 -6.866343044554048447e+01
6.830000000000000000e+02 1.709184814805555561e+03 3.561465333228442631e+01 7.578403750384403448e-02 -7.021338630617184151e+01
6.840000000000000000e+02 1.711368049310193555e+03 3.562666878953495342e+01 7.584381698493346258e-02 -7.175465784109113088e+01
6.850000000000000000e+02 1.713712795861799805e+03 3.563296521343660572e+01 7.590435734351866359e-02 -7.328658084435681985e+01
6.860000000000000000e+02 1.716226231531713893e+03 3.563347892679839646e+01 7.596567508596743790e-02 -7.480811996401266128e+01
6.870000000000000000e+02 1.718908109398524402e+03 3.562836898165487298e+01 7.602778625329144335e-02 -7.631950292152927773e+01
6.880000000000000000e+02 1.721758187017228693e+03 3.561749717268104121e+01 7.609070640219264825e-02 -7.782006627241960928e+01
6.890000000000000000e+02 1.724776226538446508e+03 3.560102230319689198e+01 7.615445058610319229e-02 -7.930840395524784014e+01
6.900000000000000000e+02 1.727954566476822492e+03 3.557902876569237804e+01 7.621903333660934310e-02 -8.078385294351252810e+01
6.910000000000000000e+02 1.731292978528745380e+03 3.555137797291433799e+01 7.628446864493697299e-02 -8.224649322732382473e+01
6.920000000000000000e+02 1.734791239336999297e+03 3.551815405702805606e+01 7.635076994400827322e-02 -8.369566212488886947e+01
6.930000000000000000e+02 1.738449130602479045e+03 3.547936673381021677e+01 7.641795009082287538e-02 -8.513069709894443804e+01
6.940000000000000000e+02 1.742259010841604095e+03 3.543509986791340793e+01 7.648602134966016319e-02 -8.655019290302635682e+01
6.950000000000000000e+02 1.746228100539835850e+03 3.538528862067612835e+01 7.655499537573108582e-02 -8.795423006773964403e+01
6.960000000000000000e+02 1.750333912147236560e+03 3.532986801550395484e+01 7.662488319975996331e-02 -8.934140354176871313e+01
6.970000000000000000e+02 1.754598533671525047e+03 3.526907007031530839e+01 7.669569521333623185e-02 -9.071179401301598944e+01
6.980000000000000000e+02 1.758999488558394887e+03 3.520275524451498228e+01 7.676744115536122959e-02 -9.206399654948309319e+01
6.990000000000000000e+02 1.763551447619631062e+03 3.513100670557173544e+01 7.684013009934169414e-02 -9.339809192030773488e+01
7.000000000000000000e+02 1.768239373947633339e+03 3.505390747713048682e+01 7.691377044184624645e-02 -9.471341807159440407e+01
7.010000000000000000e+02 1.773063153752326798e+03 3.497146484838760472e+01 7.698836989214132009e-02 -9.600931557534886451e+01
7.020000000000000000e+02 1.778015493391747441e+03 3.488368073892549859e+01 7.706393546301489039e-02 -9.728513550942598442e+01
7.030000000000000000e+02 1.783104022426973870e+03 3.479070418194348946e+01 7.714047346282107420e-02 -9.854097437437556550e+01
7.040000000000000000e+02 1.788328947920616883e+03 3.469246121142708006e+01 7.721798948885334746e-02 -9.977470010122529231e+01
7.050000000000000000e+02 1.793668197752465858e+03 3.458910056210633144e+01 7.729648842196384928e-02 -1.009871518775895254e+02
7.060000000000000000e+02 1.799144275776698805e+03 3.448062225095411293e+01 7.737597442260396585e-02 -1.021769402834675873e+02
7.070000000000000000e+02 1.804735121612494368e+03 3.436717471027498050e+01 7.745645092817525501e-02 -1.033441614473919543e+02
7.080000000000000000e+02 1.810440965778430154e+03 3.424860908583809760e+01 7.753792065170372894e-02 -1.044889113574609354e+02
7.090000000000000000e+02 1.816269472962649161e+03 3.412522207112010619e+01 7.762038558186278026e-02 -1.056090573374150239e+02
7.100000000000000000e+02 1.822206028581110104e+03 3.399693878806611735e+01 7.770384698437451942e-02 -1.067054378730410775e+02
7.110000000000000000e+02 1.828250880476782868e+03 3.386383277096743427e+01 7.778830540461513510e-02 -1.077774055833371705e+02
7.120000000000000000e+02 1.834411710506266900e+03 3.372597739888911406e+01 7.787376067156445703e-02 -1.088235700369463501e+02
7.130000000000000000e+02 1.840666492714605283e+03 3.358337161167335694e+01 7.796021190294817604e-02 -1.098440262387410797e+02
7.140000000000000000e+02 1.847022920052901782e+03 3.343616276002696708e+01 7.804765751152503706e-02 -1.108381261063661043e+02
7.150000000000000000e+02 1.853481262532664687e+03 3.328434947116632259e+01 7.813609521254862023e-02 -1.118059641220200007e+02
7.160000000000000000e+02 1.860026938771612777e+03 3.312793021555291517e+01 7.822552203226960932e-02 -1.127468916442572606e+02
7.170000000000000000e+02 1.866660229281739248e+03 3.296697759020312191e+01 7.831593431734515387e-02 -1.136595168899663975e+02
7.180000000000000000e+02 1.873381419647502980e+03 3.280156403506996554e+01 7.840732774532743754e-02 -1.145439334215534188e+02
7.190000000000000000e+02 1.880183372046526301e+03 3.263183611650821092e+01 7.849969733576900310e-02 -1.153994916241114908e+02
7.200000000000000000e+02 1.887066381814029000e+03 3.245779167680790067e+01 7.859303746226956044e-02 -1.162270271928807261e+02
7.210000000000000000e+02 1.894023320599967064e+03 3.227965125182750228e+01 7.868734186503609229e-02 -1.170251469406520357e+02
7.220000000000000000e+02 1.901054492921664860e+03 3.209741237017949089e+01 7.878260366407911774e-02 -1.177939429555693920e+02
7.230000000000000000e+02 1.908160207660980632e+03 3.191129525452662108e+01 7.887881537286227374e-02 -1.185335069139088375e+02
7.240000000000000000e+02 1.915333349557585279e+03 3.172137140443190262e+01 7.897596891237718131e-02 -1.192431872280373568e+02
7.250000000000000000e+02 1.922574235749940044e+03 3.152771216380781993e+01 7.907405562540893718e-02 -1.199223318645809115e+02
7.260000000000000000e+02 1.929875758913057780e+03 3.133038872144274478e+01 7.917306629106980742e-02 -1.205717739977781804e+02
7.270000000000000000e+02 1.937238243795902008e+03 3.112954639511240629e+01 7.927299113943618580e-02 -1.211901178178242020e+02
7.280000000000000000e+02 1.944662018707497964e+03 3.092518178176434773e+01 7.937381986607822126e-02 -1.217781955246566241e+02
7.290000000000000000e+02 1.952125130302842535e+03 3.071751417580559718e+01 7.947554164669973220e-02 -1.223338674665869945e+02
7.300000000000000000e+02 1.959642770222652871e+03 3.050646558544383424e+01 7.957814515137884293e-02 -1.228587076395055533e+02
7.310000000000000000e+02 1.967207848130992261e+03 3.029225500164951868e+01 7.968161855878511113e-02 -1.233520609908372450e+02
7.320000000000000000e+02 1.974805848258007472e+03 3.007487841466439704e+01 7.978594956984111364e-02 -1.238125290739270099e+02
7.330000000000000000e+02 1.982444542646494710e+03 2.985455451612602218e+01 7.989112542118377569e-02 -1.242409413726577156e+02
7.340000000000000000e+02 1.990116849250198811e+03 2.963120471574340442e+01 7.999713289807157401e-02 -1.246358982760035303e+02
7.350000000000000000e+02 1.997808260138215246e+03 2.940512169409624121e+01 8.010395834669395421e-02 -1.249989709080981015e+02
7.360000000000000000e+02 2.005533983105553489e+03 2.917637513597463084e+01 8.021158768603654787e-02 -1.253287584331202567e+02
7.370000000000000000e+02 2.013272086385865350e+03 2.894496029882690280e+01 8.032000641900863269e-02 -1.256253450507270060e+02
7.380000000000000000e+02 2.021030353674784465e+03 2.871109514829474918e+01 8.042919964295763835e-02 -1.258888143114872662e+02
7.390000000000000000e+02 2.028801713905995257e+03 2.847484894230796826e+01 8.053915205946682310e-02 -1.261185062675465645e+02
7.400000000000000000e+02 2.036579097836102164e+03 2.823636508328052841e+01 8.064984798344684847e-02 -1.263137602935516526e+02
7.410000000000000000e+02 2.044355437936035969e+03 2.799578683637740895e+01 8.076127135146379810e-02 -1.264761435778405598e+02
7.420000000000000000e+02 2.052131096639920997e+03 2.775318304786148005e+01 8.087340572935425298e-02 -1.266049940986286657e+02
7.430000000000000000e+02 2.059906437900742731e+03 2.750869671402698913e+01 8.098623431905312142e-02 -1.266996491156457267e+02
7.440000000000000000e+02 2.067666970403112828e+03 2.726247069970385439e+01 8.109973996471785129e-02 -1.267601879919556609e+02
7.450000000000000000e+02 2.075413060884814513e+03 2.701464774034161920e+01 8.121390515813031730e-02 -1.267866893459652005e+02
7.460000000000000000e+02 2.083137649013784994e+03 2.676529616066721218e+01 8.132871204337763227e-02 -1.267799738737277409e+02
7.470000000000000000e+02 2.090841104023339540e+03 2.651455844392512162e+01 8.144414242088694744e-02 -1.267386329963749603e+02
7.480000000000000000e+02 2.098516367953133795e+03 2.626250266718139770e+01 8.156017775084890842e-02 -1.266634858580584648e+02
7.490000000000000000e+02 2.106163812297567802e+03 2.600927107071015953e+01 8.167679915603646978e-02 -1.265546079739088725e+02
7.500000000000000000e+02 2.113776381259232494e+03 2.575500577694374371e+01 8.179398742409729750e-02 -1.264120740533953864e+02
7.510000000000000000e+02 2.121347052587144844e+03 2.549977307377853819e+01 8.191172300935152528e-02 -1.262352083519374304e+02
7.520000000000000000e+02 2.128868935126693032e+03 2.524370767702820828e+01 8.202998603427304192e-02 -1.260240499239186960e+02
7.530000000000000000e+02 2.136350027904192302e+03 2.498686847321836524e+01 8.214875629045612082e-02 -1.257801158528712193e+02
7.540000000000000000e+02 2.143783474170791123e+03 2.472938852502796792e+01 8.226801323943921940e-02 -1.255019510328298082e+02
7.550000000000000000e+02 2.151162418079680720e+03 2.447147507407511924e+01 8.238773601336524255e-02 -1.251903280033491939e+02
7.560000000000000000e+02 2.158480004665552315e+03 2.421318669325737716e+01 8.250790341535749195e-02 -1.248452755995744070e+02
7.570000000000000000e+02 2.165751664876872383e+03 2.395473042366948135e+01 8.262849391996918147e-02 -1.244668217777752943e+02
7.580000000000000000e+02 2.172963117107013204e+03 2.369609036005705605e+01 8.274948567367525210e-02 -1.240564792762534552e+02
7.590000000000000000e+02 2.180114937279284732e+03 2.343754763835696409e+01 8.287085649537412335e-02 -1.236127885964075830e+02
7.600000000000000000e+02 2.187200273779638337e+03 2.317916045425742055e+01 8.299258387727297126e-02 -1.231365178394909918e+02
7.610000000000000000e+02 2.194219704139809437e+03 2.292106120033895778e+01 8.311464498577808557e-02 -1.226276913584716937e+02
7.620000000000000000e+02 2.201166378317929230e+03 2.266330790225138614e+01 8.323701666303501279e-02 -1.220863325854048753e+02
7.630000000000000000e+02 2.208040875377894281e+03 2.240603278895058637e+01 8.335967542864927693e-02 -1.215132068592022847e+02
7.640000000000000000e+02 2.214828918414533291e+03 2.214929372897284665e+01 8.348259748207094433e-02 -1.209068500786831635e+02
7.650000000000000000e+02 2.221531087926906821e+03 2.189329708426782162e+01 8.360575870547151678e-02 -1.202687685413161915e+02
7.660000000000000000e+02 2.228147965085845044e+03 2.163810057955820199e+01 8.372913466726944476e-02 -1.195982390920373604e+02
7.670000000000000000e+02 2.234665274996587868e+03 2.138368758925432545e+01 8.385270062640620692e-02 -1.188952804577769342e+02
7.680000000000000000e+02 2.241091028407733575e+03 2.113033855841971942e+01 8.397643153725899146e-02 -1.181599104073054463e+02
7.690000000000000000e+02 2.247403523211186894e+03 2.087818530524812743e+01 8.410030205546928372e-02 -1.173936314166065387e+02
7.700000000000000000e+02 2.253618199539640045e+03 2.062728530809554783e+01 8.422428654454389152e-02 -1.165964593245604846e+02
7.710000000000000000e+02 2.259720784552654095e+03 2.037777027605063296e+01 8.434835908337123822e-02 -1.157684089992461907e+02
7.720000000000000000e+02 2.265704434118964855e+03 2.012984615253418141e+01 8.447249347467451763e-02 -1.149094943346692332e+02
7.730000000000000000e+02 2.271577161090197933e+03 1.988357026842408359e+01 8.459666325429229805e-02 -1.140212139180235482e+02
7.740000000000000000e+02 2.277324693465255677e+03 1.963907419622620765e+01 8.472084170151655824e-02 -1.131035796872928074e+02
7.750000000000000000e+02 2.282947616049168118e+03 1.939648947026503478e+01 8.484500185037717468e-02 -1.121566025994987257e+02
7.760000000000000000e+02 2.288453942002312488e+03 1.915594759040518014e+01 8.496911650178974595e-02 -1.111817782994513664e+02
7.770000000000000000e+02 2.293836827680931037e+03 1.891750574229708803e+01 8.509315823681960766e-02 -1.101783729438321302e+02
7.780000000000000000e+02 2.299096857570977591e+03 1.868129536815587244e+01 8.521709943069924464e-02 -1.091478802110644892e+02
7.790000000000000000e+02 2.304234615812868469e+03 1.844737360355428635e+01 8.534091226788914630e-02 -1.080895642914011461e+02
7.800000000000000000e+02 2.309243257718302630e+03 1.821594613175106758e+01 8.546456875798981445e-02 -1.070056597328567278e+02
7.810000000000000000e+02 2.314130794680359941e+03 1.798699577002093974e+01 8.558804075249150378e-02 -1.058954287622892423e+02
7.820000000000000000e+02 2.318882952274171657e+03 1.776065389103002801e+01 8.571129996233289861e-02 -1.047596182973572922e+02
7.830000000000000000e+02 2.323507740203263893e+03 1.753705185971293545e+01 8.583431797626468740e-02 -1.035974886087556115e+02
7.840000000000000000e+02 2.327990882036228413e+03 1.731624675367044119e+01 8.595706627984167625e-02 -1.024105274982047433e+02
7.850000000000000000e+02 2.332332956789945911e+03 1.709829565058901224e+01 8.607951627511892245e-02 -1.011979932916960081e+02
7.860000000000000000e+02 2.336519685354876401e+03 1.688332991567607522e+01 8.620163930092299143e-02 -9.995988618351636035e+01
7.870000000000000000e+02 2.340559072067501802e+03 1.667140663860239158e+01 8.632340665359282406e-02 -9.869769107572797395e+01
7.880000000000000000e+02 2.344444262775777133e+03 1.646265720446798042e+01 8.644478960818736957e-02 -9.740992057300148588e+01
7.890000000000000000e+02 2.348160973002258288e+03 1.625721301427280352e+01 8.656575944002561918e-02 -9.609880050335053170e+01
7.900000000000000000e+02 2.351724629505099983e+03 1.605513120539867344e+01 8.668628744660876462e-02 -9.476358440894095736e+01
7.910000000000000000e+02 2.355120943283399811e+03 1.585661750611140874e+01 8.680634496953185120e-02 -9.340723906787120256e+01
7.920000000000000000e+02 2.358357907834652906e+03 1.566180338905668989e+01 8.692590341673771259e-02 -9.202901615099565902e+01
7.930000000000000000e+02 2.361428657208315599e+03 1.547082035877383888e+01 8.704493428459417204e-02 -9.063039490971137013e+01
7.940000000000000000e+02 2.364333750861293993e+03 1.528372567221095757e+01 8.716340918010279104e-02 -8.921211084395382329e+01
7.950000000000000000e+02 2.367066316762879069e+03 1.510072519325547979e+01 8.728129984284471732e-02 -8.777564138084649414e+01
7.960000000000000000e+02 2.369634336252437606e+03 1.492180197924867358e+01 8.739857816668189505e-02 -8.632023454369799254e+01
7.970000000000000000e+02 2.372038358797899946e+03 1.474701341902525265e+01 8.751521622124112942e-02 -8.484736597174085659e+01
7.980000000000000000e+02 2.374271501808068024e+03 1.457641695344174870e+01 8.763118627299897045e-02 -8.335702475508001896e+01
7.990000000000000000e+02 2.376341735499529477e+03 1.441007007940725337e+01 8.774646080584372343e-02 -8.184994195031859476e+01
8.000000000000000000e+02 2.378242169316402396e+03 1.424803035391242467e+01 8.786101254114810077e-02 -8.032536208650340370e+01
8.010000000000000000e+02 2.379973320182567022e+03 1.409028103632458162e+01 8.797481445723796811e-02 -7.878549077593467587e+01
8.020000000000000000e+02 2.381543062459976227e+03 1.393680514122655367e+01 8.808783980817731785e-02 -7.722952381343445438e+01
8.030000000000000000e+02 2.382936964260101831e+03 1.378788281112537817e+01 8.820006214185428794e-02 -7.565813243134138588e+01
8.040000000000000000e+02 2.384162874015973102e+03 1.364342284716379439e+01 8.831145531724605979e-02 -7.407272988812091796e+01
8.050000000000000000e+02 2.385206350234450383e+03 1.350370554814075064e+01 8.842199352089470665e-02 -7.247250014150314712e+01
8.060000000000000000e+02 2.386060374759324986e+03 1.336871416297210935e+01 8.853165128251927474e-02 -7.085959770731034268e+01
8.070000000000000000e+02 2.386725352642211874e+03 1.323858059567464451e+01 8.864040348970977923e-02 -6.923246215828913819e+01
8.080000000000000000e+02 2.387201683672370109e+03 1.311343684231364826e+01 8.874822540162261020e-02 -6.759398932383665226e+01
8.090000000000000000e+02 2.387482333916066182e+03 1.299334071143432112e+01 8.885509266186378263e-02 -6.594336011956004029e+01
8.100000000000000000e+02 2.387567692316486955e+03 1.287835011147735287e+01 8.896098131028373768e-02 -6.428124040765806058e+01
8.110000000000000000e+02 2.387458142252938615e+03 1.276852305466876203e+01 8.906586779382694163e-02 -6.260918674446906351e+01
8.120000000000000000e+02 2.387168918160974044e+03 1.266376909387892447e+01 8.916972897645761287e-02 -6.092778930882644062e+01
8.130000000000000000e+02 2.386692963711038374e+03 1.256422074397101341e+01 8.927254214800581233e-02 -5.923793473785740815e+01
8.140000000000000000e+02 2.386038073499910752e+03 1.246986206809352815e+01 8.937428503217062503e-02 -5.754043472605410869e+01
8.150000000000000000e+02 2.385212036300639284e+03 1.238067724845691231e+01 8.947493579348479720e-02 -5.583610032567512604e+01
8.160000000000000000e+02 2.384215206672880868e+03 1.229679915707393434e+01 8.957447304343972572e-02 -5.412574196394859172e+01
8.170000000000000000e+02 2.383040504933453121e+03 1.221821222544616425e+01 8.967287584565086789e-02 -5.240979804305509759e+01
8.180000000000000000e+02 2.381688273837144152e+03 1.214497529872607551e+01 8.977012372026010878e-02 -5.068840924140664583e+01
8.190000000000000000e+02 2.380151421865967677e+03 1.207707307232203142e+01 8.986619664747130809e-02 -4.896193851620971316e+01
8.200000000000000000e+02 2.378422851578295194e+03 1.201471322947071307e+01 8.996107507034380169e-02 -4.723074827126139041e+01
8.210000000000000000e+02 2.376495459616439803e+03 1.195780646023148641e+01 9.005473989690267189e-02 -4.549512609199690161e+01
8.220000000000000000e+02 2.374369565072771366e+03 1.190648644946235457e+01 9.014717250158207906e-02 -4.375528476427493274e+01
8.230000000000000000e+02 2.372038052812857586e+03 1.186073846270947563e+01 9.023835472607458219e-02 -4.201165942739697812e+01
8.240000000000000000e+02 2.369508658557103445e+03 1.182062220005730424e+01 9.032826887964910678e-02 -4.026520472733987788e+01
8.250000000000000000e+02 2.366789112217818911e+03 1.178612323240382587e+01 9.041689773907236882e-02 -3.851702341866810286e+01
8.260000000000000000e+02 2.363879709592613381e+03 1.175730157168061574e+01 9.050422454802670158e-02 -3.676821781714514259e+01
8.270000000000000000e+02 2.360788169113999174e+03 1.173406882349212665e+01 9.059023301627693037e-02 -3.501988981953115143e+01
8.280000000000000000e+02 2.357514775202790588e+03 1.171648532420145372e+01 9.067490731857040520e-02 -3.327299235654655263e+01
8.290000000000000000e+02 2.354074663376897206e+03 1.170453729342468918e+01 9.075823209333273855e-02 -3.152870083051412564e+01
8.300000000000000000e+02 2.350468106911829636e+03 1.169828540396118477e+01 9.084019244124413861e-02 -2.978796743462485708e+01
8.310000000000000000e+02 2.346695373605486111e+03 1.169764193413192821e+01 9.092077392378425382e-02 -2.805107547234546672e+01
8.320000000000000000e+02 2.342749297494295206e+03 1.170266790455353423e+01 9.099996256173699394e-02 -2.631845649650106722e+01
8.330000000000000000e+02 2.338622707271284526e+03 1.171342451381270244e+01 9.107774483384503683e-02 -2.459024462893878393e+01
8.340000000000000000e+02 2.334323283055156935e+03 1.172989885755634631e+01 9.115410767552892257e-02 -2.286672228233622306e+01
8.350000000000000000e+02 2.329836414707740005e+03 1.175207821449748735e+01 9.122903847782751208e-02 -2.114824589759903262e+01
8.360000000000000000e+02 2.325154915303167400e+03 1.178002433232973978e+01 9.130252508659336685e-02 -1.943494883084922620e+01
8.370000000000000000e+02 2.320286449545193136e+03 1.181372486304077185e+01 9.137455580200584682e-02 -1.772733564253409710e+01
8.380000000000000000e+02 2.315238677132076646e+03 1.185316764863791228e+01 9.144511937835633764e-02 -1.602605926809062353e+01
8.390000000000000000e+02 2.309996967768991908e+03 1.189826643977147747e+01 9.151420502426160786e-02 -1.433214388970066544e+01
8.400000000000000000e+02 2.304591256380714640e+03 1.194900946476668047e+01 9.158180240328797628e-02 -1.264639068958746293e+01
8.410000000000000000e+02 2.299014331316142943e+03 1.200531086454516583e+01 9.164790163500244335e-02 -1.096982357240926298e+01
8.420000000000000000e+02 2.293273832853723434e+03 1.206715926145473361e+01 9.171249329650384141e-02 -9.303243485678613922e+00
8.430000000000000000e+02 2.287369968200441235e+03 1.213446919398607982e+01 9.177556842446217555e-02 -7.647599858758825420e+00
8.440000000000000000e+02 2.281325224938299925e+03 1.220715540189305770e+01 9.183711851760258116e-02 -6.003767773884010062e+00
8.450000000000000000e+02 2.275117515913039824e+03 1.228528139471056946e+01 9.189713553967968074e-02 -4.372176570212182867e+00
8.460000000000000000e+02 2.268761891123147507e+03 1.236883660265418250e+01 9.195561192308741860e-02 -2.753456131895224424e+00
8.470000000000000000e+02 2.262243682599001659e+03 1.245788494492630605e+01 9.201254057277376275e-02 -1.147983780339198123e+00
8.480000000000000000e+02 2.255570502881074390e+03 1.255234198040316862e+01 9.206791487074929281e-02 4.437220015844748344e-01
8.490000000000000000e+02 2.248735103290150164e+03 1.265227204273256767e+01 9.212172868101381473e-02 2.021193199310026056e+00
8.500000000000000000e+02 2.241730230644340281e+03 1.275766539080720108e+01 9.217397635498537911e-02 3.583945389746836518e+00
8.510000000000000000e+02 2.234570856098777313e+03 1.286858822057315699e+01 9.222465273724834989e-02 5.131518145622568916e+00
8.520000000000000000e+02 2.227249436382922795e+03 1.298481558007300052e+01 9.227375317170052882e-02 6.663499723328704327e+00
8.530000000000000000e+02 2.219773224222261433e+03 1.310634702283662101e+01 9.232127350808776167e-02 8.179487474994420637e+00
8.540000000000000000e+02 2.212142039508293692e+03 1.323303374699520596e+01 9.236721010868985393e-02 9.679078599843009556e+00
8.550000000000000000e+02 2.204377982693558351e+03 1.336480144623938493e+01 9.241155985544970142e-02 1.116187012251611144e+01
8.560000000000000000e+02 2.196466007979975984e+03 1.350157602666328671e+01 9.245432015708787699e-02 1.262749601316251713e+01
8.570000000000000000e+02 2.188428206808392588e+03 1.364313504000266342e+01 9.249548895644452151e-02 1.407554545394071788e+01
8.580000000000000000e+02 2.180264381040734861e+03 1.378955338479062753e+01 9.253506473785640118e-02 1.550553310399517315e+01
8.590000000000000000e+02 2.171974327992496910e+03 1.394068332187959491e+01 9.257304653458084398e-02 1.691675051085506354e+01
8.600000000000000000e+02 2.163557840412532187e+03 1.409660017539555099e+01 9.260943393615157782e-02 1.830848893937647759e+01
8.610000000000000000e+02 2.155022134811677915e+03 1.425723091506594820e+01 9.264422709556409397e-02 1.967996506671030232e+01
8.620000000000000000e+02 2.146359566389495285e+03 1.442250272296745983e+01 9.267742673635542827e-02 2.103039524431553886e+01
8.630000000000000000e+02 2.137584770762688095e+03 1.459256584367991039e+01 9.270903415939797665e-02 2.235906976001833613e+01
8.640000000000000000e+02 2.128690093841018552e+03 1.476727359932041317e+01 9.273905124936700217e-02 2.366512996611164965e+01
8.650000000000000000e+02 2.119675305206559642e+03 1.494662809001642145e+01 9.276748048085242671e-02 2.494801395903395047e+01
8.660000000000000000e+02 2.110555026443611041e+03 1.513055734276428588e+01 9.279432492400820076e-02 2.620745655809513508e+01
8.670000000000000000e+02 2.101314161018879986e+03 1.531898959420708550e+01 9.281958824976843658e-02 2.744356356777320727e+01
8.680000000000000000e+02 2.091959892717491130e+03 1.551177900631836337e+01 9.284327473438513945e-02 2.865606892155846097e+01
8.690000000000000000e+02 2.082499400579663870e+03 1.570885423250543589e+01 9.286538926346726841e-02 2.984507749592931702e+01
8.700000000000000000e+02 2.072925002191354451e+03 1.591021841662124636e+01 9.288593733531300134e-02 3.101039653786962447e+01
8.710000000000000000e+02 2.063243867080655036e+03 1.611565205788114241e+01 9.290492506351215318e-02 3.215205562852268883e+01
8.720000000000000000e+02 2.053463160017468454e+03 1.632508442721827535e+01 9.292235917877809948e-02 3.326993524491992105e+01
8.730000000000000000e+02 2.043575184318437778e+03 1.653837071553625293e+01 9.293824703006059451e-02 3.436354388882787703e+01
8.740000000000000000e+02 2.033594523609346197e+03 1.675551488289542945e+01 9.295259658474534781e-02 3.543253805074246543e+01
8.750000000000000000e+02 2.023520900091154999e+03 1.697637252310110867e+01 9.296541642801302296e-02 3.647635077198494002e+01
8.760000000000000000e+02 2.013361459614563046e+03 1.720079942922733096e+01 9.297671576136928850e-02 3.749463732546715988e+01
8.770000000000000000e+02 2.003115915010180970e+03 1.742865159205708991e+01 9.298650440016041629e-02 3.848675521107635689e+01
8.780000000000000000e+02 1.992806259527368866e+03 1.765985948194714439e+01 9.299479277032507429e-02 3.945243268726312635e+01
8.790000000000000000e+02 1.982417340077486642e+03 1.789435376361087648e+01 9.300159190404251597e-02 4.039110019975873911e+01
8.800000000000000000e+02 1.971963712439018082e+03 1.813199101082446418e+01 9.300691343458426796e-02 4.130241034651908905e+01
8.810000000000000000e+02 1.961437642866465012e+03 1.837270227156451696e+01 9.301076959023937829e-02 4.218594072433965181e+01
8.820000000000000000e+02 1.950853678260371908e+03 1.861649306606510379e+01 9.301317318723963112e-02 4.304134247669735203e+01
8.830000000000000000e+02 1.940204076142279291e+03 1.886314625078921026e+01 9.301413762188688594e-02 4.386811742430475647e+01
8.840000000000000000e+02 1.929488518140113683e+03 1.911274200085250285e+01 9.301367686174934202e-02 4.466598946392294067e+01
8.850000000000000000e+02 1.918714110080451974e+03 1.936513782333677014e+01 9.301180543603886075e-02 4.543445884889982977e+01
8.860000000000000000e+02 1.907880525388070964e+03 1.962019140555312546e+01 9.300853842514325565e-02 4.617324787200586655e+01
8.870000000000000000e+02 1.896987433543873522e+03 1.987790917972719029e+01 9.300389144939497088e-02 4.688230084753698179e+01
8.880000000000000000e+02 1.886049356900491603e+03 2.013814918659357289e+01 9.299788065712237539e-02 4.756163552671026906e+01
8.890000000000000000e+02 1.875051100703069551e+03 2.040069535642685494e+01 9.299052271196514563e-02 4.821141736388001675e+01
8.900000000000000000e+02 1.864014608370687711e+03 2.066555464050348334e+01 9.298183477961594057e-02 4.883151379856538199e+01
8.910000000000000000e+02 1.852932106479832782e+03 2.093258559096445026e+01 9.297183451385850061e-02 4.942208850685771182e+01
8.920000000000000000e+02 1.841810675007801592e+03 2.120164692511773197e+01 9.296054004220168088e-02 4.998308140065148564e+01
8.930000000000000000e+02 1.830649962429613879e+03 2.147267180616038829e+01 9.294796995092309555e-02 5.051458002928259816e+01
8.940000000000000000e+02 1.819464470921750944e+03 2.174537070630925228e+01 9.293414326981533358e-02 5.101652243003771758e+01
8.950000000000000000e+02 1.808238986418479953e+03 2.201982567188244033e+01 9.291907945646575573e-02 5.148877139658628010e+01
8.960000000000000000e+02 1.796995433926274472e+03 2.229574748525574890e+01 9.290279838031986759e-02 5.193141159834615195e+01
8.970000000000000000e+02 1.785726022537549397e+03 2.257306992978335458e+01 9.288532030648208315e-02 5.234430386526699408e+01
8.980000000000000000e+02 1.774437815701416184e+03 2.285165265260718570e+01 9.286666587938040285e-02 5.272738230809720505e+01
8.990000000000000000e+02 1.763137874695156370e+03 2.313128116139426638e+01 9.284685610634048347e-02 5.308065430511524596e+01
9.000000000000000000e+02 1.751825830448088254e+03 2.341196395500153216e+01 9.282591234109886791e-02 5.340397763884365645e+01
9.010000000000000000e+02 1.740501278268002807e+03 2.369341412572892480e+01 9.280385626736929738e-02 5.369735185773647856e+01
9.020000000000000000e+02 1.729178533319831104e+03 2.397564839442432927e+01 9.278070988250136653e-02 5.396075241727320559e+01
9.030000000000000000e+02 1.717857018800285687e+03 2.425853663527581716e+01 9.275649548128214739e-02 5.419399938188286114e+01
9.040000000000000000e+02 1.706536156614844458e+03 2.454194884893748707e+01 9.273123563993435070e-02 5.439713459183536770e+01
9.050000000000000000e+02 1.695222795904290933e+03 2.482575515876480665e+01 9.270495320038246723e-02 5.457005023562019375e+01
9.060000000000000000e+02 1.683916356519268447e+03 2.510997437397049481e+01 9.267767125484131785e-02 5.471263740741654402e+01
9.070000000000000000e+02 1.672631114244338733e+03 2.539432828467591818e+01 9.264941313072734552e-02 5.482486038164748976e+01
9.080000000000000000e+02 1.661359059217790900e+03 2.567876164241079806e+01 9.262020237600061823e-02 5.490683088813106849e+01
9.090000000000000000e+02 1.650107037851238601e+03 2.596329358900664275e+01 9.259006274490305666e-02 5.495858525382913484e+01
9.100000000000000000e+02 1.638874467944051730e+03 2.624772051840184517e+01 9.255901818418704741e-02 5.498023296272589988e+01
9.110000000000000000e+02 1.627668195545481012e+03 2.653191320638430284e+01 9.252709281986849776e-02 5.497188236582461940e+01
9.120000000000000000e+02 1.616495066762088300e+03 2.681581680624242381e+01 9.249431094440867251e-02 5.493364067528027306e+01
9.130000000000000000e+02 1.605354499560900649e+03 2.709937656083318203e+01 9.246069700454670470e-02 5.486561395917230755e+01
9.140000000000000000e+02 1.594245912268497705e+03 2.738238923106853306e+01 9.242627558954034928e-02 5.476783285342050078e+01
9.150000000000000000e+02 1.583168723715015858e+03 2.766480022533916028e+01 9.239107142013326668e-02 5.464047540836134687e+01
9.160000000000000000e+02 1.572137210073619826e+03 2.794655502784745238e+01 9.235510933793518451e-02 5.448371851846565761e+01
9.170000000000000000e+02 1.561143363243009389e+03 2.822737634336400703e+01 9.231841429544779265e-02 5.429758935271254927e+01
9.180000000000000000e+02 1.550186604376845480e+03 2.850728407693751265e+01 9.228101134659340288e-02 5.408241105364109558e+01
9.190000000000000000e+02 1.539281212357013601e+03 2.878607534450022243e+01 9.224292563781937015e-02 5.383820846802461801e+01
9.200000000000000000e+02 1.528426610510183764e+03 2.906369588543689986e+01 9.220418239968075635e-02 5.356515384723712003e+01
9.210000000000000000e+02 1.517614795070181344e+03 2.933994292356721800e+01 9.216480693897607934e-02 5.326341828025450553e+01
9.220000000000000000e+02 1.506860048685713991e+03 2.961476229608759425e+01 9.212482463127545651e-02 5.293339454481992590e+01
9.230000000000000000e+02 1.496169227120803043e+03 2.988809988144022256e+01 9.208426091398008717e-02 5.257532569123669219e+01
9.240000000000000000e+02 1.485526902650546162e+03 3.015982731063072464e+01 9.204314127975350701e-02 5.218960217832557191e+01
9.250000000000000000e+02 1.474954790954392593e+03 3.042974196199774539e+01 9.200149127029848273e-02 5.177653902550048315e+01
9.260000000000000000e+02 1.464444896050375974e+03 3.069786408994586324e+01 9.195933647053607107e-02 5.133659866648716985e+01
9.270000000000000000e+02 1.454004080478564674e+03 3.096399111861104814e+01 9.191670250295966293e-02 5.087001953564183054e+01
9.280000000000000000e+02 1.443639208678235946e+03 3.122814333751744797e+01 9.187361502238926281e-02 5.037718748990499051e+01
9.290000000000000000e+02 1.433349718711342803e+03 3.149011819517014743e+01 9.183009971074997113e-02 4.985841296333536832e+01
9.300000000000000000e+02 1.423135050682838255e+03 3.174978742764310979e+01 9.178618227217405501e-02 4.931393097274025195e+01
9.310000000000000000e+02 1.412994646807467234e+03 3.200709705313199294e+01 9.174188842804312238e-02 4.874404969088769946e+01
9.320000000000000000e+02 1.402942808174140509e+03 3.226191879948144958e+01 9.169724391220221427e-02 4.814900188627281352e+01
9.330000000000000000e+02 1.392971553056025641e+03 3.251419866570664396e+01 9.165227446610088591e-02 4.752916778094742511e+01
9.340000000000000000e+02 1.383087758721000228e+03 3.276365978248885824e+01 9.160700583394509877e-02 4.688470364086642661e+01
9.350000000000000000e+02 1.373290876438372379e+03 3.301032239119253120e+01 9.156146375769178003e-02 4.621598748528381151e+01
9.360000000000000000e+02 1.363580359885276039e+03 3.325398385384620070e+01 9.151567397189544484e-02 4.552332196163096256e+01
9.370000000000000000e+02 1.353963093552143391e+03 3.349466434865956188e+01 9.146966219847166291e-02 4.480715720540403169e+01
9.380000000000000000e+02 1.344438536096915186e+03 3.373223544702193522e+01 9.142345414109066815e-02 4.406779371601000861e+01
9.390000000000000000e+02 1.335013577100129851e+03 3.396656867503174482e+01 9.137707547934340035e-02 4.330567950109286812e+01
9.400000000000000000e+02 1.325680252069029621e+03 3.419746122453696557e+01 9.133055186266895997e-02 4.252118723678606926e+01
9.410000000000000000e+02 1.316452884244302140e+03 3.442500736521392213e+01 9.128390890379627087e-02 4.171461427890053386e+01
9.420000000000000000e+02 1.307323514555061365e+03 3.464900417114162678e+01 9.123717217192701956e-02 4.088640552503162695e+01
9.430000000000000000e+02 1.298299043427900870e+03 3.486932293294130858e+01 9.119036718543566122e-02 4.003700485954932731e+01
9.440000000000000000e+02 1.289378945795572008e+03 3.508598343594319147e+01 9.114351940415825470e-02 3.916692944947553912e+01
9.450000000000000000e+02 1.280570127858824208e+03 3.529885682088238497e+01 9.109665422124299528e-02 3.827654690671553084e+01
9.460000000000000000e+02 1.271864642099152661e+03 3.550788842915829235e+01 9.104979695451066724e-02 3.736637243515555440e+01
9.470000000000000000e+02 1.263276829095926132e+03 3.571287494712903765e+01 9.100297283735080123e-02 3.643692027707938763e+01
9.480000000000000000e+02 1.254798747493329756e+03 3.591391010198243094e+01 9.095620700911884182e-02 3.548862944340672954e+01
9.490000000000000000e+02 1.246429887472521841e+03 3.611086467213220885e+01 9.090952450506881166e-02 3.452186372773963541e+01
9.500000000000000000e+02 1.238184599175869835e+03 3.630360933270070234e+01 9.086295024574793378e-02 3.353728313821380880e+01
9.510000000000000000e+02 1.230054959917780025e+03 3.649201489887963135e+01 9.081650902602146636e-02 3.253516590085925486e+01
9.520000000000000000e+02 1.222040514321105547e+03 3.667610163300573589e+01 9.077022550348251562e-02 3.151604864680393803e+01
9.530000000000000000e+02 1.214148247744336459e+03 3.685574136076673568e+01 9.072412418654876576e-02 3.048023482210361834e+01
9.540000000000000000e+02 1.206370292431321332e+03 3.703088006864026482e+01 9.067822942207631742e-02 2.942824986388043840e+01
9.550000000000000000e+02 1.198721069350999187e+03 3.720138933221738853e+01 9.063256538255615169e-02 2.836046979843560933e+01
9.560000000000000000e+02 1.191192718187076480e+03 3.736721487861442625e+01 9.058715605296567552e-02 2.727734410761013706e+01
9.570000000000000000e+02 1.183792239182993626e+03 3.752830229845766752e+01 9.054202521728153819e-02 2.617932146135570548e+01
9.580000000000000000e+02 1.176511779836994037e+03 3.768467132495536021e+01 9.049719644469403357e-02 2.506707258452883380e+01
9.590000000000000000e+02 1.169358348401309513e+03 3.783619297904337486e+01 9.045269307555538207e-02 2.394119313937489935e+01
9.600000000000000000e+02 1.162338957281707053e+03 3.798296098263606524e+01 9.040853820710452460e-02 2.280220374222452762e+01
9.610000000000000000e+02 1.155445766438605233e+03 3.812477176993321848e+01 9.036475467902237158e-02 2.165062426389059880e+01
9.620000000000000000e+02 1.148685796890937581e+03 3.826171875135155176e+01 9.032136505888965772e-02 2.048712241376272658e+01
9.630000000000000000e+02 1.142058645769168834e+03 3.839374660850912591e+01 9.027839162753167890e-02 1.931229090658180780e+01
9.640000000000000000e+02 1.135563914769842995e+03 3.852072557381523410e+01 9.023585636438757884e-02 1.812649891290808313e+01
9.650000000000000000e+02 1.129201210260026073e+03 3.864274856065634367e+01 9.019378093289168175e-02 1.693026349429725030e+01
9.660000000000000000e+02 1.122970143381481648e+03 3.875961117514313514e+01 9.015218666593503849e-02 1.572410105414935266e+01
9.670000000000000000e+02 1.116877758504411077e+03 3.887133169698088153e+01 9.011109455146124048e-02 1.450852735575407770e+01
9.680000000000000000e+02 1.110916248279077536e+03 3.897785394190061936e+01 9.007052521830603842e-02 1.328398325702631055e+01
9.690000000000000000e+02 1.105092667137621220e+03 3.907912154169046204e+01 9.003049892221465234e-02 1.205098329594415318e+01
9.700000000000000000e+02 1.099406646342125441e+03 3.917500365730934675e+01 8.999103553222156937e-02 1.080996714217449473e+01
9.710000000000000000e+02 1.093850394080989417e+03 3.926566639310228624e+01 8.995215451732681278e-02 9.561522466411961574e+00
9.720000000000000000e+02 1.088430980613169368e+03 3.935090424206649118e+01 8.991387493361421845e-02 8.306236392409692471e+00
9.730000000000000000e+02 1.083148053307603277e+03 3.943073435074503408e+01 8.987621541182742868e-02 7.044546949218471354e+00
9.740000000000000000e+02 1.078008693430149606e+03 3.950524794917966176e+01 8.983919414540858517e-02 5.777040224653454459e+00
9.750000000000000000e+02 1.072997702824875660e+03 3.957423893043927876e+01 8.980282887906110290e-02 4.504376101465276783e+00
9.760000000000000000e+02 1.068122174093310150e+03 3.963787239926568873e+01 8.976713689795449980e-02 3.226916859722667841e+00
9.770000000000000000e+02 1.063389205616534127e+03 3.969594183425301992e+01 8.973213501745623544e-02 1.945395748455929663e+00
9.780000000000000000e+02 1.058791044922258607e+03 3.974861192015738709e+01 8.969783957356688986e-02 6.601741709833218730e-01
9.790000000000000000e+02 1.054327373797573046e+03 3.979582427724085392e+01 8.966426641402495956e-02 -6.281343130819820875e-01
9.800000000000000000e+02 1.050005308345058438e+03 3.983744602571877635e+01 8.963143089008272779e-02 -1.919050241220335851e+00
9.810000000000000000e+02 1.045817113982009005e+03 3.987371548429459978e+01 8.959934784896231297e-02 -3.212064803233247723e+00
9.820000000000000000e+02 1.041762490534773860e+03 3.990442504922872047e+01 8.956803162718836309e-02 -4.506662104981807637e+00
9.830000000000000000e+02 1.037841143925524875e+03 3.992973831053844691e+01 8.953749604448794919e-02 -5.802326575176408596e+00
9.840000000000000000e+02 1.034060214552780280e+03 3.994952149822322696e+01 8.950775439856040183e-02 -7.098565971451629153e+00
9.850000000000000000e+02 1.030411992264068658e+03 3.996378918110210776e+01 8.947881946056419900e-02 -8.394915072478710272e+00
9.860000000000000000e+02 1.026896201423134698e+03 3.997255569770572947e+01 8.945070347133206312e-02 -9.690920798949916204e+00
9.870000000000000000e+02 1.023520000919392942e+03 3.997583515424733491e+01 8.942341813839244091e-02 -1.098614219101100531e+01
9.880000000000000000e+02 1.020275699119619048e+03 3.997349285566291854e+01 8.939697463366379215e-02 -1.228013181456674907e+01
9.890000000000000000e+02 1.017163038914152139e+03 3.996569100474537350e+01 8.937138359189991665e-02 -1.357244242372781962e+01
9.900000000000000000e+02 1.014181769355177380e+03 3.995222014881535699e+01 8.934665510987493953e-02 -1.486256751069400472e+01
9.910000000000000000e+02 1.011331645638442637e+03 3.993316772951180837e+01 8.932279874616175230e-02 -1.615016413270436146e+01
9.920000000000000000e+02 1.008619857428548130e+03 3.990862094712506547e+01 8.929982352160827086e-02 -1.743457747382645806e+01
9.930000000000000000e+02 1.006031315426486799e+03 3.987844390850824539e+01 8.927773792046858614e-02 -1.871530137864587928e+01
9.940000000000000000e+02 1.003580649783645868e+03 3.984279761009023701e+01 8.925654989207587597e-02 -1.999168119400627219e+01
9.950000000000000000e+02 1.001252783256011412e+03 3.980169423543394913e+01 8.923626685307727013e-02 -2.126328516205649777e+01
9.960000000000000000e+02 9.990549296063494467e+02 3.975514572089333143e+01 8.921689569020324617e-02 -2.252945869456459960e+01
9.970000000000000000e+02 9.969868801481652554e+02 3.970308947084313900e+01 8.919844276348642964e-02 -2.378969576556433907e+01
9.980000000000000000e+02 9.950484320357664956e+02 3.964561120700036412e+01 8.918091390993834744e-02 -2.504341603579898035e+01
9.990000000000000000e+02 9.932319598490316821e+02 3.958279640031662439e+01 8.916431444759101432e-02 -2.628989054400046399e+01
1.000000000000000000e+03 9.915447005747498679e+02 3.951458170295563121e+01 8.914864917988760129e-02 -2.752861309902834464e+01
1.001000000000000000e+03 9.899716567460592387e+02 3.944097630467911131e+01 8.913392240032937119e-02 -2.875893269556067366e+01
1.002000000000000000e+03 9.885277297095138920e+02 3.936198316892924964e+01 8.912013789747438852e-02 -2.998021363161239350e+01
1.003000000000000000e+03 9.871981578503675792e+02 3.927760351165271402e+01 8.910729896003014017e-02 -3.119182390664348503e+01
1.004000000000000000e+03 9.859904699970675210e+02 3.918783829383579587e+01 8.909540838214008440e-02 -3.239320562051601371e+01
1.005000000000000000e+03 9.848899152342506795e+02 3.909268822094415441e+01 8.908446846876269531e-02 -3.358380066409529263e+01
1.006000000000000000e+03 9.839114612670273345e+02 3.899230230946611186e+01 8.907448104118435850e-02 -3.476327354381427170e+01
1.007000000000000000e+03 9.830403675299789938e+02 3.888682931954686239e+01 8.906544744243538592e-02 -3.593143707220215788e+01
1.008000000000000000e+03 9.822841835487824937e+02 3.877641775473113483e+01 8.905736854275853043e-02 -3.708817805840929793e+01
1.009000000000000000e+03 9.816430354483680958e+02 3.866121586181181868e+01 8.905024474502118426e-02 -3.823316014824358433e+01
1.010000000000000000e+03 9.811021975115065743e+02 3.854144591428975275e+01 8.904407598999293516e-02 -3.936619521577134861e+01
1.011000000000000000e+03 9.806766621892070361e+02 3.841710707843215999e+01 8.903886176150786758e-02 -4.048702048696411993e+01
1.012000000000000000e+03 9.803517132080306737e+02 3.828842111446959962e+01 8.903460109146506263e-02 -4.159552136445029191e+01
1.013000000000000000e+03 9.801274955816681995e+02 3.815531239237673589e+01 8.903129256459225982e-02 -4.269135998436084378e+01
1.014000000000000000e+03 9.800190155220933548e+02 3.801777930980151865e+01 8.902893432307149024e-02 -4.377404947432903981e+01
1.015000000000000000e+03 9.800041419003348437e+02 3.787567144209525338e+01 8.902752407086060582e-02 -4.484332534566338779e+01
1.016000000000000000e+03 9.800978896631321504e+02 3.772906096048586733e+01 8.902705907776008176e-02 -4.589884833418629029e+01
1.017000000000000000e+03 9.803004212972069809e+02 3.757772264834630249e+01 8.902753618322546691e-02 -4.694027865879771610e+01
1.018000000000000000e+03 9.805970467473521239e+02 3.742165388662517955e+01 8.902895179987371788e-02 -4.796720171327095272e+01
1.019000000000000000e+03 9.809953650880125906e+02 3.726092608788393079e+01 8.903130191674525629e-02 -4.897927660881680367e+01
1.020000000000000000e+03 9.814955510449864278e+02 3.709546184696221616e+01 8.903458210220281666e-02 -4.997586473241494787e+01
1.021000000000000000e+03 9.820903549206063872e+02 3.692562921030300771e+01 8.903878750661353703e-02 -5.095640114047809988e+01
1.022000000000000000e+03 9.827799592219598708e+02 3.675142455886378201e+01 8.904391286467110145e-02 -5.192032025183161892e+01
1.023000000000000000e+03 9.835496935404355554e+02 3.657306687770964260e+01 8.904995249750523312e-02 -5.286690725754273501e+01
1.024000000000000000e+03 9.844146045860848062e+02 3.639070062371220615e+01 8.905690031448938726e-02 -5.379566951564086708e+01
1.025000000000000000e+03 9.853526009707670710e+02 3.620454429439944732e+01 8.906474981482058462e-02 -5.470589082770398193e+01
1.026000000000000000e+03 9.863787366484981476e+02 3.601466757942988295e+01 8.907349408885939512e-02 -5.559707711788811224e+01
1.027000000000000000e+03 9.874783557034013484e+02 3.582113992971588345e+01 8.908312581926219886e-02 -5.646940211238845109e+01
1.028000000000000000e+03 9.886516623936145152e+02 3.562403055967898524e+01 8.909363728194058529e-02 -5.732289019980665046e+01
1.029000000000000000e+03 9.899137210957441084e+02 3.542340844964152069e+01 8.910502034689092576e-02 -5.815771354452088815e+01
1.030000000000000000e+03 9.912424577994087258e+02 3.521926806485184613e+01 8.911726647887696640e-02 -5.897404349952117997e+01
1.031000000000000000e+03 9.926529435576521792e+02 3.501175220865467708e+01 8.913036673805520282e-02 -5.977212487024647203e+01
1.032000000000000000e+03 9.941305392839739170e+02 3.480085489127811371e+01 8.914431178051171467e-02 -6.055197876141608759e+01
1.033000000000000000e+03 9.956903225047063870e+02 3.458664418327101231e+01 8.915909185884389465e-02 -6.131377397590208744e+01
1.034000000000000000e+03 9.973176605081979460e+02 3.436918793506168868e+01 8.917469682273446163e-02 -6.205700987809041180e+01
1.035000000000000000e+03 9.990202087482357456e+02 3.414870234715360198e+01 8.919111611959062991e-02 -6.278111064432701482e+01
1.036000000000000000e+03 1.000783340694398134e+03 3.392525483943367703e+01 8.920833879530873367e-02 -6.348557381289428037e+01
1.037000000000000000e+03 1.002599861184738984e+03 3.369898690512336259e+01 8.922635349516307157e-02 -6.416982170052908430e+01
1.038000000000000000e+03 1.004484863077470095e+03 3.347003983084258039e+01 8.924514846489166320e-02 -6.483334995350757879e+01
1.039000000000000000e+03 1.006423728749540373e+03 3.323855470029619141e+01 8.926471155204007690e-02 -6.547565324878347326e+01
1.040000000000000000e+03 1.008409271797013730e+03 3.300452383107304399e+01 8.928503020750352959e-02 -6.609615099568925700e+01
1.041000000000000000e+03 1.010449165332897678e+03 3.276816219607642466e+01 8.930609148746741777e-02 -6.669485587322773767e+01
1.042000000000000000e+03 1.012536228531828328e+03 3.252931315953333069e+01 8.932788205556013716e-02 -6.727177954838626306e+01
1.043000000000000000e+03 1.014663283274026526e+03 3.228811703265363064e+01 8.935038818552461237e-02 -6.782670981252796594e+01
1.044000000000000000e+03 1.016845439136949039e+03 3.204456537685596373e+01 8.937359576419001694e-02 -6.836032482139124511e+01
1.045000000000000000e+03 1.019068094881574439e+03 3.179857529161145635e+01 8.939749029489908738e-02 -6.887196457803661076e+01
1.046000000000000000e+03 1.021331508488776535e+03 3.155036083639412325e+01 8.942205690145343944e-02 -6.936245369452062448e+01
1.047000000000000000e+03 1.023635940390261112e+03 3.129976448368893571e+01 8.944728033250080868e-02 -6.983113004092686538e+01
1.048000000000000000e+03 1.025981653396309412e+03 3.104699995863628459e+01 8.947314496644030724e-02 -7.027807324011921253e+01
1.049000000000000000e+03 1.028361484269350512e+03 3.079235510972609191e+01 8.949963481683682887e-02 -7.070261898791132182e+01
1.050000000000000000e+03 1.030775700344157485e+03 3.053596906307508618e+01 8.952673353843738913e-02 -7.110633038392124661e+01
1.051000000000000000e+03 1.033217175818884016e+03 3.027805343441824348e+01 8.955442443371436356e-02 -7.148853655224533554e+01
1.052000000000000000e+03 1.035686347594946255e+03 3.001866455340293527e+01 8.958269045991816559e-02 -7.184854805696053859e+01
1.053000000000000000e+03 1.038183687604718443e+03 2.975815409973802161e+01 8.961151423679951378e-02 -7.218641281084160255e+01
1.054000000000000000e+03 1.040709669637124534e+03 2.949665076711998779e+01 8.964087805480726312e-02 -7.250217759361592584e+01
1.055000000000000000e+03 1.043249912534181931e+03 2.923420883536411807e+01 8.967076388391366504e-02 -7.279663088030709162e+01
1.056000000000000000e+03 1.045812321834587237e+03 2.897088245908933146e+01 8.970115338295532592e-02 -7.306907432996705154e+01
1.057000000000000000e+03 1.048389947910116462e+03 2.870679995645504690e+01 8.973202790951310959e-02 -7.331880845001410307e+01
1.058000000000000000e+03 1.050983270899392437e+03 2.844201524743858300e+01 8.976336853040049746e-02 -7.354736109606874095e+01
1.059000000000000000e+03 1.053585343885860993e+03 2.817658214266456085e+01 8.979515603255681933e-02 -7.375328762200399524e+01
1.060000000000000000e+03 1.056204077822600993e+03 2.791062863227479696e+01 8.982737093448193988e-02 -7.393662788577826461e+01
1.061000000000000000e+03 1.058832528001122000e+03 2.764420832432771391e+01 8.985999349819383253e-02 -7.409890624556788907e+01
1.062000000000000000e+03 1.061471178967845162e+03 2.737744901724127544e+01 8.989300374151189266e-02 -7.423793171116760448e+01
1.063000000000000000e+03 1.064113087685483606e+03 2.711032985475351609e+01 8.992638145081845169e-02 -7.435596912627769939e+01
1.064000000000000000e+03 1.066758740091827576e+03 2.684305274893004523e+01 8.996010619416103249e-02 -7.445156798067138482e+01
1.065000000000000000e+03 1.069401194254208576e+03 2.657567096817019703e+01 8.999415733473135892e-02 -7.452476225323759706e+01
1.066000000000000000e+03 1.072048365272205501e+03 2.630823770975160869e+01 9.002851404462830498e-02 -7.457707041026888817e+01
1.067000000000000000e+03 1.074685883375663025e+03 2.604088038889037549e+01 9.006315531883601899e-02 -7.460703839401551818e+01
1.068000000000000000e+03 1.077329092223379121e+03 2.577372636081148727e+01 9.009805998946235350e-02 -7.461543946697717899e+01
1.069000000000000000e+03 1.079956193595831110e+03 2.550682864283214357e+01 9.013320674015740108e-02 -7.460230287132972649e+01
1.070000000000000000e+03 1.082582530741071878e+03 2.524031448696311131e+01 9.016857412062805055e-02 -7.456765666388459124e+01
1.071000000000000000e+03 1.085193733064703338e+03 2.497423681850831301e+01 9.020414056129118230e-02 -7.451152771642965433e+01
1.072000000000000000e+03 1.087797714423080834e+03 2.470879709218318965e+01 9.023988438789780353e-02 -7.443468455150113527e+01
1.073000000000000000e+03 1.090380102862922968e+03 2.444404816371983102e+01 9.027578383620912805e-02 -7.433640883846132397e+01
1.074000000000000000e+03 1.092948810563994357e+03 2.418011714599213846e+01 9.031181706660057484e-02 -7.421746673515826842e+01
1.075000000000000000e+03 1.095496891929542471e+03 2.391713113113172895e+01 9.034796217860857626e-02 -7.407788038481882609e+01
1.076000000000000000e+03 1.098032256829903872e+03 2.365514291264332769e+01 9.038419722526187805e-02 -7.391692791842734778e+01
1.077000000000000000e+03 1.100540528695210469e+03 2.339420527452284659e+01 9.042050022736303205e-02 -7.373611479761775911e+01
1.078000000000000000e+03 1.103029614462592463e+03 2.313451956387464747e+01 9.045684918743529535e-02 -7.353545964275781444e+01
1.079000000000000000e+03 1.105485134322547538e+03 2.287613856250911226e+01 9.049322210348471895e-02 -7.331423707160426773e+01
1.080000000000000000e+03 1.107922420021094013e+03 2.261911505954937240e+01 9.052959698246165754e-02 -7.307394904345849795e+01
1.081000000000000000e+03 1.110327087911100534e+03 2.236365042403125258e+01 9.056595185338423004e-02 -7.281312501847801855e+01
1.082000000000000000e+03 1.112699608910379084e+03 2.210972319297775357e+01 9.060226478013672091e-02 -7.253326464279888341e+01
1.083000000000000000e+03 1.115040451661386896e+03 2.185746049448979988e+01 9.063851387387869551e-02 -7.223438074374986684e+01
1.084000000000000000e+03 1.117350082395337722e+03 2.160698948630972893e+01 9.067467730501756196e-02 -7.191648500571452018e+01
1.085000000000000000e+03 1.119621536450262283e+03 2.135836307787666755e+01 9.071073331482018554e-02 -7.158033081142244214e+01
1.086000000000000000e+03 1.121855274844274845e+03 2.111163421937544626e+01 9.074666022648744668e-02 -7.122444190857585511e+01
1.087000000000000000e+03 1.124051755802769094e+03 2.086685590727064721e+01 9.078243645589556543e-02 -7.085105509724311901e+01
1.088000000000000000e+03 1.126204006290500502e+03 2.062422975683244886e+01 9.081804052174115294e-02 -7.045943472230062810e+01
1.089000000000000000e+03 1.128312478599464839e+03 2.038380887363333827e+01 9.085345105529241128e-02 -7.004958685670405316e+01
1.090000000000000000e+03 1.130377621891209174e+03 2.014557214254229223e+01 9.088864680960599685e-02 -6.962225931012069680e+01
1.091000000000000000e+03 1.132399882094679924e+03 1.990972136721043029e+01 9.092360666825786975e-02 -6.917819880302792512e+01
1.092000000000000000e+03 1.134372273459175631e+03 1.967630985801705279e+01 9.095830965365719889e-02 -6.871666530628411351e+01
1.093000000000000000e+03 1.136295235163436701e+03 1.944546528801758711e+01 9.099273493480815322e-02 -6.823914622637651917e+01
1.094000000000000000e+03 1.138169202879378417e+03 1.921724113135971024e+01 9.102686183463971903e-02 -6.774489940590120796e+01
1.095000000000000000e+03 1.139994608691433768e+03 1.899176523568883468e+01 9.106066983685263960e-02 -6.723541014485374490e+01
1.096000000000000000e+03 1.141764452670945957e+03 1.876909126052167665e+01 9.109413859239463840e-02 -6.670993420213444836e+01
1.097000000000000000e+03 1.143486587856764345e+03 1.854934724960653014e+01 9.112724792541507246e-02 -6.616921198284569527e+01
1.098000000000000000e+03 1.145154006789169443e+03 1.833251278574601884e+01 9.115997783891047201e-02 -6.561398288093340625e+01
1.099000000000000000e+03 1.146759698150228132e+03 1.811879041361335396e+01 9.119230851993163911e-02 -6.504424245737416754e+01
1.100000000000000000e+03 1.148318931759147063e+03 1.790815994401276612e+01 9.122422034442113914e-02 -6.446072812395797769e+01
1.101000000000000000e+03 1.149809829247843936e+03 1.770060095316679849e+01 9.125569388186002828e-02 -6.386268236711372737e+01
1.102000000000000000e+03 1.151247640102187688e+03 1.749631456904107552e+01 9.128670989942475056e-02 -6.325154208174797787e+01
1.103000000000000000e+03 1.152617893882004410e+03 1.729535312840615191e+01 9.131724936604085352e-02 -6.262650643244178639e+01
1.104000000000000000e+03 1.153935829455989278e+03 1.709776910544980666e+01 9.134729345613372409e-02 -6.198885359775022863e+01
1.105000000000000000e+03 1.155186968164558493e+03 1.690354083337769708e+01 9.137682355317314209e-02 -6.133867231240268580e+01
1.106000000000000000e+03 1.156371683889425640e+03 1.671279535998252896e+01 9.140582125310274531e-02 -6.067619898716169047e+01
1.107000000000000000e+03 1.157497774674345692e+03 1.652558560215434724e+01 9.143426836756428366e-02 -6.000181772613348130e+01
1.108000000000000000e+03 1.158550749297707853e+03 1.634196463435409896e+01 9.146214692710116778e-02 -5.931591177756298805e+01
1.109000000000000000e+03 1.159545825700162368e+03 1.616205997703778507e+01 9.148943918427823729e-02 -5.861878926861224670e+01
1.110000000000000000e+03 1.160468504160455495e+03 1.598585075101834896e+01 9.151612761674313146e-02 -5.791083179111771528e+01
1.111000000000000000e+03 1.161326565726656554e+03 1.581346481628972889e+01 9.154219493032500488e-02 -5.719242013730102769e+01
1.112000000000000000e+03 1.162112930445700840e+03 1.564480735927022081e+01 9.156762406208746041e-02 -5.646378575242658826e+01
1.113000000000000000e+03 1.162835370746196759e+03 1.548008088201422616e+01 9.159239818362235885e-02 -5.572553073941899271e+01
1.114000000000000000e+03 1.163486798019937623e+03 1.531933950582712001e+01 9.161650070422647230e-02 -5.497781076085907870e+01
1.115000000000000000e+03 1.164067547655577982e+03 1.516248897582717525e+01 9.163991527435834394e-02 -5.422107789494241814e+01
1.116000000000000000e+03 1.164577950671450481e+03 1.500973236645153897e+01 9.166262578911393843e-02 -5.345578352279731860e+01
1.117000000000000000e+03 1.165018333698510105e+03 1.486097581785274535e+01 9.168461639196719137e-02 -5.268215549968492439e+01
1.118000000000000000e+03 1.165389018962915543e+03 1.471634852475516375e+01 9.170587147865934263e-02 -5.190056959458183172e+01
1.119000000000000000e+03 1.165682895917773067e+03 1.457590560670298174e+01 9.172637570124579642e-02 -5.111154951259621981e+01
1.120000000000000000e+03 1.165900277924848524e+03 1.443955382873143911e+01 9.174611397239700039e-02 -5.031524693319499164e+01
1.121000000000000000e+03 1.166048902234821753e+03 1.430749730646797957e+01 9.176507146996490394e-02 -4.951218436828367686e+01
1.122000000000000000e+03 1.166121644915681145e+03 1.417964324210772453e+01 9.178323364169840848e-02 -4.870266091753346416e+01
1.123000000000000000e+03 1.166118805881392746e+03 1.405604762932987661e+01 9.180058621025007082e-02 -4.788704942601140147e+01
1.124000000000000000e+03 1.166048108868494182e+03 1.393684097359954599e+01 9.181711517841352477e-02 -4.706572222455244514e+01
1.125000000000000000e+03 1.165894988010298675e+03 1.382193116186187076e+01 9.183280683458913685e-02 -4.623905115386902054e+01
1.126000000000000000e+03 1.165659729561930362e+03 1.371137488365541124e+01 9.184764775847373275e-02 -4.540755615588124527e+01
1.127000000000000000e+03 1.165357471872670203e+03 1.360522906760190942e+01 9.186162482701677734e-02 -4.457160816422878469e+01
1.128000000000000000e+03 1.164981063605650888e+03 1.350355088479210153e+01 9.187472522055159518e-02 -4.373172626297935039e+01
1.129000000000000000e+03 1.164523348758187467e+03 1.340632346855742973e+01 9.188693642913890736e-02 -4.288820629397290674e+01
1.130000000000000000e+03 1.163999451680837410e+03 1.331353020113243524e+01 9.189824625911371947e-02 -4.204156658283193337e+01
1.131000000000000000e+03 1.163394778592787134e+03 1.322522900020052461e+01 9.190864283976954430e-02 -4.119225083006678290e+01
1.132000000000000000e+03 1.162717015999709474e+03 1.314147803831566996e+01 9.191811463019117223e-02 -4.034055385278998074e+01
1.133000000000000000e+03 1.161966417257994408e+03 1.306226146220287099e+01 9.192665042622841232e-02 -3.948691874402645396e+01
1.134000000000000000e+03 1.161135802539297856e+03 1.298756367894040409e+01 9.193423936753690462e-02 -3.863171404757196115e+01
1.135000000000000000e+03 1.160232843845358047e+03 1.291736935851436741e+01 9.194087094469706456e-02 -3.777530806691002851e+01
1.136000000000000000e+03 1.159257779921063502e+03 1.285173771974883472e+01 9.194653500638905186e-02 -3.691799460715576231e+01
1.137000000000000000e+03 1.158203416218269695e+03 1.279065396560013568e+01 9.195122176649780932e-02 -3.606029013452791077e+01
1.138000000000000000e+03 1.157077409910628148e+03 1.273410356882860306e+01 9.195492181129999443e-02 -3.520248810079628754e+01
1.139000000000000000e+03 1.155879984807459095e+03 1.268207227403684101e+01 9.195762610648432200e-02 -3.434495610273966548e+01
1.140000000000000000e+03 1.154596502968955747e+03 1.263462038307818425e+01 9.195932600413544988e-02 -3.348813590756509484e+01
1.141000000000000000e+03 1.153249463124528802e+03 1.259165990632206444e+01 9.196001324955828393e-02 -3.263246919478271479e+01
1.142000000000000000e+03 1.151824217138338554e+03 1.255325169830295096e+01 9.195967998794601916e-02 -3.177832329802570044e+01
1.143000000000000000e+03 1.150328396781088941e+03 1.251938260871729724e+01 9.195831877085317019e-02 -3.092606551380876212e+01
1.144000000000000000e+03 1.148754771950639906e+03 1.249003976729557053e+01 9.195592256238446782e-02 -3.007613741020846021e+01
1.145000000000000000e+03 1.147110964047256175e+03 1.246521058503648582e+01 9.195248474519694681e-02 -2.922890628494782916e+01
1.146000000000000000e+03 1.145397160899801975e+03 1.244488275530591004e+01 9.194799912611585635e-02 -2.838481375739265289e+01
1.147000000000000000e+03 1.143613545095934569e+03 1.242904425480036501e+01 9.194245994148252110e-02 -2.754415294292811467e+01
1.148000000000000000e+03 1.141752865615095516e+03 1.241768334437529298e+01 9.193586186207371169e-02 -2.670729132823490559e+01
1.149000000000000000e+03 1.139822722866079630e+03 1.241071428623588346e+01 9.192819999767185002e-02 -2.587467079593448460e+01
1.150000000000000000e+03 1.137823283626956709e+03 1.240812591150078781e+01 9.191946990118440852e-02 -2.504658479859663345e+01
1.151000000000000000e+03 1.135754676781690932e+03 1.240998287453915694e+01 9.190966757234111939e-02 -2.422339694167687796e+01
1.152000000000000000e+03 1.133616895494029222e+03 1.241620656449147830e+01 9.189878946091763201e-02 -2.340552813190673120e+01
1.153000000000000000e+03 1.131417323386663156e+03 1.242679419419846276e+01 9.188683246946298400e-02 -2.259324662671987838e+01
1.154000000000000000e+03 1.129141053757075269e+03 1.244174326281275000e+01 9.187379395551815986e-02 -2.178689520064373752e+01
1.155000000000000000e+03 1.126802888042652739e+03 1.246090298868949908e+01 9.185967173334017022e-02 -2.098681688557546110e+01
1.156000000000000000e+03 1.124395337387371683e+03 1.248442001016689495e+01 9.184446407506254018e-02 -2.019342927790207654e+01
1.157000000000000000e+03 1.121925764416681886e+03 1.251214411718270725e+01 9.182816971132476414e-02 -1.940692742794353975e+01
1.158000000000000000e+03 1.119394098215671875e+03 1.254414823530034973e+01 9.181078783137457122e-02 -1.862780384775546949e+01
1.159000000000000000e+03 1.116800262713592474e+03 1.258028272407571890e+01 9.179231808263041414e-02 -1.785632854972578798e+01
1.160000000000000000e+03 1.114144176723515102e+03 1.262062107732850080e+01 9.177276056960508022e-02 -1.709277192002245727e+01
1.161000000000000000e+03 1.111425753987386543e+03 1.266508850476143166e+01 9.175211585244157086e-02 -1.633747902485950831e+01
1.162000000000000000e+03 1.108652331576711276e+03 1.271361049797413934e+01 9.173038494473988169e-02 -1.559064678257341541e+01
1.163000000000000000e+03 1.105816384897554371e+03 1.276618711285239094e+01 9.170756931101456400e-02 -1.485262112003475643e+01
1.164000000000000000e+03 1.102925241152538774e+03 1.282281868483189768e+01 9.168367086349554773e-02 -1.412374842785970230e+01
1.165000000000000000e+03 1.099978794356230082e+03 1.288335726054014430e+01 9.165869195853036666e-02 -1.340422701543341510e+01
1.166000000000000000e+03 1.096969505406272901e+03 1.294787801383770720e+01 9.163263539244362321e-02 -1.269440426675736688e+01
1.167000000000000000e+03 1.093904687210117572e+03 1.301623354321518278e+01 9.160550439697076608e-02 -1.199447952808203510e+01
1.168000000000000000e+03 1.090784219714899564e+03 1.308842528760208879e+01 9.157730263421222372e-02 -1.130480126336174607e+01
1.169000000000000000e+03 1.087615406693014393e+03 1.316445495754384964e+01 9.154803419119690588e-02 -1.062556994148748757e+01
1.170000000000000000e+03 1.084390690780655632e+03 1.324410168276314970e+01 9.151770357406045775e-02 -9.957060907831218444e+00
1.171000000000000000e+03 1.081117366972061291e+03 1.332751627813679107e+01 9.148631570182647055e-02 -9.299624405071915234e+00
1.172000000000000000e+03 1.077795297665701355e+03 1.341455269001924577e+01 9.145387589989768806e-02 -8.653388459796079957e+00
1.173000000000000000e+03 1.074424341114867048e+03 1.350513941149145758e+01 9.142038989323970910e-02 -8.018704603902111927e+00
1.174000000000000000e+03 1.071004351531112889e+03 1.359927947998861519e+01 9.138586379925404957e-02 -7.395813619001529560e+00
1.175000000000000000e+03 1.067535179190491817e+03 1.369690190781533801e+01 9.135030412046149517e-02 -6.784882698099398368e+00
1.176000000000000000e+03 1.064024098892500660e+03 1.379786167955939469e+01 9.131371773696340954e-02 -6.186154032288463611e+00
1.177000000000000000e+03 1.060470953370423331e+03 1.390216259990742742e+01 9.127611189874763886e-02 -5.599825976586823906e+00
1.178000000000000000e+03 1.056868153403975157e+03 1.400980872384373122e+01 9.123749421783379498e-02 -5.026134780977196570e+00
1.179000000000000000e+03 1.053230391334418300e+03 1.412065578674548583e+01 9.119787266034817819e-02 -4.465287754177641233e+00
1.180000000000000000e+03 1.049550071078317615e+03 1.423463405188793196e+01 9.115725553853126772e-02 -3.917507852393800949e+00
1.181000000000000000e+03 1.045827021644595789e+03 1.435167402383798674e+01 9.111565150263807589e-02 -3.382989127586532696e+00
1.182000000000000000e+03 1.042068497251073268e+03 1.447178072875204968e+01 9.107306953296533114e-02 -2.861904173900192916e+00
1.183000000000000000e+03 1.038274320740664507e+03 1.459481086056415045e+01 9.102951893177801956e-02 -2.354456886726026710e+00
1.184000000000000000e+03 1.034444312048183065e+03 1.472076991159268111e+01 9.098500931535234704e-02 -1.860826024705081627e+00
1.185000000000000000e+03 1.030578288316448834e+03 1.484944075152669107e+01 9.093955060612439467e-02 -1.381206082796655243e+00
1.186000000000000000e+03 1.026676064011678136e+03 1.498090360834522450e+01 9.089315302486920822e-02 -9.157850240356836258e-01
1.187000000000000000e+03 1.022744879388134450e+03 1.511501608010559217e+01 9.084582708308275301e-02 -4.647405818203442784e-01
1.188000000000000000e+03 1.018784543900794802e+03 1.525171026516406236e+01 9.079758357549445880e-02 -2.819867725620385859e-02
1.189000000000000000e+03 1.014794864667313163e+03 1.539091847478998965e+01 9.074843357273104649e-02 3.937063954704184132e-01
1.190000000000000000e+03 1.010768218227813804e+03 1.553257322918942229e+01 9.069838841418885467e-02 8.008616671381577623e-01
1.191000000000000000e+03 1.006726692404345044e+03 1.567653296993421286e+01 9.064745970110574258e-02 1.193145765127936242e+00
1.192000000000000000e+03 1.002655231254829005e+03 1.582280490631029934e+01 9.059565928985467698e-02 1.570428898866784051e+00
1.193000000000000000e+03 9.985610619791236786e+02 1.597132216056137111e+01 9.054299928542311471e-02 1.932602559090629057e+00
1.194000000000000000e+03 9.944514099700930956e+02 1.612186948004896081e+01 9.048949203519811302e-02 2.279534934034684213e+00
1.195000000000000000e+03 9.903186422126046864e+02 1.627445465034060490e+01 9.043515012286781896e-02 2.611145179669835059e+00
1.196000000000000000e+03 9.861625524313892583e+02 1.642901135668950019e+01 9.037998636268995689e-02 2.927358836789132557e+00
1.197000000000000000e+03 9.819903611857462238e+02 1.658547346294248470e+01 9.032401379387361429e-02 3.228092961960804530e+00
1.198000000000000000e+03 9.778092876115824765e+02 1.674362643985760002e+01 9.026724567528481014e-02 3.513285829059801912e+00
1.199000000000000000e+03 9.736116928108068578e+02 1.690355306136046565e+01 9.020969548029000862e-02 3.782770635932045877e+00
1.200000000000000000e+03 9.693973649896323650e+02 1.706503913168604214e+01 9.015137689188119918e-02 4.036617197622990538e+00
1.201000000000000000e+03 9.651734914892680308e+02 1.722809511101226576e+01 9.009230379795769850e-02 4.274593895845836045e+00
1.202000000000000000e+03 9.609397180047653819e+02 1.739258963105190148e+01 9.003249028681957478e-02 4.496826623829385028e+00
1.203000000000000000e+03 9.566956611800464998e+02 1.755839311889534571e+01 8.997195064277604959e-02 4.703139822286230398e+00
1.204000000000000000e+03 9.524483650918392641e+02 1.772559899634804026e+01 8.991069934201513514e-02 4.893579654077826468e+00
1.205000000000000000e+03 9.481900162762527771e+02 1.789392940670279941e+01 8.984875104848841221e-02 5.068042578453916036e+00
1.206000000000000000e+03 9.439276572055040333e+02 1.806347804448945382e+01 8.978612060999192901e-02 5.226572477365774461e+00
1.207000000000000000e+03 9.396609013114780282e+02 1.823396731510924695e+01 8.972282305427205229e-02 5.369137797819837132e+00
1.208000000000000000e+03 9.353967897593256566e+02 1.840556544795872540e+01 8.965887358527777073e-02 5.495631545302530618e+00
1.209000000000000000e+03 9.311349348190607316e+02 1.857799508893588580e+01 8.959428757936475918e-02 5.606168411784093308e+00
1.210000000000000000e+03 9.268675199368759650e+02 1.875127612994330306e+01 8.952908058159922411e-02 5.700639069270489578e+00
1.211000000000000000e+03 9.226015848566580644e+02 1.892528000229621199e+01 8.946326830199481661e-02 5.779230149464853028e+00
1.212000000000000000e+03 9.183441689899331095e+02 1.909995252160051749e+01 8.939686661174725546e-02 5.841904254973502297e+00
1.213000000000000000e+03 9.140874547857284824e+02 1.927523959857124325e+01 8.932989153938572513e-02 5.888622806118756436e+00
1.214000000000000000e+03 9.098384812020850632e+02 1.945108723330659828e+01 8.926235926689088385e-02 5.919420321329655899e+00
1.215000000000000000e+03 9.056042870764546251e+02 1.962729294251326806e+01 8.919428612563468084e-02 5.934404414613762668e+00
1.216000000000000000e+03 9.013696261464579038e+02 1.980387717120830260e+01 8.912568859223221618e-02 5.933532943104552260e+00
1.217000000000000000e+03 8.971489655739749196e+02 1.998071186935810317e+01 8.905658328425052062e-02 5.916911139708449063e+00
1.218000000000000000e+03 8.929419159170341800e+02 2.015774333650281136e+01 8.898698695566939487e-02 5.884568761814819027e+00
1.219000000000000000e+03 8.887480879049460327e+02 2.033484364883639373e+01 8.891691649225964833e-02 5.836460091091206337e+00
1.220000000000000000e+03 8.845596641641221822e+02 2.051195922026838403e+01 8.884638890658878851e-02 5.772835351365844581e+00
1.221000000000000000e+03 8.803985410470035049e+02 2.068896222945021179e+01 8.877542133295009130e-02 5.693497874543499648e+00
1.222000000000000000e+03 8.762420452090037770e+02 2.086587346429197609e+01 8.870403102193806510e-02 5.598695504142668256e+00
1.223000000000000000e+03 8.721120738928567562e+02 2.104249089844019949e+01 8.863223533478876981e-02 5.488526329344161070e+00
1.224000000000000000e+03 8.679933831592366005e+02 2.121883538626746457e+01 8.856005173744324610e-02 5.363012971117911754e+00
1.225000000000000000e+03 8.639004431244982243e+02 2.139477923932188119e+01 8.848749779431235030e-02 5.222474002909398116e+00
1.226000000000000000e+03 8.598254395966147285e+02 2.157026907078725486e+01 8.841459116181853151e-02 5.066929686336661298e+00
1.227000000000000000e+03 8.557754159163660006e+02 2.174517722242453743e+01 8.834134958150753614e-02 4.896473392955875248e+00
1.228000000000000000e+03 8.517499879988044995e+02 2.191952460902265187e+01 8.826779087298514126e-02 4.711420176048148001e+00
1.229000000000000000e+03 8.477562011282585672e+02 2.209318357833187463e+01 8.819393292648582128e-02 4.511786791404851726e+00
1.230000000000000000e+03 8.437862450043510307e+02 2.226610075551773704e+01 8.811979369516453886e-02 4.297737404158510799e+00
1.231000000000000000e+03 8.398397388917397848e+02 2.243814847010856539e+01 8.804539118710170975e-02 4.069360744596143498e+00
1.232000000000000000e+03 8.359237317212665630e+02 2.260934760046451331e+01 8.797074345700821307e-02 3.826967248986512526e+00
1.233000000000000000e+03 8.320452738429167994e+02 2.277942186673607949e+01 8.789586859764610127e-02 3.570494798865517794e+00
1.234000000000000000e+03 8.281891320802310474e+02 2.294846637637488485e+01 8.782078473104154570e-02 3.300251563845939096e+00
1.235000000000000000e+03 8.243697882890248820e+02 2.311635335011959569e+01 8.774550999938161844e-02 3.016247458350548971e+00
1.236000000000000000e+03 8.205794410142639208e+02 2.328302925003212565e+01 8.767006255571396789e-02 2.718714134847356245e+00
1.237000000000000000e+03 8.168251473514054624e+02 2.344829192303929588e+01 8.759446055440629764e-02 2.407807859011056539e+00
1.238000000000000000e+03 8.131065380070156152e+02 2.361223629602256935e+01 8.751872214145588191e-02 2.083758086344461358e+00
1.239000000000000000e+03 8.094232457614363057e+02 2.377466010190078549e+01 8.744286544459560495e-02 1.746718905226771534e+00
1.240000000000000000e+03 8.057749055820220292e+02 2.393550957477847163e+01 8.736690856325048105e-02 1.396917614400281726e+00
1.241000000000000000e+03 8.021685830871957705e+02 2.409480516060951061e+01 8.729086955836905248e-02 1.034580450370077065e+00
1.242000000000000000e+03 7.986039179600601301e+02 2.425241866089087139e+01 8.721476644219258723e-02 6.599325987188220388e-01
1.243000000000000000e+03 7.950731240625430019e+02 2.440822179390637103e+01 8.713861716789719769e-02 2.731239223240742309e-01
1.244000000000000000e+03 7.915832746000401130e+02 2.456223475600986816e+01 8.706243961926171671e-02 -1.256967430218276782e-01
1.245000000000000000e+03 7.881340171840209905e+02 2.471425479843266970e+01 8.698625160023469582e-02 -5.361735822967561571e-01
1.246000000000000000e+03 7.847324306450476570e+02 2.486437620616450772e+01 8.691007082460790178e-02 -9.581374909203332901e-01
1.247000000000000000e+03 7.813707400934125644e+02 2.501239602434274900e+01 8.683391490565393889e-02 -1.391360925926790060e+00
1.248000000000000000e+03 7.780560304300939833e+02 2.515833403722646366e+01 8.675780134590868609e-02 -1.835624747477365926e+00
1.249000000000000000e+03 7.747805330539873694e+02 2.530198706168754086e+01 8.668174752699690788e-02 -2.290710776505236357e+00
1.250000000000000000e+03 7.715587677193648233e+02 2.544337464278283889e+01 8.660577069962982488e-02 -2.756372066950349531e+00
1.251000000000000000e+03 7.683755434533178459e+02 2.558251666901944432e+01 8.652988797373005470e-02 -3.232339881161073514e+00
1.252000000000000000e+03 7.652379549046912643e+02 2.571921192999969819e+01 8.645411630877744558e-02 -3.718344645186506536e+00
1.253000000000000000e+03 7.621530995959330994e+02 2.585348239866954145e+01 8.637847250430956414e-02 -4.214124676407585923e+00
1.254000000000000000e+03 7.591132220526607171e+02 2.598534990442746562e+01 8.630297319073325368e-02 -4.719434034367853137e+00
1.255000000000000000e+03 7.561254272966599501e+02 2.611468756095822386e+01 8.622763482029741078e-02 -5.233997934587206302e+00
1.256000000000000000e+03 7.531893958835564717e+02 2.624144261164020620e+01 8.615247365845714322e-02 -5.757572158948548235e+00
1.257000000000000000e+03 7.503048123376928515e+02 2.636556214100559714e+01 8.607750577545261739e-02 -6.289903668699718509e+00
1.258000000000000000e+03 7.474713652327739055e+02 2.648714163677246702e+01 8.600274703825647182e-02 -6.830734895832430098e+00
1.259000000000000000e+03 7.446813189181048074e+02 2.660590500042033213e+01 8.592821310283280112e-02 -7.379814125389804857e+00
1.260000000000000000e+03 7.419566553420251012e+02 2.672202166087830477e+01 8.585391940673862965e-02 -7.936886563748532630e+00
1.261000000000000000e+03 7.392747906171548493e+02 2.683528945122731457e+01 8.577988116211360259e-02 -8.501706948805754394e+00
1.262000000000000000e+03 7.366502869363491754e+02 2.694565458851814199e+01 8.570611334902551726e-02 -9.074022446457783886e+00
1.263000000000000000e+03 7.340828541795276578e+02 2.705313738564190373e+01 8.563263070918912534e-02 -9.653586894413514585e+00
1.264000000000000000e+03 7.315647783178194459e+02 2.715775796327438840e+01 8.555944774009290044e-02 -1.024013255554502955e+01
1.265000000000000000e+03 7.291032065134857021e+02 2.725931339489131489e+01 8.548657868946306360e-02 -1.083339238372446722e+01
1.266000000000000000e+03 7.266904337633637851e+02 2.735782340338325724e+01 8.541403755021745314e-02 -1.143306286256774662e+01
1.267000000000000000e+03 7.243410446898386681e+02 2.745330750622731486e+01 8.534183805567414904e-02 -1.203887084079496717e+01
1.268000000000000000e+03 7.220473434743828420e+02 2.754571072774454521e+01 8.526999367527024476e-02 -1.265052151370461964e+01
1.269000000000000000e+03 7.198090672889709367e+02 2.763497787844518783e+01 8.519851761055989570e-02 -1.326772068787299652e+01
1.270000000000000000e+03 7.176259579717003589e+02 2.772112783445812667e+01 8.512742279166733705e-02 -1.389021933063217951e+01
1.271000000000000000e+03 7.154977620482222846e+02 2.780403068303689906e+01 8.505672187401933093e-02 -1.451765012547439682e+01
1.272000000000000000e+03 7.134316590991024896e+02 2.788370485267125076e+01 8.498642723549539035e-02 -1.514985429831198793e+01
1.273000000000000000e+03 7.114199767220093236e+02 2.796009425877132415e+01 8.491655097389479157e-02 -1.578637646825484708e+01
1.274000000000000000e+03 7.094617327563589697e+02 2.803321686695649717e+01 8.484710490469953015e-02 -1.642705889397678831e+01
1.275000000000000000e+03 7.075641209584470062e+02 2.810309040593069696e+01 8.477810055916597254e-02 -1.707152146730352982e+01
1.276000000000000000e+03 7.057246829622830546e+02 2.816958379695119064e+01 8.470954918272184664e-02 -1.771953310859717945e+01
1.277000000000000000e+03 7.039431936379812669e+02 2.823278856791319313e+01 8.464146173355645286e-02 -1.837078889389514202e+01
1.278000000000000000e+03 7.022194325814489275e+02 2.829257314900673848e+01 8.457384888157824798e-02 -1.902491003233941669e+01
1.279000000000000000e+03 7.005531841061485920e+02 2.834888000350101578e+01 8.450672100749974380e-02 -1.968174097740754291e+01
1.280000000000000000e+03 6.989449800671154662e+02 2.840187419162782945e+01 8.444008820215118116e-02 -2.034090370291963268e+01
1.281000000000000000e+03 6.973946141773704994e+02 2.845127481604384556e+01 8.437396026600732513e-02 -2.100216909738367477e+01
1.282000000000000000e+03 6.959018848271206252e+02 2.849724642095377902e+01 8.430834670882256243e-02 -2.166515980663950458e+01
1.283000000000000000e+03 6.944665950658901465e+02 2.853973043779141605e+01 8.424325674949968701e-02 -2.232964734435462262e+01
1.284000000000000000e+03 6.930885525828522304e+02 2.857859374954079001e+01 8.417869931593800759e-02 -2.299525493434301637e+01
1.285000000000000000e+03 6.917683125206270915e+02 2.861392582217664327e+01 8.411468304509467364e-02 -2.366175462075861802e+01
1.286000000000000000e+03 6.905049489476583631e+02 2.864566728469901591e+01 8.405121628307055115e-02 -2.432884439363806806e+01
1.287000000000000000e+03 6.892990261746751912e+02 2.867390706080877294e+01 8.398830708521315414e-02 -2.499622244833249951e+01
1.288000000000000000e+03 6.881496273900851293e+02 2.869851094918089984e+01 8.392596321632461720e-02 -2.566351287782638479e+01
1.289000000000000000e+03 6.870565831398903356e+02 2.871956732238759358e+01 8.386419215080299916e-02 -2.633041421546892025e+01
1.290000000000000000e+03 6.860212141371010830e+02 2.873708999092023220e+01 8.380300107285504341e-02 -2.699669941061909384e+01
1.291000000000000000e+03 6.850418742257110125e+02 2.875101820134724306e+01 8.374239687659507103e-02 -2.766199295371558620e+01
1.292000000000000000e+03 6.841184073648847743e+02 2.876143948510664927e+01 8.368238616616639758e-02 -2.832606798581059238e+01
1.293000000000000000e+03 6.832506619330184776e+02 2.876836680641266142e+01 8.362297525580672519e-02 -2.898847485654174605e+01
1.294000000000000000e+03 6.824392335370866931e+02 2.877166427729772735e+01 8.356417016980720314e-02 -2.964913536761162405e+01
1.295000000000000000e+03 6.816817508121795299e+02 2.877141857380119561e+01 8.350597664240203000e-02 -3.030759991321185964e+01
1.296000000000000000e+03 6.809795609118343691e+02 2.876764180076873245e+01 8.344840011761781029e-02 -3.096364172349644761e+01
1.297000000000000000e+03 6.803310439684483981e+02 2.876027149079578038e+01 8.339144574895440698e-02 -3.161695970604417738e+01
1.298000000000000000e+03 6.797368129146910860e+02 2.874939345381394418e+01 8.333511839900921425e-02 -3.226725270486707586e+01
1.299000000000000000e+03 6.791952564502355472e+02 2.873487035879339402e+01 8.327942263901090547e-02 -3.291429375946743363e+01
1.300000000000000000e+03 6.787062531944384318e+02 2.871686171761234974e+01 8.322436274816635837e-02 -3.355770722994771660e+01
1.301000000000000000e+03 6.782697100207901713e+02 2.869522860927014563e+01 8.316994271298372432e-02 -3.419734431743462011e+01
1.302000000000000000e+03 6.778848912795908745e+02 2.867019920926758303e+01 8.311616622647578778e-02 -3.483277543699765033e+01
1.303000000000000000e+03 6.775510895336988142e+02 2.864162897611810266e+01 8.306303668719966504e-02 -3.546394636341582896e+01
1.304000000000000000e+03 6.772676015123663547e+02 2.860952164302673495e+01 8.301055719830269242e-02 -3.609043124494975530e+01
1.305000000000000000e+03 6.770359565969253026e+02 2.857402921793418216e+01 8.295873056634640863e-02 -3.671210113101142269e+01
1.306000000000000000e+03 6.768532312865870608e+02 2.853508056618694511e+01 8.290755930020997366e-02 -3.732860396394137581e+01
1.307000000000000000e+03 6.767202203650510910e+02 2.849267854486876672e+01 8.285704560975598598e-02 -3.793973597297632239e+01
1.308000000000000000e+03 6.766362370368514121e+02 2.844690000326029278e+01 8.280719140459438798e-02 -3.854529308387249387e+01
1.309000000000000000e+03 6.766005985789746546e+02 2.839767293292906203e+01 8.275799829269336882e-02 -3.914499661221697835e+01
1.310000000000000000e+03 6.766118834873021797e+02 2.834507360247419427e+01 8.270946757900639323e-02 -3.973849324043935383e+01
1.311000000000000000e+03 6.766709027979140956e+02 2.828910370788999629e+01 8.266160026405716676e-02 -4.032572641254473211e+01
1.312000000000000000e+03 6.767762430577035957e+02 2.822976465707504445e+01 8.261439704259981864e-02 -4.090634204353474956e+01
1.313000000000000000e+03 6.769272376446257340e+02 2.816705757097328799e+01 8.256785830220299272e-02 -4.148005991459194775e+01
1.314000000000000000e+03 6.771232239120103031e+02 2.810105756835089608e+01 8.252198412195842214e-02 -4.204682221799767206e+01
1.315000000000000000e+03 6.773635431669009677e+02 2.803183948370022094e+01 8.247677427118653426e-02 -4.260619926727606099e+01
1.316000000000000000e+03 6.776475406471938641e+02 2.795932930177167108e+01 8.243222820828229047e-02 -4.315813231064301192e+01
1.317000000000000000e+03 6.779745654973780802e+02 2.788374986025486990e+01 8.238834507958106568e-02 -4.370241352518148403e+01
1.318000000000000000e+03 6.783439707426778114e+02 2.780495230004952134e+01 8.234512371842570011e-02 -4.423876027931414967e+01
1.319000000000000000e+03 6.787551132613988329e+02 2.772315890220959389e+01 8.230256264434739066e-02 -4.476696367906340868e+01
1.320000000000000000e+03 6.792066109202606867e+02 2.763829453846387807e+01 8.226066006233523353e-02 -4.528688854759871418e+01
1.321000000000000000e+03 6.796985710476483291e+02 2.755043237439580395e+01 8.221941386241554683e-02 -4.579825055457582295e+01
1.322000000000000000e+03 6.802303618943560650e+02 2.745964530472340925e+01 8.217882161930634144e-02 -4.630091333029905343e+01
1.323000000000000000e+03 6.807998697618445476e+02 2.736593167219959355e+01 8.213888059233744043e-02 -4.679466559567780592e+01
1.324000000000000000e+03 6.814072131379527946e+02 2.726936383713555045e+01 8.209958772558947904e-02 -4.727929542651054362e+01
1.325000000000000000e+03 6.820510284795104781e+02 2.716986532952538624e+01 8.206093964832916754e-02 -4.775459023458870433e+01
1.326000000000000000e+03 6.827306986721628164e+02 2.706758226930195477e+01 8.202293267560943624e-02 -4.822041103263068607e+01
1.327000000000000000e+03 6.834456101469845635e+02 2.696251195167688763e+01 8.198556280922550399e-02 -4.867661813254279934e+01
1.328000000000000000e+03 6.841944099938726822e+02 2.685465141710480452e+01 8.194882573892862954e-02 -4.912292256051389927e+01
1.329000000000000000e+03 6.849757487416760569e+02 2.674414602135200170e+01 8.191271684394547947e-02 -4.955918317346531410e+01
1.330000000000000000e+03 6.857897659699603992e+02 2.663099230465239842e+01 8.187723119477696709e-02 -4.998533235833203747e+01
1.331000000000000000e+03 6.866351189071788212e+02 2.651526084548061135e+01 8.184236355536617102e-02 -5.040115316468632045e+01
1.332000000000000000e+03 6.875097252004811708e+02 2.639694769691021037e+01 8.180810838551198783e-02 -5.080650213872691978e+01
1.333000000000000000e+03 6.884144770221189447e+02 2.627612295707699275e+01 8.177445984371094212e-02 -5.120123502361193601e+01
1.334000000000000000e+03 6.893472983170200905e+02 2.615293077273025446e+01 8.174141179020698311e-02 -5.158513246014859277e+01
1.335000000000000000e+03 6.903068589022029755e+02 2.602729220886455863e+01 8.170895779046291607e-02 -5.195804853834984982e+01
1.336000000000000000e+03 6.912933172226424858e+02 2.589935095346490002e+01 8.167709111893005358e-02 -5.231998506585121334e+01
1.337000000000000000e+03 6.923046060935971582e+02 2.576910190381058996e+01 8.164580476309862833e-02 -5.267072013567739930e+01
1.338000000000000000e+03 6.933408896248978408e+02 2.563668830438539459e+01 8.161509142796531668e-02 -5.301017952940213007e+01
1.339000000000000000e+03 6.944001061217188635e+02 2.550203033334724623e+01 8.158494354071479937e-02 -5.333813956915590637e+01
1.340000000000000000e+03 6.954809393324964049e+02 2.536534509110754243e+01 8.155535325574393701e-02 -5.365459852152978470e+01
1.341000000000000000e+03 6.965835611887964660e+02 2.522647805294820245e+01 8.152631246000251186e-02 -5.395940516683051413e+01
1.342000000000000000e+03 6.977059175322078772e+02 2.508572019176446588e+01 8.149781277859396988e-02 -5.425233306972948100e+01
1.343000000000000000e+03 6.988474421888211054e+02 2.494291658032393855e+01 8.146984558065298310e-02 -5.453345198430430685e+01
1.344000000000000000e+03 7.000060855259926029e+02 2.479828351415511278e+01 8.144240198547034182e-02 -5.480253357393272040e+01
1.345000000000000000e+03 7.011820285220379674e+02 2.465173996445590276e+01 8.141547286890071788e-02 -5.505949710061026536e+01
1.346000000000000000e+03 7.023732256485532162e+02 2.450342756711057390e+01 8.138904886992517906e-02 -5.530426084663976383e+01
1.347000000000000000e+03 7.035791189361240185e+02 2.435333920974316868e+01 8.136312039749826752e-02 -5.553674210372090414e+01
1.348000000000000000e+03 7.047976665231492461e+02 2.420154188685601682e+01 8.133767763751874325e-02 -5.575678287893668994e+01
1.349000000000000000e+03 7.060290567184504198e+02 2.404817670452385414e+01 8.131271056002578601e-02 -5.596429845164981032e+01
1.350000000000000000e+03 7.072712508774055777e+02 2.389331031814482742e+01 8.128820892650648333e-02 -5.615942593080585965e+01
1.351000000000000000e+03 7.085237207941895576e+02 2.373693342885902879e+01 8.126416229733539331e-02 -5.634207641570144887e+01
1.352000000000000000e+03 7.097852900766789617e+02 2.357917911373785458e+01 8.124056003932690617e-02 -5.651215145083801161e+01
1.353000000000000000e+03 7.110570353752855226e+02 2.342003022189910411e+01 8.121739133339848926e-02 -5.666969797124753683e+01
1.354000000000000000e+03 7.123303775746395559e+02 2.325976658890756354e+01 8.119464518226664207e-02 -5.681468757287789373e+01
1.355000000000000000e+03 7.136160522434416862e+02 2.309822220679235372e+01 8.117231041820305304e-02 -5.694701650498792134e+01
1.356000000000000000e+03 7.149069677673269325e+02 2.293560234766977146e+01 8.115037571083123791e-02 -5.706672851348306352e+01
1.357000000000000000e+03 7.162034616242935954e+02 2.277196358437284829e+01 8.112882957485377522e-02 -5.717379198367342497e+01
1.358000000000000000e+03 7.175058719197221535e+02 2.260721379564859390e+01 8.110766037786285021e-02 -5.726809993398175891e+01
1.359000000000000000e+03 7.188071089222988803e+02 2.244155787241916755e+01 8.108685634804303766e-02 -5.734976714410843357e+01
1.360000000000000000e+03 7.201075116518007917e+02 2.227505202206063828e+01 8.106640558183371426e-02 -5.741861016512071814e+01
1.361000000000000000e+03 7.214074194174351078e+02 2.210767805724531243e+01 8.104629605151272842e-02 -5.747466729903353411e+01
1.362000000000000000e+03 7.227146000581685712e+02 2.193949196833132476e+01 8.102651561272981862e-02 -5.751797574382631950e+01
1.363000000000000000e+03 7.240145364334658780e+02 2.177062392879050989e+01 8.100705201187625992e-02 -5.754842302242816743e+01
1.364000000000000000e+03 7.253149964183422753e+02 2.160105545017068351e+01 8.098789289334958064e-02 -5.756611839669059094e+01
1.365000000000000000e+03 7.266163193978736672e+02 2.143091652161562521e+01 8.096902580670695126e-02 -5.757109573031208782e+01
1.366000000000000000e+03 7.279039878145393914e+02 2.126026276490648925e+01 8.095043821364246439e-02 -5.756331348625140265e+01
1.367000000000000000e+03 7.291931971695051971e+02 2.108914972355035999e+01 8.093211749478669559e-02 -5.754280329162822483e+01
1.368000000000000000e+03 7.304768574729440616e+02 2.091755858489931086e+01 8.091405095641319989e-02 -5.750959565260232864e+01
1.369000000000000000e+03 7.317478781992169843e+02 2.074569331981588505e+01 8.089622583687221258e-02 -5.746371995324491166e+01
1.370000000000000000e+03 7.330214532444745146e+02 2.057360927084810243e+01 8.087862931291416035e-02 -5.740527873840491679e+01
1.371000000000000000e+03 7.342756340339720964e+02 2.040121315794719692e+01 8.086124850578281509e-02 -5.733429914656334603e+01
1.372000000000000000e+03 7.355256129363723403e+02 2.022878306873121446e+01 8.084407048714367661e-02 -5.725080719369270810e+01
1.373000000000000000e+03 7.367642963760422390e+02 2.005622562923240793e+01 8.082708228479262846e-02 -5.715490205761639686e+01
1.374000000000000000e+03 7.379920181508396126e+02 1.988367027771392159e+01 8.081027088820384729e-02 -5.704668179586467147e+01
1.375000000000000000e+03 7.392016826508601071e+02 1.971117213647866961e+01 8.079362325383378229e-02 -5.692616906403299737e+01
1.376000000000000000e+03 7.404010498308573460e+02 1.953886058471302789e+01 8.077712631031436219e-02 -5.679338540164935267e+01
1.377000000000000000e+03 7.415904500835308681e+02 1.936664213033321857e+01 8.076076696339198890e-02 -5.664849980204737534e+01
1.378000000000000000e+03 7.427627841658609213e+02 1.919472040037444316e+01 8.074453210069440501e-02 -5.649153158172841671e+01
1.379000000000000000e+03 7.439183798281608233e+02 1.902307616235773580e+01 8.072840859637149535e-02 -5.632257323474406974e+01
1.380000000000000000e+03 7.450501350442506237e+02 1.885183874769708723e+01 8.071238331550810441e-02 -5.614156758656544355e+01
1.381000000000000000e+03 7.461732313451458367e+02 1.868091464008916702e+01 8.069644311842691375e-02 -5.594875349997524694e+01
1.382000000000000000e+03 7.472731353018999698e+02 1.851050746593792695e+01 8.068057486485327723e-02 -5.574407161242294251e+01
1.383000000000000000e+03 7.483501685634696514e+02 1.834059801574644410e+01 8.066476541789155408e-02 -5.552761004291018310e+01
1.384000000000000000e+03 7.494046510942307577e+02 1.817124138403546141e+01 8.064900164796463822e-02 -5.529953011485104497e+01
1.385000000000000000e+03 7.504443294637463850e+02 1.800256697524848448e+01 8.063327043650443671e-02 -5.505999207942071649e+01
1.386000000000000000e+03 7.514620917369063591e+02 1.783462994264514023e+01 8.061755867975164969e-02 -5.480922940639356966e+01
1.387000000000000000e+03 7.524508241165327718e+02 1.766748547769267219e+01 8.060185329225176554e-02 -5.454725165794830133e+01
1.388000000000000000e+03 7.534182675870592902e+02 1.750118881594212183e+01 8.058614121046640821e-02 -5.427436448147511783e+01
1.389000000000000000e+03 7.543573044576352231e+02 1.733579524288887441e+01 8.057040939623529019e-02 -5.399064963381675852e+01
1.390000000000000000e+03 7.552756717080059161e+02 1.717143438331679306e+01 8.055464484020080640e-02 -5.369626212449970382e+01
1.391000000000000000e+03 7.561662475330255120e+02 1.700808735661024329e+01 8.053883456526464424e-02 -5.339143022541174588e+01
1.392000000000000000e+03 7.570293363394101789e+02 1.684588391655837469e+01 8.052296562996882900e-02 -5.307615834691884515e+01
1.393000000000000000e+03 7.578726686920932707e+02 1.668480532311090059e+01 8.050702513196220100e-02 -5.275067274944889562e+01
1.394000000000000000e+03 7.586816878598062885e+02 1.652490719861965829e+01 8.049100021137431393e-02 -5.241505013698240134e+01
1.395000000000000000e+03 7.594566915130064899e+02 1.636631953353768054e+01 8.047487805436166763e-02 -5.206951480249195896e+01
1.396000000000000000e+03 7.602054033202898609e+02 1.620894955807012394e+01 8.045864589658748012e-02 -5.171406722227720110e+01
1.397000000000000000e+03 7.609281161944338692e+02 1.605300173231131566e+01 8.044229102679278931e-02 -5.134900405273900503e+01
1.398000000000000000e+03 7.616102638884725593e+02 1.589845776730217253e+01 8.042580079046177111e-02 -5.097432387501679329e+01
1.399000000000000000e+03 7.622669910432218785e+02 1.574537376456738791e+01 8.040916259354601026e-02 -5.059039575955962675e+01
1.400000000000000000e+03 7.628837263309328591e+02 1.559380593808929838e+01 8.039236390627449436e-02 -5.019736501153693808e+01
1.401000000000000000e+03 7.634756118295437091e+02 1.544381006082052643e+01 8.037539226707104967e-02 -4.979544455068650421e+01
1.402000000000000000e+03 7.640280840465156871e+02 1.529543979332031078e+01 8.035823528657941306e-02 -4.938467477107699466e+01
1.403000000000000000e+03 7.645488644337266351e+02 1.514867408228653645e+01 8.034088065176518689e-02 -4.896538656053910188e+01
1.404000000000000000e+03 7.650382433031479650e+02 1.500364057521541739e+01 8.032331613021431727e-02 -4.853768709897684630e+01
1.405000000000000000e+03 7.654890797700193161e+02 1.486039277507093459e+01 8.030552957441351725e-02 -4.810168272407219803e+01
1.406000000000000000e+03 7.659016583960053595e+02 1.471898432889563146e+01 8.028750892631010549e-02 -4.765755323030881385e+01
1.407000000000000000e+03 7.662762607811029056e+02 1.457932046584283903e+01 8.026924222188089320e-02 -4.720555188480736319e+01
1.408000000000000000e+03 7.666205938555945067e+02 1.444160370315512232e+01 8.025071759585751530e-02 -4.674570830945512512e+01
1.409000000000000000e+03 7.669200764203468452e+02 1.430573958303146043e+01 8.023192328656662820e-02 -4.627827419835552547e+01
1.410000000000000000e+03 7.671898375395234098e+02 1.417185666195318561e+01 8.021284764090468034e-02 -4.580342620053748703e+01
1.411000000000000000e+03 7.674152896792916181e+02 1.403993509789900429e+01 8.019347911938304319e-02 -4.532126593695048911e+01
1.412000000000000000e+03 7.676041271001156474e+02 1.391010378899921207e+01 8.017380630131669406e-02 -4.483211715173560918e+01
1.413000000000000000e+03 7.677491840459916830e+02 1.378234324408461831e+01 8.015381789007454405e-02 -4.433600574522599658e+01
1.414000000000000000e+03 7.678581480859921840e+02 1.365670843766558917e+01 8.013350271846261808e-02 -4.383340262673775101e+01
1.415000000000000000e+03 7.679238466539941328e+02 1.353318024730934255e+01 8.011284975413614229e-02 -4.332433233054430843e+01
1.416000000000000000e+03 7.679539603907288665e+02 1.341188830843870861e+01 8.009184810509085983e-02 -4.280911586913613576e+01
1.417000000000000000e+03 7.679413096842985169e+02 1.329281388452058366e+01 8.007048702524342809e-02 -4.228792505066183338e+01
1.418000000000000000e+03 7.678935680133110964e+02 1.317601272167754978e+01 8.004875592002483331e-02 -4.176107963160735181e+01
1.419000000000000000e+03 7.678035484887946041e+02 1.306154076919371221e+01 8.002664435198919568e-02 -4.122860163465497152e+01
1.420000000000000000e+03 7.676714888487998678e+02 1.294937989992325100e+01 8.000414204646130734e-02 -4.069088391927685677e+01
1.421000000000000000e+03 7.674976230531173087e+02 1.283958648110800027e+01 7.998123889718715407e-02 -4.014809593297497514e+01
1.422000000000000000e+03 7.672821812295229620e+02 1.273221709458784545e+01 7.995792497193547621e-02 -3.960033229772760421e+01
1.423000000000000000e+03 7.670328179717300827e+02 1.262717997340783960e+01 7.993419051808450804e-02 -3.904790996361469269e+01
1.424000000000000000e+03 7.667348988877166676e+02 1.252468070634349395e+01 7.991002596818358450e-02 -3.849092252758506305e+01
1.425000000000000000e+03 7.663960706523545241e+02 1.242462797328845348e+01 7.988542194539652308e-02 -3.792968595441303847e+01
1.426000000000000000e+03 7.660165475595085809e+02 1.232707924957358081e+01 7.986036926889181209e-02 -3.736444146278275724e+01
1.427000000000000000e+03 7.655891114772713308e+02 1.223201795865928432e+01 7.983485895914008146e-02 -3.679528126202585980e+01
1.428000000000000000e+03 7.651213968562498167e+02 1.213950204223540297e+01 7.980888224306668943e-02 -3.622244570651054829e+01
1.429000000000000000e+03 7.646136056388071438e+02 1.204951539620554612e+01 7.978243055906672487e-02 -3.564632331615329974e+01
1.430000000000000000e+03 7.640659355719111545e+02 1.196211644057525270e+01 7.975549556193861633e-02 -3.506693081253882838e+01
1.431000000000000000e+03 7.634711518222328550e+02 1.187736383872617019e+01 7.972806912753428732e-02 -3.448465597470224253e+01
1.432000000000000000e+03 7.628368719951251933e+02 1.179524221658312122e+01 7.970014335734221245e-02 -3.389958910847659723e+01
1.433000000000000000e+03 7.621558527048595124e+02 1.171573644867882535e+01 7.967171058278298135e-02 -3.331204305198723148e+01
1.434000000000000000e+03 7.614357029499788041e+02 1.163883166060832863e+01 7.964276336938250211e-02 -3.272218177921635629e+01
1.435000000000000000e+03 7.606691706898726579e+02 1.156466179838044894e+01 7.961329452063253820e-02 -3.213031755518419175e+01
1.436000000000000000e+03 7.598638562266609142e+02 1.149313821314337325e+01 7.958329708167337369e-02 -3.153661382319748441e+01
1.437000000000000000e+03 7.590124987884637449e+02 1.142424679732419968e+01 7.955276434271799091e-02 -3.094138236019916022e+01
1.438000000000000000e+03 7.581152615678712436e+02 1.135812227015222398e+01 7.952168984221716364e-02 -3.034471188066994074e+01
1.439000000000000000e+03 7.571797317131611180e+02 1.129475104556075671e+01 7.949006736976445275e-02 -2.974698804262780882e+01
1.440000000000000000e+03 7.562060636225537564e+02 1.123404551749227487e+01 7.945789096873237534e-02 -2.914829920115101558e+01
1.441000000000000000e+03 7.551869789425202271e+02 1.117606691209926417e+01 7.942515493861328213e-02 -2.854895641449292754e+01
1.442000000000000000e+03 7.541226232701556000e+02 1.112080243882055264e+01 7.939185383710435640e-02 -2.794912204821391200e+01
1.443000000000000000e+03 7.530131378083583513e+02 1.106823957535801028e+01 7.935798248187367343e-02 -2.734903264737337736e+01
1.444000000000000000e+03 7.518660877250422345e+02 1.101844035254338294e+01 7.932353595208815888e-02 -2.674899895824677998e+01
1.445000000000000000e+03 7.506741771148485896e+02 1.097139278858766787e+01 7.928850958960409478e-02 -2.614910881605786486e+01
1.446000000000000000e+03 7.494375340658073128e+02 1.092708517372784627e+01 7.925289899989741704e-02 -2.554959858425066699e+01
1.447000000000000000e+03 7.481637106786330378e+02 1.088550607126074965e+01 7.921670005269143555e-02 -2.495085317625846955e+01
1.448000000000000000e+03 7.468453980385824025e+02 1.084664431846643318e+01 7.917990888232610824e-02 -2.435288609275648142e+01
1.449000000000000000e+03 7.454827112920330592e+02 1.081056331092332989e+01 7.914252188783194031e-02 -2.375615656195243730e+01
1.450000000000000000e+03 7.440831896754330046e+02 1.077717815270250590e+01 7.910453573274307815e-02 -2.316075244280646572e+01
1.451000000000000000e+03 7.426469222318136190e+02 1.074655356643120285e+01 7.906594734463906482e-02 -2.256698063149696765e+01
1.452000000000000000e+03 7.411664950007923380e+02 1.071860908615080987e+01 7.902675391444338726e-02 -2.197505829926909371e+01
1.453000000000000000e+03 7.396419006015270270e+02 1.069341386530601312e+01 7.898695289543893050e-02 -2.138519884741480226e+01
1.454000000000000000e+03 7.380805558878920465e+02 1.067096305103038389e+01 7.894654200213475914e-02 -2.079761581214438593e+01
1.455000000000000000e+03 7.364824452906766510e+02 1.065117778429046780e+01 7.890551920879722292e-02 -2.021244860261665366e+01
1.456000000000000000e+03 7.348475492128529822e+02 1.063412805042502285e+01 7.886388274788366792e-02 -1.962983680590263447e+01
1.457000000000000000e+03 7.331758440767549700e+02 1.061980982855693689e+01 7.882163110819039031e-02 -1.905006877537017473e+01
1.458000000000000000e+03 7.314598740230030671e+02 1.060807080789739310e+01 7.877876303287743853e-02 -1.847328451796185789e+01
1.459000000000000000e+03 7.297070360122621651e+02 1.059905608845475378e+01 7.873527751726837332e-02 -1.789962428238601433e+01
1.460000000000000000e+03 7.279172948271611858e+02 1.059276247960023909e+01 7.869117380660110850e-02 -1.732937714719530220e+01
1.461000000000000000e+03 7.260906114767084318e+02 1.058903849953550846e+01 7.864645139351819636e-02 -1.676260962422501066e+01
1.462000000000000000e+03 7.242269432517805399e+02 1.058795579215921911e+01 7.860111001551550736e-02 -1.619961138042531701e+01
1.463000000000000000e+03 7.223262437817708133e+02 1.058951199229759865e+01 7.855514965226864654e-02 -1.564052384102200044e+01
1.464000000000000000e+03 7.203884630922301540e+02 1.059363072483131418e+01 7.850857052286973337e-02 -1.508548877703978697e+01
1.465000000000000000e+03 7.184135476633391590e+02 1.060038445421616871e+01 7.846137308298946345e-02 -1.453464832565518883e+01
1.466000000000000000e+03 7.164088688393045459e+02 1.060969734937248177e+01 7.841355802200397629e-02 -1.398836786088057593e+01
1.467000000000000000e+03 7.143669378372795791e+02 1.062149384947576181e+01 7.836512626004639437e-02 -1.344664174553382985e+01
1.468000000000000000e+03 7.122951192084121885e+02 1.063592151313616263e+01 7.831607894506854850e-02 -1.290976190255292977e+01
1.469000000000000000e+03 7.101859174971358470e+02 1.065275674893687352e+01 7.826641744987530847e-02 -1.237787213356488181e+01
1.470000000000000000e+03 7.080392623523205202e+02 1.067214764890405654e+01 7.821614336917648291e-02 -1.185104242175362366e+01
1.471000000000000000e+03 7.058699369379173731e+02 1.069394543531616648e+01 7.816525851662441127e-02 -1.132956608500648699e+01
1.472000000000000000e+03 7.036630078917351057e+02 1.071822444344031489e+01 7.811376492192989573e-02 -1.081351409379660922e+01
1.473000000000000000e+03 7.014183954869987474e+02 1.074483641862364358e+01 7.806166482798151951e-02 -1.030310650734386435e+01
1.474000000000000000e+03 6.991508736921009586e+02 1.077393049880508613e+01 7.800896068805940331e-02 -9.798489641496802349e+00
1.475000000000000000e+03 6.968455001284711443e+02 1.080528466087562478e+01 7.795565516304282794e-02 -9.299884653858770278e+00
1.476000000000000000e+03 6.945170429314921421e+02 1.083904855347499208e+01 7.790175111878543113e-02 -8.807290427621230933e+00
1.477000000000000000e+03 6.921579823571655652e+02 1.087507494313063994e+01 7.784725162349498406e-02 -8.321003573637721473e+00
1.478000000000000000e+03 6.897682242409812261e+02 1.091329112932220369e+01 7.779215994520413680e-02 -7.841098463167218036e+00
1.479000000000000000e+03 6.873551000552114374e+02 1.095384750892976733e+01 7.773647954937566718e-02 -7.367709522140413192e+00
1.480000000000000000e+03 6.849110819148663722e+02 1.099652330554939361e+01 7.768021409658003307e-02 -6.901023819453784292e+00
1.481000000000000000e+03 6.824434960348014556e+02 1.104146940174706693e+01 7.762336744024839197e-02 -6.441169658040157842e+00
1.482000000000000000e+03 6.799448093842376011e+02 1.108846550115700325e+01 7.756594362454549696e-02 -5.988283446017445222e+00
1.483000000000000000e+03 6.774223431427128617e+02 1.113758867702316735e+01 7.750794688237169772e-02 -5.542472570599039194e+00
1.484000000000000000e+03 6.748834160539929599e+02 1.118876766810034340e+01 7.744938163336344272e-02 -5.103874840215754105e+00
1.485000000000000000e+03 6.723130594292384785e+02 1.124200572597604086e+01 7.739025248210178176e-02 -4.672613929386061571e+00
1.486000000000000000e+03 6.697260156522231682e+02 1.129715776127737215e+01 7.733056421633587030e-02 -4.248799393333573704e+00
1.487000000000000000e+03 6.671073114304215324e+02 1.135430175779940853e+01 7.727032180532439343e-02 -3.832578680696271611e+00
1.488000000000000000e+03 6.644716846497825600e+02 1.141336735151178772e+01 7.720953039822037178e-02 -3.424055435565816374e+00
1.489000000000000000e+03 6.618190143257702402e+02 1.147428439398771083e+01 7.714819532259442614e-02 -3.023348937811321413e+00
1.490000000000000000e+03 6.591380348308834982e+02 1.153705723223737500e+01 7.708632208291280041e-02 -2.630559202979821265e+00
1.491000000000000000e+03 6.564397635231222239e+02 1.160154185444008768e+01 7.702391635917342494e-02 -2.245788537279492569e+00
1.492000000000000000e+03 6.537225875522011620e+02 1.166781730360721347e+01 7.696098400552169039e-02 -1.869141549963809323e+00
1.493000000000000000e+03 6.509871206125878871e+02 1.173581425613300233e+01 7.689753104890773017e-02 -1.500732593679305671e+00
1.494000000000000000e+03 6.482332316562008145e+02 1.180538930127548092e+01 7.683356368776642076e-02 -1.140659776847055440e+00
1.495000000000000000e+03 6.454622734506522193e+02 1.187662207106208712e+01 7.676908829070602791e-02 -7.890250314228022255e-01
1.496000000000000000e+03 6.426748541278213906e+02 1.194944381859246541e+01 7.670411139516017385e-02 -4.459162956752478757e-01
1.497000000000000000e+03 6.398723229081512045e+02 1.202371169727811484e+01 7.663863970606507592e-02 -1.113852395563216802e-01
1.498000000000000000e+03 6.370545416505259482e+02 1.209950589051392988e+01 7.657268009446585588e-02 2.144858701254592492e-01
1.499000000000000000e+03 6.342228562481463996e+02 1.217668390625156150e+01 7.650623959605795665e-02 5.316287301871188697e-01
1.500000000000000000e+03 6.313778681801570656e+02 1.225525199002952625e+01 7.643932540972898926e-02 8.399667068041813955e-01
1.501000000000000000e+03 6.285201578789940413e+02 1.233514356440403681e+01 7.637194489595022784e-02 1.139421113899793836e+00
1.502000000000000000e+03 6.256517118830581694e+02 1.241629739130195809e+01 7.630410557509280378e-02 1.429930066341055683e+00
1.503000000000000000e+03 6.227715244629230256e+02 1.249872796737762037e+01 7.623581512567216556e-02 1.711414753636038899e+00
1.504000000000000000e+03 6.198808170533526436e+02 1.258230137427699979e+01 7.616708138245113779e-02 1.983840000292305783e+00
1.505000000000000000e+03 6.169808098110581795e+02 1.266710669135299838e+01 7.609791233437521174e-02 2.247139975129115452e+00
1.506000000000000000e+03 6.140712360089548838e+02 1.275293600629557922e+01 7.602831612244027870e-02 2.501255326251326405e+00
1.507000000000000000e+03 6.111525706070848400e+02 1.283987867824700579e+01 7.595830103733905436e-02 2.746125746329858952e+00
1.508000000000000000e+03 6.082260303200645239e+02 1.292787563183226140e+01 7.588787551694206601e-02 2.981675109940189028e+00
1.509000000000000000e+03 6.052920880161201467e+02 1.301679363565979308e+01 7.581704814366004019e-02 3.207952606664385975e+00
1.510000000000000000e+03 6.023512156228774757e+02 1.310664814778275833e+01 7.574582764155726733e-02 3.424776175134405243e+00
1.511000000000000000e+03 5.994038841998234375e+02 1.319738046010339971e+01 7.567422287330075048e-02 3.632259911163331356e+00
1.512000000000000000e+03 5.964527925175528935e+02 1.328900626025056297e+01 7.560224283691933944e-02 3.830368362401497695e+00
1.513000000000000000e+03 5.934969244534491963e+02 1.338139277590808618e+01 7.552989666235022936e-02 4.019139374922721331e+00
1.514000000000000000e+03 5.905382345844853944e+02 1.347448162012400985e+01 7.545719360775894613e-02 4.198461239202715412e+00
1.515000000000000000e+03 5.875779340913442184e+02 1.356836306958315852e+01 7.538414305569407503e-02 4.368444104524370708e+00
1.516000000000000000e+03 5.846157480042710404e+02 1.366290464183566478e+01 7.531075450897932455e-02 4.528974275262132032e+00
1.517000000000000000e+03 5.816528866256315951e+02 1.375804822402129268e+01 7.523703758642945327e-02 4.680085626099948826e+00
1.518000000000000000e+03 5.786905599438377976e+02 1.385373578405707384e+01 7.516300201836113859e-02 4.821811033137546332e+00
1.519000000000000000e+03 5.757284920487164754e+02 1.394998364880812147e+01 7.508865764186548053e-02 4.954182372407059276e+00
1.520000000000000000e+03 5.727678925583852561e+02 1.404665964822898694e+01 7.501401439590897613e-02 5.077081951789645942e+00
1.521000000000000000e+03 5.698092282022096242e+02 1.414378024400535061e+01 7.493908231623577776e-02 5.190613927854228926e+00
1.522000000000000000e+03 5.668529657450119430e+02 1.424136195716581632e+01 7.486387153006980599e-02 5.294807171577862626e+00
1.523000000000000000e+03 5.638995720772827553e+02 1.433919851217861563e+01 7.478839225067263063e-02 5.389540984977388760e+00
1.524000000000000000e+03 5.609502571413196392e+02 1.443730653256031182e+01 7.471265477167772506e-02 5.474916519159426009e+00
1.525000000000000000e+03 5.580054883530553980e+02 1.453562840145123580e+01 7.463666946129493551e-02 5.550959641250776677e+00
1.526000000000000000e+03 5.550664763646011579e+02 1.463418082319969749e+01 7.456044675639789121e-02 5.617695219243683091e+00
1.527000000000000000e+03 5.521329466521318636e+02 1.473290625093209805e+01 7.448399715645696861e-02 5.675221407243074445e+00
1.528000000000000000e+03 5.492061109492498190e+02 1.483167288112596438e+01 7.440733121733100752e-02 5.723486797105135970e+00
1.529000000000000000e+03 5.462871816703400327e+02 1.493049749869041776e+01 7.433045954500171193e-02 5.762661838496701883e+00
1.530000000000000000e+03 5.433758863338946412e+02 1.502932262103347405e+01 7.425339278919529384e-02 5.792618857324745463e+00
1.531000000000000000e+03 5.404734389957875464e+02 1.512809077614323172e+01 7.417614163695566976e-02 5.813452043600273456e+00
1.532000000000000000e+03 5.375795690019717767e+02 1.522681878067470862e+01 7.409871680615541523e-02 5.825254604675823344e+00
1.533000000000000000e+03 5.346962352558496150e+02 1.532530060053190901e+01 7.402112903896591878e-02 5.828044485885596870e+00
1.534000000000000000e+03 5.318231692996397442e+02 1.542362732998667241e+01 7.394338909535191906e-02 5.821912942089763732e+00
1.535000000000000000e+03 5.289608467450899525e+02 1.552174148527652164e+01 7.386550774651041984e-02 5.806875975604309126e+00
1.536000000000000000e+03 5.261104873630147267e+02 1.561951128273295630e+01 7.378749576841138469e-02 5.782948625032505952e+00
1.537000000000000000e+03 5.232710838314858393e+02 1.571687920042725750e+01 7.370936393529667341e-02 5.750219254489248755e+00
1.538000000000000000e+03 5.204453445029117802e+02 1.581393625633049638e+01 7.363112301330973497e-02 5.708775276211533800e+00
1.539000000000000000e+03 5.176330079741217105e+02 1.591047630197449081e+01 7.355278375415776060e-02 5.658703157060813282e+00
1.540000000000000000e+03 5.148345573450729944e+02 1.600659028516805904e+01 7.347435688890027738e-02 5.600162708915243925e+00
1.541000000000000000e+03 5.120504774655390747e+02 1.610214626019781292e+01 7.339585312184021548e-02 5.533089961934732237e+00
1.542000000000000000e+03 5.092827406848618352e+02 1.619716080008275583e+01 7.331728312455219887e-02 5.457717156736233477e+00
1.543000000000000000e+03 5.065303499193666426e+02 1.629150185733197986e+01 7.323865753002856138e-02 5.374052767914292872e+00
1.544000000000000000e+03 5.037952814078703341e+02 1.638526017625224540e+01 7.315998692702364858e-02 5.282252929968913158e+00
1.545000000000000000e+03 5.010765421044239361e+02 1.647822930325469315e+01 7.308128185456892745e-02 5.182398595587644152e+00
1.546000000000000000e+03 4.983761124289923714e+02 1.657042556622755924e+01 7.300255279663327157e-02 5.074569828308548303e+00
1.547000000000000000e+03 4.956944893252386350e+02 1.666186521891665251e+01 7.292381017704833990e-02 4.958845812047799839e+00
1.548000000000000000e+03 4.930306863258364274e+02 1.675249015234540906e+01 7.284506435458618090e-02 4.835379144493180625e+00
1.549000000000000000e+03 4.903866906252534932e+02 1.684216788977396462e+01 7.276632561826552881e-02 4.704247280349179938e+00
1.550000000000000000e+03 4.877622632944840007e+02 1.693091443220393799e+01 7.268760418293941650e-02 4.565526825444212733e+00
1.551000000000000000e+03 4.851579061762932383e+02 1.701867202025833592e+01 7.260891018501236527e-02 4.419363296844714739e+00
1.552000000000000000e+03 4.825741055985500907e+02 1.710538526481326826e+01 7.253025367846793747e-02 4.265808964120213709e+00
1.553000000000000000e+03 4.800120887668427372e+02 1.719107357357435362e+01 7.245164463114503461e-02 4.105059314519538205e+00
1.554000000000000000e+03 4.774708569751823575e+02 1.727568196189139371e+01 7.237309292118741799e-02 3.937086181774783533e+00
1.555000000000000000e+03 4.749516426621959795e+02 1.735908104797572094e+01 7.229460833377546192e-02 3.762083459417713271e+00
1.556000000000000000e+03 4.724549381143423261e+02 1.744136418217738793e+01 7.221620055808647409e-02 3.580095695890769480e+00
1.557000000000000000e+03 4.699812383415726345e+02 1.752247602479166133e+01 7.213787918450671743e-02 3.391315241496198229e+00
1.558000000000000000e+03 4.675310411153439532e+02 1.760228682493433183e+01 7.205965370205261178e-02 3.195785127634220846e+00
1.559000000000000000e+03 4.651048470040802272e+02 1.768088954998037110e+01 7.198153349599629991e-02 2.993696214363300800e+00
1.560000000000000000e+03 4.627024165711338242e+02 1.775815418003539747e+01 7.190352784573829370e-02 2.785015786732949916e+00
1.561000000000000000e+03 4.603242560754424630e+02 1.783409912099451233e+01 7.182564592289300553e-02 2.570081836936565889e+00
1.562000000000000000e+03 4.579716174998530391e+02 1.790866834964304388e+01 7.174789678951777605e-02 2.348860243699373296e+00
1.563000000000000000e+03 4.556435272371730321e+02 1.798187997633373314e+01 7.167028939658810771e-02 2.121539054983633932e+00
1.564000000000000000e+03 4.533419859594407626e+02 1.805367767371991405e+01 7.159283258259502292e-02 1.888231368928121601e+00
1.565000000000000000e+03 4.510660259598871562e+02 1.812400495606414097e+01 7.151553507233512907e-02 1.649123916058755190e+00
1.566000000000000000e+03 4.488169110184679198e+02 1.819280517511450412e+01 7.143840547579005662e-02 1.404254224234612325e+00
1.567000000000000000e+03 4.465936794104010801e+02 1.826017008305774070e+01 7.136145228723728140e-02 1.153807768350805896e+00
1.568000000000000000e+03 4.443976009334687660e+02 1.832596841102919427e+01 7.128468388433897851e-02 8.978208522522517221e-01
1.569000000000000000e+03 4.422292055836761051e+02 1.839014299922112272e+01 7.120810852741175923e-02 6.365520423920306703e-01
1.570000000000000000e+03 4.400875407347303963e+02 1.845278507656152911e+01 7.113173435876245232e-02 3.701107666781931482e-01
1.571000000000000000e+03 4.379746281615816201e+02 1.851368855595547913e+01 7.105556940206210481e-02 9.856132794107289041e-02
1.572000000000000000e+03 4.358887785376141437e+02 1.857301858214567147e+01 7.097962156178978799e-02 -1.779359406525501397e-01
1.573000000000000000e+03 4.338312769614514650e+02 1.863064297661174606e+01 7.090389862267246213e-02 -4.592212272065374634e-01
1.574000000000000000e+03 4.318026687927081753e+02 1.868650365159006554e+01 7.082840824917985278e-02 -7.451203672710917658e-01
1.575000000000000000e+03 4.298027596622926012e+02 1.874069089017080003e+01 7.075315798495278308e-02 -1.035481968301466660e+00
1.576000000000000000e+03 4.278313583172841277e+02 1.879314620897150334e+01 7.067815525227902351e-02 -1.330125393753933238e+00
1.577000000000000000e+03 4.258897623005032642e+02 1.884381092191647156e+01 7.060340735142907331e-02 -1.628907600634976749e+00
1.578000000000000000e+03 4.239777866197065919e+02 1.889277470410821991e+01 7.052892146007361251e-02 -1.931641409903643414e+00
1.579000000000000000e+03 4.220959922618347377e+02 1.893990417127548653e+01 7.045470463252728743e-02 -2.238184628796673348e+00
1.580000000000000000e+03 4.202434576970786679e+02 1.898521429434155294e+01 7.038076379892074796e-02 -2.548380606024437611e+00
1.581000000000000000e+03 4.184214930631959533e+02 1.902871982957172747e+01 7.030710576437830539e-02 -2.862080498704245635e+00
1.582000000000000000e+03 4.166299259996977185e+02 1.907043531582411688e+01 7.023373720796509401e-02 -3.179135825785822878e+00
1.583000000000000000e+03 4.148685873273895481e+02 1.911022650489468333e+01 7.016066468158678460e-02 -3.499405878079173693e+00
1.584000000000000000e+03 4.131373110580900629e+02 1.914818177648039921e+01 7.008789460880641975e-02 -3.822735414791637698e+00
1.585000000000000000e+03 4.114359344046093270e+02 1.918416643471670469e+01 7.001543328343969030e-02 -4.148976930085089165e+00
1.586000000000000000e+03 4.097657834610612326e+02 1.921826840684759219e+01 6.994328686811361606e-02 -4.477998062859488648e+00
1.587000000000000000e+03 4.081259590382931606e+02 1.925042682347199374e+01 6.987146139263915312e-02 -4.809622151319157268e+00
1.588000000000000000e+03 4.065163080148274162e+02 1.928058058341219194e+01 6.979996275225734681e-02 -5.143691355261124976e+00
1.589000000000000000e+03 4.049374233479738336e+02 1.930881691868757599e+01 6.972879670576120903e-02 -5.480050294966635427e+00
1.590000000000000000e+03 4.033891584151331244e+02 1.933507425857944639e+01 6.965796887349037791e-02 -5.818534889896386453e+00
1.591000000000000000e+03 4.018713698603716580e+02 1.935936507831997488e+01 6.958748473515313782e-02 -6.158987196577840884e+00
1.592000000000000000e+03 4.003846604411376688e+02 1.938162733037581376e+01 6.951734962758789049e-02 -6.501236818890013147e+00
1.593000000000000000e+03 3.989281505349522945e+02 1.940187300984931795e+01 6.944756874232235755e-02 -6.845138030956200659e+00
1.594000000000000000e+03 3.975024494912687487e+02 1.942011386948014717e+01 6.937814712313078447e-02 -7.190515531316859388e+00
1.595000000000000000e+03 3.961074271380621212e+02 1.943628713475512981e+01 6.930908966337533117e-02 -7.537208994156125108e+00
1.596000000000000000e+03 3.947422137932964574e+02 1.945047835313645734e+01 6.924040110332209397e-02 -7.885050765378430526e+00
1.597000000000000000e+03 3.934081716161859958e+02 1.946262425888079406e+01 6.917208602737942580e-02 -8.233880700445700640e+00
1.598000000000000000e+03 3.921044376077813354e+02 1.947273562248439305e+01 6.910414886124280343e-02 -8.583531288829471251e+00
1.599000000000000000e+03 3.908301521262283131e+02 1.948082296622655818e+01 6.903659386902119555e-02 -8.933835063536539778e+00
1.600000000000000000e+03 3.895874302363673110e+02 1.948682227982138571e+01 6.896942515028872678e-02 -9.284632010663928625e+00
1.601000000000000000e+03 3.883739452586960397e+02 1.949081732659519517e+01 6.890264663713353832e-02 -9.635773068407754494e+00
1.602000000000000000e+03 3.871903927989400813e+02 1.949274087806958633e+01 6.883626209123995532e-02 -9.987123233300811975e+00
1.603000000000000000e+03 3.860367409079119057e+02 1.949252491122064868e+01 6.877027510093429441e-02 -1.033854355988898988e+01
1.604000000000000000e+03 3.849129610313313492e+02 1.949032400216298910e+01 6.870468907829736793e-02 -1.068990248105012064e+01
1.605000000000000000e+03 3.838190280137482659e+02 1.948599534132290145e+01 6.863950725633236050e-02 -1.104109807449281000e+01
1.606000000000000000e+03 3.827541772658780701e+02 1.947961871775250842e+01 6.857473268620106754e-02 -1.139195404736854300e+01
1.607000000000000000e+03 3.817191332703298485e+02 1.947112510151918485e+01 6.851036823454732805e-02 -1.174229400136374046e+01
1.608000000000000000e+03 3.807131382403062503e+02 1.946051949421966043e+01 6.844641658090416803e-02 -1.209211226642515946e+01
1.609000000000000000e+03 3.797361806214852891e+02 1.944780664558810912e+01 6.838288021531169214e-02 -1.244110589645014642e+01
1.610000000000000000e+03 3.787882522516729864e+02 1.943306533721249352e+01 6.831976143601312113e-02 -1.278926891915511099e+01
1.611000000000000000e+03 3.778693483532244954e+02 1.941637409934846659e+01 6.825706234732388522e-02 -1.313629805000290496e+01
1.612000000000000000e+03 3.769794675230859298e+02 1.939758836082988225e+01 6.819478485772163812e-02 -1.348218694227518988e+01
1.613000000000000000e+03 3.761178688853212293e+02 1.937678615060276144e+01 6.813293067811193593e-02 -1.382670618471857793e+01
1.614000000000000000e+03 3.752845577461205835e+02 1.935404524783679037e+01 6.807150132029111955e-02 -1.416970041783596024e+01
1.615000000000000000e+03 3.744795427410485900e+02 1.932936889914092760e+01 6.801049809569889582e-02 -1.451108831629176521e+01
1.616000000000000000e+03 3.737028358145524294e+02 1.930268581937985672e+01 6.794992211432407392e-02 -1.485078828794501860e+01
1.617000000000000000e+03 3.729537093616119705e+02 1.927399875959280706e+01 6.788977428396078539e-02 -1.518856988951665699e+01
1.618000000000000000e+03 3.722321818715761879e+02 1.924338450800380684e+01 6.783005530963497065e-02 -1.552435094341504573e+01
1.619000000000000000e+03 3.715375322289719975e+02 1.921077104062006669e+01 6.777076569340538537e-02 -1.585804895369622969e+01
1.620000000000000000e+03 3.708697853514556186e+02 1.917630893994495267e+01 6.771190573433077953e-02 -1.618943252218036122e+01
1.621000000000000000e+03 3.702289693197224096e+02 1.913977712825223776e+01 6.765347552883282933e-02 -1.651856703275102589e+01
1.622000000000000000e+03 3.696143725044500457e+02 1.910139998750058865e+01 6.759547497127041393e-02 -1.684514608328653651e+01
1.623000000000000000e+03 3.690260291953695173e+02 1.906110452578755954e+01 6.753790375480783759e-02 -1.716916002081238446e+01
1.624000000000000000e+03 3.684632338873204276e+02 1.901889179643195504e+01 6.748076137264362451e-02 -1.749037594079654667e+01
1.625000000000000000e+03 3.679260269035401620e+02 1.897483689963389253e+01 6.742404711942917572e-02 -1.780878337216688578e+01
1.626000000000000000e+03 3.674144515110716611e+02 1.892901470072148840e+01 6.736776009305500690e-02 -1.812422284399746886e+01
1.627000000000000000e+03 3.669270681984203861e+02 1.888127698148085898e+01 6.731189919666932808e-02 -1.843653443691552241e+01
1.628000000000000000e+03 3.664646687957487643e+02 1.883177242659865769e+01 6.725646314097176448e-02 -1.874555776771336468e+01
1.629000000000000000e+03 3.660265622422906517e+02 1.878050092465857190e+01 6.720145044679554092e-02 -1.905135482468461561e+01
1.630000000000000000e+03 3.656120601965264996e+02 1.872738785374115622e+01 6.714685944789287875e-02 -1.935361568465644311e+01
1.631000000000000000e+03 3.652212198090508650e+02 1.867258121761596712e+01 6.709268829402791068e-02 -1.965240133329721317e+01
1.632000000000000000e+03 3.648533579882239337e+02 1.861600594699285693e+01 6.703893495422177939e-02 -1.994747509911368155e+01
1.633000000000000000e+03 3.645077941689078216e+02 1.855773531938384835e+01 6.698559722030054953e-02 -2.023882262373211205e+01
1.634000000000000000e+03 3.641853359144003548e+02 1.849776811102761798e+01 6.693267271052349976e-02 -2.052628043039974060e+01
1.635000000000000000e+03 3.638845646715363955e+02 1.843602859940293470e+01 6.688015887347187327e-02 -2.080983304426594671e+01
1.636000000000000000e+03 3.636048070395331138e+02 1.837266369983297309e+01 6.682805299208380290e-02 -2.108924156140452766e+01
1.637000000000000000e+03 3.633468775324628837e+02 1.830774583414959267e+01 6.677635218779524873e-02 -2.136456362013607091e+01
1.638000000000000000e+03 3.631093643304666330e+02 1.824112436644179880e+01 6.672505342482351609e-02 -2.163555912008918014e+01
1.639000000000000000e+03 3.628923433802992236e+02 1.817294559040511004e+01 6.667415351455747985e-02 -2.190221019408198444e+01
1.640000000000000000e+03 3.626951498149499002e+02 1.810328131473844593e+01 6.662364911999386907e-02 -2.216449834526723706e+01
1.641000000000000000e+03 3.625171207128326500e+02 1.803212886613026811e+01 6.657353676026050993e-02 -2.242218158457232846e+01
1.642000000000000000e+03 3.623583378566388546e+02 1.795948537582312454e+01 6.652381281516595024e-02 -2.267524011996222555e+01
1.643000000000000000e+03 3.622181419869705792e+02 1.788542206625321640e+01 6.647447352972779555e-02 -2.292365349448614609e+01
1.644000000000000000e+03 3.620966183961157867e+02 1.781000997075915748e+01 6.642551501875643138e-02 -2.316725200813846541e+01
1.645000000000000000e+03 3.619923683469251046e+02 1.773317136986151610e+01 6.637693327131789778e-02 -2.340593955754895816e+01
1.646000000000000000e+03 3.619054803372674769e+02 1.765490264512716578e+01 6.632872415526547272e-02 -2.363976790899027236e+01
1.647000000000000000e+03 3.618353015198845242e+02 1.757542284960263146e+01 6.628088342157754942e-02 -2.386856527069712541e+01
1.648000000000000000e+03 3.617811804630807728e+02 1.749457944329276771e+01 6.623340670870157820e-02 -2.409223341703974697e+01
1.649000000000000000e+03 3.617432099123020066e+02 1.741244256474894669e+01 6.618628954672622910e-02 -2.431074767902326172e+01
1.650000000000000000e+03 3.617199982126429632e+02 1.732900790069549757e+01 6.613952736150498224e-02 -2.452400836812224938e+01
1.651000000000000000e+03 3.617116560006952568e+02 1.724441847990245691e+01 6.609311547854672397e-02 -2.473198898150145197e+01
1.652000000000000000e+03 3.617183567335330849e+02 1.715866436192974476e+01 6.604704912685616103e-02 -2.493466085114073039e+01
1.653000000000000000e+03 3.617380618460226174e+02 1.707173438898263385e+01 6.600132344251177785e-02 -2.513191991111939316e+01
1.654000000000000000e+03 3.617724479408895490e+02 1.698361725014870771e+01 6.595593347215014668e-02 -2.532366132632401090e+01
1.655000000000000000e+03 3.618194783728882271e+02 1.689445005236367336e+01 6.591087417622873423e-02 -2.550992805204785441e+01
1.656000000000000000e+03 3.618786030300054790e+02 1.680422119042319196e+01 6.586614043211724834e-02 -2.569068797643783597e+01
1.657000000000000000e+03 3.619507582711415807e+02 1.671299320157183388e+01 6.582172703695381155e-02 -2.586575963030870540e+01
1.658000000000000000e+03 3.620346526903517770e+02 1.662067991913510667e+01 6.577762871035225389e-02 -2.603518359833657669e+01
1.659000000000000000e+03 3.621304812330346294e+02 1.652741789422803720e+01 6.573384009690765029e-02 -2.619892537909608876e+01
1.660000000000000000e+03 3.622369537985931629e+02 1.643326926599637261e+01 6.569035576842048585e-02 -2.635694966297766584e+01
1.661000000000000000e+03 3.623542665249768220e+02 1.633814748241837833e+01 6.564717022604447949e-02 -2.650922032697128117e+01
1.662000000000000000e+03 3.624811303946728458e+02 1.624218872217335985e+01 6.560427790216653843e-02 -2.665562614631745575e+01
1.663000000000000000e+03 3.626184853575255147e+02 1.614538048153490024e+01 6.556167316209354778e-02 -2.679627792404139086e+01
1.664000000000000000e+03 3.627650432698238774e+02 1.604778442933195848e+01 6.551935030560791795e-02 -2.693106278583306334e+01
1.665000000000000000e+03 3.629202591851087050e+02 1.594938784444349800e+01 6.547730356829119247e-02 -2.705986702682099576e+01
1.666000000000000000e+03 3.630835884712375901e+02 1.585017790384451430e+01 6.543552712275305105e-02 -2.718279895871720342e+01
1.667000000000000000e+03 3.632552295987852631e+02 1.575036453769898337e+01 6.539401507966310922e-02 -2.729981748931284002e+01
1.668000000000000000e+03 3.634346384255453586e+02 1.564978616596505034e+01 6.535276148868227053e-02 -2.741080640335903595e+01
1.669000000000000000e+03 3.636205281521395136e+02 1.554850397107781568e+01 6.531176033923324908e-02 -2.751579721082233121e+01
1.670000000000000000e+03 3.638130977836325428e+02 1.544665333564242005e+01 6.527100556122363006e-02 -2.761474629449334373e+01
1.671000000000000000e+03 3.640118035817926625e+02 1.534414671315512813e+01 6.523049102566196022e-02 -2.770768347547522481e+01
1.672000000000000000e+03 3.642161018581080612e+02 1.524111933378008032e+01 6.519021054518032987e-02 -2.779456344502782272e+01
1.673000000000000000e+03 3.644254489322877362e+02 1.513755779162674031e+01 6.515015787455849527e-02 -2.787548861428848213e+01
1.674000000000000000e+03 3.646400439261486213e+02 1.503352290007313563e+01 6.511032671117385207e-02 -2.795033769633513998e+01
1.675000000000000000e+03 3.648586002176131160e+02 1.492907541310228581e+01 6.507071069549349995e-02 -2.801921140713726643e+01
1.676000000000000000e+03 3.650813167399410304e+02 1.482427603016190965e+01 6.503130341152628391e-02 -2.808213533183989341e+01
1.677000000000000000e+03 3.653076494356946000e+02 1.471918540104215367e+01 6.499209838734780476e-02 -2.813905992541351608e+01
1.678000000000000000e+03 3.655377968855902395e+02 1.461371556376386138e+01 6.495308909565457312e-02 -2.819000908066245614e+01
1.679000000000000000e+03 3.657697289268156737e+02 1.450800136699712617e+01 6.491426895439519895e-02 -2.823500584607637620e+01
1.680000000000000000e+03 3.660036436210750139e+02 1.440210334096753897e+01 6.487563132749812889e-02 -2.827399814402996725e+01
1.681000000000000000e+03 3.662404815417780242e+02 1.429593341887733082e+01 6.483716952572138315e-02 -2.830708162333788991e+01
1.682000000000000000e+03 3.664774687203494636e+02 1.418962635934634875e+01 6.479887680755933022e-02 -2.833427681113695584e+01
1.683000000000000000e+03 3.667155449520415686e+02 1.408316833382995270e+01 6.476074638041828813e-02 -2.835545483211268092e+01
1.684000000000000000e+03 3.669541639053197173e+02 1.397654549855380246e+01 6.472277140182362831e-02 -2.837078311257939589e+01
1.685000000000000000e+03 3.671927787453768133e+02 1.386989256644518775e+01 6.468494498087287714e-02 -2.838020539936090714e+01
1.686000000000000000e+03 3.674308420864184086e+02 1.376319567804319455e+01 6.464726017987187934e-02 -2.838373889752832824e+01
1.687000000000000000e+03 3.676678059427001131e+02 1.365644097341511198e+01 6.460971001611141851e-02 -2.838154855795671239e+01
1.688000000000000000e+03 3.679038645132865781e+02 1.354976316406123082e+01 6.457228746391815988e-02 -2.837357566418974741e+01
1.689000000000000000e+03 3.681384684603913797e+02 1.344307412028798687e+01 6.453498545688726717e-02 -2.835983497114649410e+01
1.690000000000000000e+03 3.683703248563979855e+02 1.333658286059423759e+01 6.449779689034038088e-02 -2.834041471013406976e+01
1.691000000000000000e+03 3.685996256345749771e+02 1.323020128850066968e+01 6.446071462397688634e-02 -2.831532802716797903e+01
1.692000000000000000e+03 3.688265618632930796e+02 1.312398989839208063e+01 6.442373148482902212e-02 -2.828458727210892221e+01
1.693000000000000000e+03 3.690490951838648925e+02 1.301793492981273914e+01 6.438684027034156931e-02 -2.824835257160741619e+01
1.694000000000000000e+03 3.692689004323449922e+02 1.291217122274961326e+01 6.435003375175031570e-02 -2.820648613433033702e+01
1.695000000000000000e+03 3.694831943945940225e+02 1.280668508836866160e+01 6.431330467767536196e-02 -2.815914652552044117e+01
1.696000000000000000e+03 3.696936497657259224e+02 1.270138859723181568e+01 6.427664577788896882e-02 -2.810634297281559313e+01
1.697000000000000000e+03 3.698989667378982631e+02 1.259649100148976508e+01 6.424004976730109118e-02 -2.804815822388104962e+01
1.698000000000000000e+03 3.700978442774444943e+02 1.249190447150573391e+01 6.420350935019847327e-02 -2.798452570331409106e+01
1.699000000000000000e+03 3.702912085660862545e+02 1.238768980147571597e+01 6.416701722460217694e-02 -2.791567522135433776e+01
1.700000000000000000e+03 3.704784987611777183e+02 1.228398213049037757e+01 6.413056608682336790e-02 -2.784153871383885459e+01
1.701000000000000000e+03 3.706591578096070521e+02 1.218061890271354031e+01 6.409414863616444413e-02 -2.776226689253886093e+01
1.702000000000000000e+03 3.708326480093898567e+02 1.207780654288954025e+01 6.405775757983267482e-02 -2.767784780887546603e+01
1.703000000000000000e+03 3.709991781513095930e+02 1.197560235674753493e+01 6.402138563787806991e-02 -2.758848830751816195e+01
1.704000000000000000e+03 3.711582125735574209e+02 1.187384087871090799e+01 6.398502554830337585e-02 -2.749417167685709984e+01
1.705000000000000000e+03 3.713099567656141744e+02 1.177280242775075436e+01 6.394867007221427535e-02 -2.739495479232925135e+01
1.706000000000000000e+03 3.714531287972253608e+02 1.167232170963464633e+01 6.391231199912031369e-02 -2.729096812599120625e+01
1.707000000000000000e+03 3.715879305929584007e+02 1.157245637267432592e+01 6.387594415218912636e-02 -2.718211862233453857e+01
1.708000000000000000e+03 3.717138193621880191e+02 1.147333844489054400e+01 6.383955939356834863e-02 -2.706860969287745178e+01
1.709000000000000000e+03 3.718317360400303073e+02 1.137487720411620629e+01 6.380315062969388329e-02 -2.695042124196589128e+01
1.710000000000000000e+03 3.719396482140489297e+02 1.127720488306636071e+01 6.376671081659443518e-02 -2.682760681134281100e+01
1.711000000000000000e+03 3.720384927425055253e+02 1.118023097231875163e+01 6.373023296511480529e-02 -2.670029359094372623e+01
1.712000000000000000e+03 3.721269758486243973e+02 1.108401364176114079e+01 6.369371014612580650e-02 -2.656853386291933106e+01
1.713000000000000000e+03 3.722052872367370924e+02 1.098861117745928873e+01 6.365713549558114914e-02 -2.643237929639360928e+01
1.714000000000000000e+03 3.722736143650193412e+02 1.089400770196443347e+01 6.362050221949348827e-02 -2.629180667544040517e+01
1.715000000000000000e+03 3.723313995551998801e+02 1.080026174506417469e+01 6.358380359879310662e-02 -2.614708932829401178e+01
1.716000000000000000e+03 3.723788256094614439e+02 1.070743196396096231e+01 6.354703299397961025e-02 -2.599820287124197904e+01
1.717000000000000000e+03 3.724145872544987697e+02 1.061550286338455429e+01 6.351018384965249897e-02 -2.584519663826021585e+01
1.718000000000000000e+03 3.724388624331845676e+02 1.052445908264275864e+01 6.347324969879961087e-02 -2.568826797684360130e+01
1.719000000000000000e+03 3.724525694236826325e+02 1.043435968260453350e+01 6.343622416693175947e-02 -2.552731655951951595e+01
1.720000000000000000e+03 3.724536526211627461e+02 1.034518958210730410e+01 6.339910097594417260e-02 -2.536261294809457567e+01
1.721000000000000000e+03 3.724437680126794703e+02 1.025708241180774039e+01 6.336187394774545067e-02 -2.519413005504713254e+01
1.722000000000000000e+03 3.724215976245138791e+02 1.016994909994284590e+01 6.332453700762331883e-02 -2.502198885764284242e+01
1.723000000000000000e+03 3.723865636628631250e+02 1.008392357654821581e+01 6.328708418741042785e-02 -2.484638412771335680e+01
1.724000000000000000e+03 3.723403141525178626e+02 9.998917075575485924e+00 6.324950962828100598e-02 -2.466721302760010914e+01
1.725000000000000000e+03 3.722807802284063996e+02 9.914989555465860249e+00 6.321180758332159422e-02 -2.448474367530292994e+01
1.726000000000000000e+03 3.722081187906863420e+02 9.832126851631679543e+00 6.317397241982050660e-02 -2.429894660674819207e+01
1.727000000000000000e+03 3.721232268127531597e+02 9.750463529880624591e+00 6.313599862126537121e-02 -2.410994049075290491e+01
1.728000000000000000e+03 3.720247699823627840e+02 9.669837188244610360e+00 6.309788078902354991e-02 -2.391784357612213441e+01
1.729000000000000000e+03 3.719128968611263417e+02 9.590457011272807364e+00 6.305961364376395928e-02 -2.372277370589845802e+01
1.730000000000000000e+03 3.717877532019426781e+02 9.512235221206026381e+00 6.302119202656941699e-02 -2.352469976474768032e+01
1.731000000000000000e+03 3.716487391045149593e+02 9.435158498111947623e+00 6.298261089981106731e-02 -2.332381311099748800e+01
1.732000000000000000e+03 3.714959946789343803e+02 9.359287982433356134e+00 6.294386534768083019e-02 -2.312015617377993237e+01
1.733000000000000000e+03 3.713289143720724610e+02 9.284684993958938648e+00 6.290495057653525124e-02 -2.291384531831700144e+01
1.734000000000000000e+03 3.711476326368819514e+02 9.211262467216304373e+00 6.286586191495154019e-02 -2.270492229380998594e+01
1.735000000000000000e+03 3.709515382642929922e+02 9.139082087804366594e+00 6.282659481349756048e-02 -2.249357709895150137e+01
1.736000000000000000e+03 3.707422457278300953e+02 9.068205727634545354e+00 6.278714484438634169e-02 -2.227992514652595446e+01
1.737000000000000000e+03 3.705183953453832260e+02 8.998621163598151895e+00 6.274750770077523743e-02 -2.206400727861429800e+01
1.738000000000000000e+03 3.702801102985868056e+02 8.930316363161743709e+00 6.270767919602672491e-02 -2.184608691589903984e+01
1.739000000000000000e+03 3.700275109741190818e+02 8.863353769885353728e+00 6.266765526267706332e-02 -2.162613008852488861e+01
1.740000000000000000e+03 3.697607149770061028e+02 8.797721738355470222e+00 6.262743195128006590e-02 -2.140432543607092342e+01
1.741000000000000000e+03 3.694798371457042094e+02 8.733408819547426205e+00 6.258700542912937204e-02 -2.118071280556216962e+01
1.742000000000000000e+03 3.691842467337561970e+02 8.670478046109217019e+00 6.254637197887905065e-02 -2.095555468456861448e+01
1.743000000000000000e+03 3.688740530979357004e+02 8.608844083556377313e+00 6.250552799700097306e-02 -2.072874194882706078e+01
1.744000000000000000e+03 3.685486200475184546e+02 8.548644649407348695e+00 6.246446999228376373e-02 -2.050046242945367680e+01
1.745000000000000000e+03 3.682095372047409114e+02 8.489794813711490917e+00 6.242319458414948702e-02 -2.027082951116251053e+01
1.746000000000000000e+03 3.678546773458091934e+02 8.432358418024120894e+00 6.238169850106214942e-02 -2.003995643153289663e+01
1.747000000000000000e+03 3.674848819379976135e+02 8.376250942778209918e+00 6.233997857885711230e-02 -1.980780772979576909e+01
1.748000000000000000e+03 3.671009898219040224e+02 8.321610926097177341e+00 6.229803175910410273e-02 -1.957471924716179501e+01
1.749000000000000000e+03 3.667008658940094961e+02 8.268354263998265452e+00 6.225585508750205305e-02 -1.934058102411643176e+01
1.750000000000000000e+03 3.662868294797231101e+02 8.216471345538462145e+00 6.221344571236415294e-02 -1.910565443477458203e+01
1.751000000000000000e+03 3.658574757318219781e+02 8.166027371365130350e+00 6.217080088314093367e-02 -1.886997496987720879e+01
1.752000000000000000e+03 3.654135960160841137e+02 8.117014740173241094e+00 6.212791794905087039e-02 -1.863371477569451429e+01
1.753000000000000000e+03 3.649552289105966452e+02 8.069426380600738469e+00 6.208479435779997585e-02 -1.839689443023695858e+01
1.754000000000000000e+03 3.644816676666060857e+02 8.023255434531955999e+00 6.204142765449261604e-02 -1.815960877434334719e+01
1.755000000000000000e+03 3.639929458997935399e+02 7.978569541316151259e+00 6.199781548061414349e-02 -1.792202692742169390e+01
1.756000000000000000e+03 3.634898376108174034e+02 7.935287987890435879e+00 6.195395557322658231e-02 -1.768409516914103463e+01
1.757000000000000000e+03 3.629716287000093189e+02 7.893478843334259309e+00 6.190984576425283964e-02 -1.744605693960451731e+01
1.758000000000000000e+03 3.624383454913718765e+02 7.853061825317266376e+00 6.186548398001847499e-02 -1.720793287043426290e+01
1.759000000000000000e+03 3.618900119155676407e+02 7.814150004581741804e+00 6.182086824092593996e-02 -1.696981793432329866e+01
1.760000000000000000e+03 3.613273923620064352e+02 7.776670959363342739e+00 6.177599666133760242e-02 -1.673173289350510373e+01
1.761000000000000000e+03 3.607497631898514783e+02 7.740634196195752992e+00 6.173086744961909372e-02 -1.649384716566132880e+01
1.762000000000000000e+03 3.601571412481850984e+02 7.706049438165328169e+00 6.168547890840934966e-02 -1.625618170523086192e+01
1.763000000000000000e+03 3.595502838901134623e+02 7.672911768229420559e+00 6.163982943505314643e-02 -1.601898043615349465e+01
1.764000000000000000e+03 3.589284604808318591e+02 7.641216485846712203e+00 6.159391752227543620e-02 -1.578219028248888733e+01
1.765000000000000000e+03 3.582931665849647516e+02 7.610973963518483210e+00 6.154774175893497346e-02 -1.554590688446679003e+01
1.766000000000000000e+03 3.576436669677581222e+02 7.582179933138799122e+00 6.150130083105988937e-02 -1.531037461341459682e+01
1.767000000000000000e+03 3.569799669457194682e+02 7.554822914006348533e+00 6.145459352302982264e-02 -1.507554088555577287e+01
1.768000000000000000e+03 3.563028123964373890e+02 7.528913925797347417e+00 6.140761871883093637e-02 -1.484157616122026013e+01
1.769000000000000000e+03 3.556122040977298866e+02 7.504441917945936957e+00 6.136037540357756892e-02 -1.460850254189840847e+01
1.770000000000000000e+03 3.549081405713542381e+02 7.481403482437248620e+00 6.131286266510558441e-02 -1.437649091868465234e+01
1.771000000000000000e+03 3.541906180913031790e+02 7.459795424759374072e+00 6.126507969564366773e-02 -1.414563813606513065e+01
1.772000000000000000e+03 3.534596306918419941e+02 7.439599906415211628e+00 6.121702579367215014e-02 -1.391589272256578624e+01
1.773000000000000000e+03 3.527159130104556084e+02 7.420814157446216974e+00 6.116870036581677217e-02 -1.368742632226538625e+01
1.774000000000000000e+03 3.519587117907300922e+02 7.403435618765232817e+00 6.112010292881241147e-02 -1.346033657463025435e+01
1.775000000000000000e+03 3.511895000656252250e+02 7.387454512750466051e+00 6.107123311146481215e-02 -1.323464712819778022e+01
1.776000000000000000e+03 3.504067773208001313e+02 7.372868698801336329e+00 6.102209065674558952e-02 -1.301053050460097893e+01
1.777000000000000000e+03 3.496120121838345085e+02 7.359661387054824644e+00 6.097267542378347061e-02 -1.278793669440120340e+01
1.778000000000000000e+03 3.488051854237864973e+02 7.347823422115429715e+00 6.092298738987838441e-02 -1.256703887127164876e+01
1.779000000000000000e+03 3.479855327967836729e+02 7.337345853296842968e+00 6.087302665249790662e-02 -1.234786198747155339e+01
1.780000000000000000e+03 3.471545163977131665e+02 7.328219933127261498e+00 6.082279343116477055e-02 -1.213057992065637336e+01
1.781000000000000000e+03 3.463113676628548774e+02 7.320429687418549491e+00 6.077228806930606159e-02 -1.191514406897418077e+01
1.782000000000000000e+03 3.454568015591422636e+02 7.313974198651312264e+00 6.072151103594725791e-02 -1.170180334799624511e+01
1.783000000000000000e+03 3.445907880947342505e+02 7.308837890823959960e+00 6.067046292733713903e-02 -1.149043565140743084e+01
1.784000000000000000e+03 3.437140380063738121e+02 7.304997955969777301e+00 6.061914446837956411e-02 -1.128121641453710922e+01
1.785000000000000000e+03 3.428257742734237468e+02 7.302454065642468350e+00 6.056755651392747852e-02 -1.107424720864625733e+01
1.786000000000000000e+03 3.419274463140389457e+02 7.301183798818007276e+00 6.051570004990501628e-02 -1.086948146901191770e+01
1.787000000000000000e+03 3.410190158331461134e+02 7.301172353219027578e+00 6.046357619419347879e-02 -1.066717020731251253e+01
1.788000000000000000e+03 3.400996996827411181e+02 7.302412543159410241e+00 6.041118619732640388e-02 -1.046719347125512556e+01
1.789000000000000000e+03 3.391709412295263064e+02 7.304882512260625127e+00 6.035853144295772604e-02 -1.026980319052623081e+01
1.790000000000000000e+03 3.382326962096707348e+02 7.308568016193465411e+00 6.030561344808865049e-02 -1.007488035246467462e+01
1.791000000000000000e+03 3.372841755961375725e+02 7.313462420294295718e+00 6.025243386304982018e-02 -9.882603564051059664e+00
1.792000000000000000e+03 3.363268169735553101e+02 7.319529555356865558e+00 6.019899447118896851e-02 -9.693003361125153816e+00
1.793000000000000000e+03 3.353605704003717278e+02 7.326763141905604293e+00 6.014529718834930178e-02 -9.506185068888161283e+00
1.794000000000000000e+03 3.343846412836847435e+02 7.335134789145122625e+00 6.009134406201803447e-02 -9.322180244651628200e+00
1.795000000000000000e+03 3.334004617616799919e+02 7.344645990744654185e+00 6.003713727024505287e-02 -9.141020970850199490e+00
1.796000000000000000e+03 3.324072337383371405e+02 7.355261266951725219e+00 5.998267912025977144e-02 -8.962739864305122595e+00
1.797000000000000000e+03 3.314063859409235420e+02 7.366967588594950378e+00 5.992797204682821788e-02 -8.787518652243347717e+00
1.798000000000000000e+03 3.303971169596311483e+02 7.379737232470247044e+00 5.987301861032258421e-02 -8.615391047049492101e+00
1.799000000000000000e+03 3.293808523098903720e+02 7.393564920167945864e+00 5.981782149455514008e-02 -8.446242754773095385e+00
1.800000000000000000e+03 3.283567874766833370e+02 7.408415816637187845e+00 5.976238350431325314e-02 -8.280331467896205666e+00
1.801000000000000000e+03 3.273263336535962367e+02 7.424278365349852749e+00 5.970670756264640638e-02 -8.117610755262216315e+00
1.802000000000000000e+03 3.262893696431621038e+02 7.441137091063523279e+00 5.965079670797245742e-02 -7.958145642851937929e+00
1.803000000000000000e+03 3.252457615709311654e+02 7.458970077407585109e+00 5.959465409090066584e-02 -7.802001610560999723e+00
1.804000000000000000e+03 3.241961171108202961e+02 7.477762980625445977e+00 5.953828297082951887e-02 -7.649215024186148071e+00
1.805000000000000000e+03 3.231410427143276252e+02 7.497494169619251636e+00 5.948168671238964617e-02 -7.499815427406274715e+00
1.806000000000000000e+03 3.220804008412686130e+02 7.518149579347072731e+00 5.942486878171619052e-02 -7.353847833493278863e+00
1.807000000000000000e+03 3.210140528619089082e+02 7.539707850772576769e+00 5.936783274246392600e-02 -7.211343018299310792e+00
1.808000000000000000e+03 3.199426019602669271e+02 7.562147755820562089e+00 5.931058225183490767e-02 -7.072339811422127198e+00
1.809000000000000000e+03 3.188659075333213764e+02 7.585455622289818400e+00 5.925312105633351312e-02 -6.936885102044339391e+00
1.810000000000000000e+03 3.177845709311079077e+02 7.609610473674176312e+00 5.919545298752484919e-02 -6.805011559445079961e+00
1.811000000000000000e+03 3.166984498573048654e+02 7.634591453995290600e+00 5.913758195762727071e-02 -6.676745066634286019e+00
1.812000000000000000e+03 3.156081441103093539e+02 7.660370395897613705e+00 5.907951195514722642e-02 -6.552104725357046355e+00
1.813000000000000000e+03 3.145135099844005708e+02 7.686941530459275640e+00 5.902124704038354958e-02 -6.431125145867691906e+00
1.814000000000000000e+03 3.134151460109885079e+02 7.714276913466823871e+00 5.896279134099748076e-02 -6.313834166320143382e+00
1.815000000000000000e+03 3.123136501945725172e+02 7.742356135160668451e+00 5.890414904752867137e-02 -6.200252856925694722e+00
1.816000000000000000e+03 3.112088772482890136e+02 7.771158888199245496e+00 5.884532440900406419e-02 -6.090402952176710016e+00
1.817000000000000000e+03 3.101014243339274685e+02 7.800664963945104446e+00 5.878632172854111881e-02 -5.984321711135330624e+00
1.818000000000000000e+03 3.089911454610568171e+02 7.830854248724382849e+00 5.872714535907733874e-02 -5.882017350634038522e+00
1.819000000000000000e+03 3.078786372252806132e+02 7.861699291711133242e+00 5.866779969916028487e-02 -5.783506190042233541e+00
1.820000000000000000e+03 3.067637532052513052e+02 7.893180157839084110e+00 5.860828918888645600e-02 -5.688805225643795538e+00
1.821000000000000000e+03 3.056470896984835690e+02 7.925239853889801012e+00 5.854861830591780170e-02 -5.597932133076959360e+00
1.822000000000000000e+03 3.045292429506423559e+02 7.957947748367677043e+00 5.848879156173066030e-02 -5.510897841135511399e+00
1.823000000000000000e+03 3.034093235482179693e+02 7.991217290341540824e+00 5.842881349791814727e-02 -5.427728818682285628e+00
1.824000000000000000e+03 3.022879278196405721e+02 8.024984285984624321e+00 5.836868868278335953e-02 -5.348437362821937491e+00
1.825000000000000000e+03 3.011663950594483481e+02 8.059258893144845004e+00 5.830842170808284847e-02 -5.273014171835475494e+00
1.826000000000000000e+03 3.000438362454644903e+02 8.094125617449343224e+00 5.824801718592250571e-02 -5.201472916277428915e+00
1.827000000000000000e+03 2.989208482692037023e+02 8.129371890883824392e+00 5.818747974594548622e-02 -5.133798241230887349e+00
1.828000000000000000e+03 2.977980283190435671e+02 8.165082335893275811e+00 5.812681403267431351e-02 -5.069990336827062904e+00
1.829000000000000000e+03 2.966759739313390583e+02 8.201267343940356724e+00 5.806602470309579073e-02 -5.010057510024813254e+00
1.830000000000000000e+03 2.955537973693473646e+02 8.237863071567790740e+00 5.800511642450124211e-02 -4.954001327752020956e+00
1.831000000000000000e+03 2.944335826801992653e+02 8.274805719956171757e+00 5.794409387251333449e-02 -4.901809188109920612e+00
1.832000000000000000e+03 2.933144430593676475e+02 8.312105814475970078e+00 5.788296172935549627e-02 -4.853476604691929097e+00
1.833000000000000000e+03 2.921969779033505006e+02 8.349699633727512449e+00 5.782172468232163465e-02 -4.808999777215690941e+00
1.834000000000000000e+03 2.910810443450267258e+02 8.387672056090186956e+00 5.776038742252009167e-02 -4.768360733520250250e+00
1.835000000000000000e+03 2.899672429620827074e+02 8.425885138249761042e+00 5.769895464377306632e-02 -4.731557041380945350e+00
1.836000000000000000e+03 2.888561749783738719e+02 8.464349528749901097e+00 5.763743104173815052e-02 -4.698572093240046321e+00
1.837000000000000000e+03 2.877469566283459699e+02 8.503075897026766583e+00 5.757582131323342456e-02 -4.669404817458200796e+00
1.838000000000000000e+03 2.866409333648080064e+02 8.542000645947839033e+00 5.751413015574116661e-02 -4.644039962484517226e+00
1.839000000000000000e+03 2.855372228797088496e+02 8.581134474861267236e+00 5.745236226705772303e-02 -4.622462950850143137e+00
1.840000000000000000e+03 2.844371721436039593e+02 8.620413808639403541e+00 5.739052234514272627e-02 -4.604645019484680191e+00
1.841000000000000000e+03 2.833406432583626611e+02 8.659849360737824853e+00 5.732861508805781048e-02 -4.590565501509719759e+00
1.842000000000000000e+03 2.822474991536964239e+02 8.699303278748530488e+00 5.726664519405291753e-02 -4.580196966008888815e+00
1.843000000000000000e+03 2.811590892824726211e+02 8.738934841483537497e+00 5.720461736177278461e-02 -4.573520070928839942e+00
1.844000000000000000e+03 2.800745354697846778e+02 8.778606187032661268e+00 5.714253629052768596e-02 -4.570516130661906651e+00
1.845000000000000000e+03 2.789944461113533976e+02 8.818253726364250866e+00 5.708040668061275386e-02 -4.571152255013124943e+00
1.846000000000000000e+03 2.779194305259874795e+02 8.857962422927547763e+00 5.701823323372144647e-02 -4.575411058006130460e+00
1.847000000000000000e+03 2.768500989774847767e+02 8.897668654755566564e+00 5.695602065333928848e-02 -4.583260939627077590e+00
1.848000000000000000e+03 2.757848341910022896e+02 8.937308777597191778e+00 5.689377364518557328e-02 -4.594663509062686835e+00
1.849000000000000000e+03 2.747257340544027215e+02 8.976893404562339640e+00 5.683149691762486022e-02 -4.609595864384614217e+00
1.850000000000000000e+03 2.736719261240272090e+02 9.016358835276559347e+00 5.676919518202817871e-02 -4.628020873530955370e+00
1.851000000000000000e+03 2.726240197513055818e+02 9.055716189583534970e+00 5.670687315311137566e-02 -4.649926663917351988e+00
1.852000000000000000e+03 2.715826057202352786e+02 9.094904548296650404e+00 5.664453554920347023e-02 -4.675281679050857342e+00
1.853000000000000000e+03 2.705467853123635678e+02 9.134012088365688342e+00 5.658218709240482591e-02 -4.704057324404546492e+00
1.854000000000000000e+03 2.695178894082773127e+02 9.172829807582836281e+00 5.651983250863554242e-02 -4.736218178753778041e+00
1.855000000000000000e+03 2.684957643348328133e+02 9.211520072369680179e+00 5.645747652761844843e-02 -4.771714559003680911e+00
1.856000000000000000e+03 2.674810003932220752e+02 9.249948062544495642e+00 5.639512388265895820e-02 -4.810527083238427259e+00
1.857000000000000000e+03 2.664727033776232474e+02 9.288201752156156843e+00 5.633277931032493885e-02 -4.852614664991091509e+00
1.858000000000000000e+03 2.654722087748730246e+02 9.326146204813769103e+00 5.627044754992951286e-02 -4.897936790793878004e+00
1.859000000000000000e+03 2.644786247797571832e+02 9.363794987573413664e+00 5.620813334285824914e-02 -4.946460940809767060e+00
1.860000000000000000e+03 2.634940321665815190e+02 9.401161600338539870e+00 5.614584143175450209e-02 -4.998147724199496267e+00
1.861000000000000000e+03 2.625160559663171966e+02 9.438259472298099695e+00 5.608357655943303072e-02 -5.052950870979452169e+00
1.862000000000000000e+03 2.615467795153285806e+02 9.474953391393848179e+00 5.602134346766720480e-02 -5.110824652024485992e+00
1.863000000000000000e+03 2.605860589696241618e+02 9.511330918340920704e+00 5.595914689576954315e-02 -5.171738727220095200e+00
1.864000000000000000e+03 2.596337518404579896e+02 9.547405249163222862e+00 5.589699157895951925e-02 -5.235648423316771272e+00
1.865000000000000000e+03 2.586897170258934011e+02 9.582966644772739073e+00 5.583488224651543541e-02 -5.302509581693895413e+00
1.866000000000000000e+03 2.577538148433751530e+02 9.618176695614188532e+00 5.577282361980127195e-02 -5.372278549235992351e+00
1.867000000000000000e+03 2.568273927333189590e+02 9.652974050311792453e+00 5.571082041001725743e-02 -5.444912169026424387e+00
1.868000000000000000e+03 2.559103139534589673e+02 9.687297262887057059e+00 5.564887731581411728e-02 -5.520345485812424791e+00
1.869000000000000000e+03 2.550017004491592445e+02 9.721159073016735874e+00 5.558699902068186399e-02 -5.598536306449401145e+00
1.870000000000000000e+03 2.541029042295540421e+02 9.754572119332401314e+00 5.552519019024845792e-02 -5.679428048324134615e+00
1.871000000000000000e+03 2.532137932291197444e+02 9.787474652768313632e+00 5.546345546934373233e-02 -5.762964586066417816e+00
1.872000000000000000e+03 2.523334941799460012e+02 9.819879100466582855e+00 5.540179947889994211e-02 -5.849097669751800233e+00
1.873000000000000000e+03 2.514633639895100998e+02 9.851797779225984542e+00 5.534022681282642353e-02 -5.937772057900027711e+00
1.874000000000000000e+03 2.506025327685012769e+02 9.883094325501177835e+00 5.527874203462517649e-02 -6.028932935375500790e+00
1.875000000000000000e+03 2.497523608791065897e+02 9.913855109973560786e+00 5.521734967401883964e-02 -6.122511046093263687e+00
1.876000000000000000e+03 2.489119819630120958e+02 9.944017817152893457e+00 5.515605422341118141e-02 -6.218452395687711132e+00
1.877000000000000000e+03 2.480820171545425410e+02 9.973668576558457843e+00 5.509486013430540258e-02 -6.316695955595730716e+00
1.878000000000000000e+03 2.472623466133077272e+02 1.000267054243623654e+01 5.503377181369612653e-02 -6.417181080412137639e+00
1.879000000000000000e+03 2.464528523964931139e+02 1.003103530856092540e+01 5.497279362037597178e-02 -6.519847496770953654e+00
1.880000000000000000e+03 2.456534184955070259e+02 1.005884862208405828e+01 5.491192986127581277e-02 -6.624635292108022711e+00
1.881000000000000000e+03 2.448654165418947741e+02 1.008589896343458925e+01 5.485118478778308604e-02 -6.731484903309786105e+00
1.882000000000000000e+03 2.440879916671294723e+02 1.011234609531805084e+01 5.479056259211084745e-02 -6.840329676903033729e+00
1.883000000000000000e+03 2.433210338765172196e+02 1.013812679223810598e+01 5.473006740367052092e-02 -6.951103285841485402e+00
1.884000000000000000e+03 2.425644352467067222e+02 1.016325197211394382e+01 5.466970328558754671e-02 -7.063754574543826159e+00
1.885000000000000000e+03 2.418188327918224445e+02 1.018758384344731738e+01 5.460947423119750371e-02 -7.178225262086789904e+00
1.886000000000000000e+03 2.410848656579716476e+02 1.021120732057751290e+01 5.454938416075710145e-02 -7.294435073659700564e+00
1.887000000000000000e+03 2.403609466459814428e+02 1.023413288748293404e+01 5.448943691818776414e-02 -7.412341155437895068e+00
1.888000000000000000e+03 2.396484620825316085e+02 1.025629659566260443e+01 5.442963626799330462e-02 -7.531856350722472726e+00
1.889000000000000000e+03 2.389465719989552781e+02 1.027770862909340366e+01 5.436998589235827323e-02 -7.652908614661236619e+00
1.890000000000000000e+03 2.382559243282436228e+02 1.029837901875150763e+01 5.431048938836056938e-02 -7.775426145398172117e+00
1.891000000000000000e+03 2.375764264196467650e+02 1.031824335720607344e+01 5.425115026542615820e-02 -7.899337371859703971e+00
1.892000000000000000e+03 2.369087307261055457e+02 1.033731136379350524e+01 5.419197194292721398e-02 -8.024556084781570675e+00
1.893000000000000000e+03 2.362520063141806475e+02 1.035559259935781107e+01 5.413295774803730809e-02 -8.151018566133606313e+00
1.894000000000000000e+03 2.356061673816886071e+02 1.037309646456771262e+01 5.407411091375158990e-02 -8.278653863343283348e+00
1.895000000000000000e+03 2.349718732677653179e+02 1.038983219830838856e+01 5.401543457718744473e-02 -8.407376348526085508e+00
1.896000000000000000e+03 2.343490427903423381e+02 1.040573459264590106e+01 5.395693177807235619e-02 -8.537122847778373824e+00
1.897000000000000000e+03 2.337375970861353949e+02 1.042081255837462095e+01 5.389860545748038217e-02 -8.667830343634133072e+00
1.898000000000000000e+03 2.331374596130361283e+02 1.043500055663048265e+01 5.384045845682167847e-02 -8.799428534193177498e+00
1.899000000000000000e+03 2.325485561499333187e+02 1.044838144809282809e+01 5.378249351705244319e-02 -8.931847248925697258e+00
1.900000000000000000e+03 2.319715576290101353e+02 1.046088935774505302e+01 5.372471327813375941e-02 -9.065009007757065973e+00
1.901000000000000000e+03 2.314049134291270775e+02 1.047253238688414356e+01 5.366712027873480478e-02 -9.198853695756286086e+00
1.902000000000000000e+03 2.308500651294692716e+02 1.048324363300409878e+01 5.360971695613580418e-02 -9.333316043796969552e+00
1.903000000000000000e+03 2.303062327380546037e+02 1.049317873484137031e+01 5.355250564639524313e-02 -9.468310980963980938e+00
1.904000000000000000e+03 2.297741242156633064e+02 1.050212174077668870e+01 5.349548858473595486e-02 -9.603879786749695668e+00
1.905000000000000000e+03 2.292529641210216482e+02 1.051022794301337271e+01 5.343866790612564893e-02 -9.739803804254638209e+00
1.906000000000000000e+03 2.287434649340297881e+02 1.051742960878708999e+01 5.338204564602949675e-02 -9.876124412129332342e+00
1.907000000000000000e+03 2.282448556967438265e+02 1.052373311368176445e+01 5.332562374144364514e-02 -1.001280873625305823e+01
1.908000000000000000e+03 2.277571104976032359e+02 1.052914465750918183e+01 5.326940403199235952e-02 -1.014967535369203233e+01
1.909000000000000000e+03 2.272816912838065662e+02 1.053367026376683491e+01 5.321338826127736815e-02 -1.028676569769829463e+01
1.910000000000000000e+03 2.268170908268429855e+02 1.053724149566888890e+01 5.315757807834253085e-02 -1.042404691121677551e+01
1.911000000000000000e+03 2.263632897067972749e+02 1.053986402275991452e+01 5.310197503922867157e-02 -1.056133755093559401e+01
1.912000000000000000e+03 2.259210134500978029e+02 1.054161762059849217e+01 5.304658060874141434e-02 -1.069860470888968251e+01
1.913000000000000000e+03 2.254895039959843359e+02 1.054243332000794275e+01 5.299139616221868604e-02 -1.083588971659759892e+01
1.914000000000000000e+03 2.250687481720480321e+02 1.054231625741616973e+01 5.293642298744683644e-02 -1.097301099874183272e+01
1.915000000000000000e+03 2.246594776637737993e+02 1.054127139125927215e+01 5.288166228659355039e-02 -1.111000976192985412e+01
1.916000000000000000e+03 2.242609404782414799e+02 1.053922921845844307e+01 5.282711517819992791e-02 -1.124677856498861495e+01
1.917000000000000000e+03 2.238731294173638844e+02 1.053634290848213872e+01 5.277278269926348464e-02 -1.138320987384252803e+01
1.918000000000000000e+03 2.234960392105660389e+02 1.053246831895318003e+01 5.271866580720442619e-02 -1.151934461646235519e+01
1.919000000000000000e+03 2.231304093172030889e+02 1.052775826386512747e+01 5.266476538192791518e-02 -1.165500075337258501e+01
1.920000000000000000e+03 2.227747525536888986e+02 1.052206824582996170e+01 5.261108222782170246e-02 -1.179021896676724523e+01
1.921000000000000000e+03 2.224298120708475608e+02 1.051547644093406042e+01 5.255761707572097208e-02 -1.192489123118419592e+01
1.922000000000000000e+03 2.220955899811218330e+02 1.050791228163442881e+01 5.250437058479681673e-02 -1.205898365229027647e+01
1.923000000000000000e+03 2.217713473261134425e+02 1.049952787474952842e+01 5.245134334440870044e-02 -1.219238788824978492e+01
1.924000000000000000e+03 2.214585753845702527e+02 1.049025230099181449e+01 5.239853587582102290e-02 -1.232506970520363865e+01
1.925000000000000000e+03 2.211550529605299289e+02 1.048001446609119647e+01 5.234594863389540470e-02 -1.245699468234665908e+01
1.926000000000000000e+03 2.208615318674387993e+02 1.046889166848404606e+01 5.229358200855663275e-02 -1.258812820061763382e+01
1.927000000000000000e+03 2.205787655575842905e+02 1.045688674955697905e+01 5.224143632626571804e-02 -1.271828686449960877e+01
1.928000000000000000e+03 2.203052805872645195e+02 1.044400237796746111e+01 5.218951185126326220e-02 -1.284758419196001888e+01
1.929000000000000000e+03 2.200418335979573214e+02 1.043016676702550782e+01 5.213780878674040276e-02 -1.297583633548036275e+01
1.930000000000000000e+03 2.197884399480642514e+02 1.041545652615096884e+01 5.208632727584294048e-02 -1.310300777224994739e+01
1.931000000000000000e+03 2.195443736856182682e+02 1.039987381138081801e+01 5.203506740247022810e-02 -1.322906272647328407e+01
1.932000000000000000e+03 2.193089103569032261e+02 1.038349489345312726e+01 5.198402919202693012e-02 -1.335396515882063007e+01
1.933000000000000000e+03 2.190835554860253183e+02 1.036617302493984027e+01 5.193321261194117078e-02 -1.347767875602100673e+01
1.934000000000000000e+03 2.188668447051336727e+02 1.034798414246756515e+01 5.188261757207668357e-02 -1.360009263709942928e+01
1.935000000000000000e+03 2.186595435758796668e+02 1.032892973397586367e+01 5.183224392492152832e-02 -1.372116991027263389e+01
1.936000000000000000e+03 2.184609333914388856e+02 1.030901112354972327e+01 5.178209146573316268e-02 -1.384087337949246077e+01
1.937000000000000000e+03 2.182710396595598468e+02 1.028830375631328486e+01 5.173215993242522709e-02 -1.395909125114817861e+01
1.938000000000000000e+03 2.180898892462921594e+02 1.026673434937397289e+01 5.168244900540415465e-02 -1.407585997494192220e+01
1.939000000000000000e+03 2.179167675204347461e+02 1.024437802734395753e+01 5.163295830722105378e-02 -1.419106710041338104e+01
1.940000000000000000e+03 2.177517040037123479e+02 1.022116118990078704e+01 5.158368740211038278e-02 -1.430474840165496886e+01
1.941000000000000000e+03 2.175947295164514230e+02 1.019715864742640576e+01 5.153463579542505446e-02 -1.441679073418099932e+01
1.942000000000000000e+03 2.174458761587700621e+02 1.017237077218645247e+01 5.148580293295504373e-02 -1.452708059298938537e+01
1.943000000000000000e+03 2.173051772921646716e+02 1.014679778357655415e+01 5.143718820017766091e-02 -1.463572695430668169e+01
1.944000000000000000e+03 2.171711818513409753e+02 1.012043974992245765e+01 5.138879092137062926e-02 -1.474254128249205209e+01
1.945000000000000000e+03 2.170446685014122750e+02 1.009329659033563509e+01 5.134061035873187934e-02 -1.484755750616341352e+01
1.946000000000000000e+03 2.169256742799518349e+02 1.006536807662371480e+01 5.129264571140015883e-02 -1.495066059248353696e+01
1.947000000000000000e+03 2.168134945791140638e+02 1.003672811875738269e+01 5.124489611445022519e-02 -1.505188367316153020e+01
1.948000000000000000e+03 2.167081687976566968e+02 1.000730191638048083e+01 5.119736063784972174e-02 -1.515111090262976568e+01
1.949000000000000000e+03 2.166089946525990513e+02 9.977163094889908379e+00 5.115003828547420167e-02 -1.524830030093647260e+01
1.950000000000000000e+03 2.165160138305981832e+02 9.946236573547112769e+00 5.110292799402316871e-02 -1.534348374633114176e+01
1.951000000000000000e+03 2.164300202918814477e+02 9.914595075445582495e+00 5.105602863204747321e-02 -1.543654451011792972e+01
1.952000000000000000e+03 2.163496138796723187e+02 9.882234400581461742e+00 5.100933899897577839e-02 -1.552744127787408424e+01
1.953000000000000000e+03 2.162748895055068203e+02 9.849223873772876559e+00 5.096285782421552946e-02 -1.561620696493203120e+01
1.954000000000000000e+03 2.162059431347524594e+02 9.815558406188023000e+00 5.091658376630600613e-02 -1.570279975021058938e+01
1.955000000000000000e+03 2.161428717643528046e+02 9.781158497710546129e+00 5.087051541217336992e-02 -1.578710306983410128e+01
1.956000000000000000e+03 2.160850305645244873e+02 9.746093089858357317e+00 5.082465127643295832e-02 -1.586922274497389829e+01
1.957000000000000000e+03 2.160325185244198565e+02 9.710431001234733017e+00 5.077898980088884490e-02 -1.594911555838081796e+01
1.958000000000000000e+03 2.159854355915256292e+02 9.674166646525812041e+00 5.073352935406073155e-02 -1.602658924864525147e+01
1.959000000000000000e+03 2.159431398098016359e+02 9.637294322545747249e+00 5.068826823091547584e-02 -1.610182248919094405e+01
1.960000000000000000e+03 2.159057329615721414e+02 9.599733927318508719e+00 5.064320465270421429e-02 -1.617462204794382075e+01
1.961000000000000000e+03 2.158733177029694730e+02 9.561628096712668778e+00 5.059833676694064364e-02 -1.624509133376657743e+01
1.962000000000000000e+03 2.158445118629363719e+02 9.522970789592974938e+00 5.055366264757237688e-02 -1.631311040707285187e+01
1.963000000000000000e+03 2.158209054209837063e+02 9.483681574025029093e+00 5.050918029531895753e-02 -1.637870739269148856e+01
1.964000000000000000e+03 2.158011177931313682e+02 9.443828480521958113e+00 5.046488763811510236e-02 -1.644183562493178030e+01
1.965000000000000000e+03 2.157845119717007947e+02 9.403405154311606395e+00 5.042078253184079095e-02 -1.650244792688031481e+01
1.966000000000000000e+03 2.157726801585613146e+02 9.362479425150791457e+00 5.037686276110887179e-02 -1.656057088991985893e+01
1.967000000000000000e+03 2.157642438816937727e+02 9.320970459660063767e+00 5.033312604029817339e-02 -1.661615630296336832e+01
1.968000000000000000e+03 2.157585681306241270e+02 9.279020181710279758e+00 5.028957001478774613e-02 -1.666922971592099145e+01
1.969000000000000000e+03 2.157572469853857342e+02 9.236473290809707137e+00 5.024619226229112834e-02 -1.671974186938026463e+01
1.970000000000000000e+03 2.157581608938862416e+02 9.193545816560220629e+00 5.020299029442334970e-02 -1.676771725851979511e+01
1.971000000000000000e+03 2.157621621434085739e+02 9.150156570096275033e+00 5.015996155841173643e-02 -1.681303127973414746e+01
1.972000000000000000e+03 2.157693606405423168e+02 9.106298564585230793e+00 5.011710343900523112e-02 -1.685585592900496010e+01
1.973000000000000000e+03 2.157783810300703635e+02 9.061964734737760097e+00 5.007441326047400859e-02 -1.689599124795832097e+01
1.974000000000000000e+03 2.157900768229491462e+02 9.017222223346744059e+00 5.003188828882912387e-02 -1.693345958968844300e+01
1.975000000000000000e+03 2.158045590081009664e+02 8.972063817340897529e+00 4.998952573414699313e-02 -1.696835704978006376e+01
1.976000000000000000e+03 2.158204531684211815e+02 8.926556517869160601e+00 4.994732275300835245e-02 -1.700055633054937942e+01
1.977000000000000000e+03 2.158378707711590891e+02 8.880618692891889765e+00 4.990527645109182897e-02 -1.703007815703094607e+01
1.978000000000000000e+03 2.158569234475118890e+02 8.834242930804911964e+00 4.986338388586675913e-02 -1.705694270867018147e+01
1.979000000000000000e+03 2.158769801067264495e+02 8.787644610577590498e+00 4.982164206936670614e-02 -1.708109533474148733e+01
1.980000000000000000e+03 2.158988953899079490e+02 8.740593353378374175e+00 4.978004797105543833e-02 -1.710255512049638682e+01
1.981000000000000000e+03 2.159212954433618563e+02 8.693304427766426201e+00 4.973859852078418159e-02 -1.712134060302650695e+01
1.982000000000000000e+03 2.159450348770732546e+02 8.645695917840471978e+00 4.969729061171238027e-02 -1.713746977085097356e+01
1.983000000000000000e+03 2.159694825379036445e+02 8.597760143935765598e+00 4.965612110341501712e-02 -1.715096006372542803e+01
1.984000000000000000e+03 2.159940071280855136e+02 8.549637949320450403e+00 4.961508682489489119e-02 -1.716175408916946665e+01
1.985000000000000000e+03 2.160194628239689507e+02 8.501247285884788951e+00 4.957418457765860181e-02 -1.716986818972224071e+01
1.986000000000000000e+03 2.160444750499733857e+02 8.452580351359378241e+00 4.953341113879290714e-02 -1.717531815991060640e+01
1.987000000000000000e+03 2.160698974383190887e+02 8.403777876031005789e+00 4.949276326398508591e-02 -1.717811924693908665e+01
1.988000000000000000e+03 2.160950976041103786e+02 8.354757708447191789e+00 4.945223769056941721e-02 -1.717828615159881878e+01
1.989000000000000000e+03 2.161194427663371300e+02 8.305586236148133850e+00 4.941183114047807690e-02 -1.717575874589210372e+01
1.990000000000000000e+03 2.161437853697319156e+02 8.256181254877146714e+00 4.937154032317679631e-02 -1.717062492488435055e+01
1.991000000000000000e+03 2.161674916974375833e+02 8.206683389313301547e+00 4.933136193850731765e-02 -1.716282347425528343e+01
1.992000000000000000e+03 2.161899274948861205e+02 8.157010395274953751e+00 4.929129267942522485e-02 -1.715236692258338991e+01
1.993000000000000000e+03 2.162104579247780691e+02 8.107228580447799260e+00 4.925132923471824825e-02 -1.713934154333797011e+01
1.994000000000000000e+03 2.162306760283740061e+02 8.057404240591271360e+00 4.921146829153470736e-02 -1.712361022307509728e+01
1.995000000000000000e+03 2.162484600028205364e+02 8.007455095739441475e+00 4.917170653788132534e-02 -1.710533244837414912e+01
1.996000000000000000e+03 2.162654015103049119e+02 7.957373143907744861e+00 4.913204066491545785e-02 -1.708444432395127777e+01
1.997000000000000000e+03 2.162801201231684445e+02 7.907298947786712162e+00 4.909246736921368121e-02 -1.706095570951121232e+01
1.998000000000000000e+03 2.162919774608528485e+02 7.857224503914129521e+00 4.905298335480756666e-02 -1.703495022279853544e+01
1.999000000000000000e+03 2.163025628232910549e+02 7.807067529349346557e+00 4.901358533514418858e-02 -1.700636239234983904e+01
2.000000000000000000e+03 2.163097504755973262e+02 7.756894315341083868e+00 4.897427003487209857e-02 -1.697527479497014724e+01
2.001000000000000000e+03 2.163151322561020322e+02 7.706770670969570247e+00 4.893503419150526529e-02 -1.694161932847100971e+01
2.002000000000000000e+03 2.163173449031420716e+02 7.656686165276283873e+00 4.889587455695162260e-02 -1.690554384228734008e+01
2.003000000000000000e+03 2.163165141608344584e+02 7.606629891387157727e+00 4.885678789881752609e-02 -1.686697123131150633e+01
2.004000000000000000e+03 2.163127647888683214e+02 7.556590962116044530e+00 4.881777100169645833e-02 -1.682589817110525843e+01
2.005000000000000000e+03 2.163062205352202056e+02 7.506707080055733172e+00 4.877882066818080981e-02 -1.678239512237637499e+01
2.006000000000000000e+03 2.162962612753602230e+02 7.456818839630691365e+00 4.873993371983439959e-02 -1.673645776864674417e+01
2.007000000000000000e+03 2.162822658229862611e+02 7.407063998165669183e+00 4.870110699797781245e-02 -1.668815558812482180e+01
2.008000000000000000e+03 2.162650975772189668e+02 7.357431777899039460e+00 4.866233736435435220e-02 -1.663740900825779789e+01
2.009000000000000000e+03 2.162441331610284010e+02 7.307911435994894234e+00 4.862362170163198050e-02 -1.658428654499107324e+01
2.010000000000000000e+03 2.162194909061594785e+02 7.258566551030232183e+00 4.858495691388692306e-02 -1.652878195769757497e+01
2.011000000000000000e+03 2.161905451641919740e+02 7.209312175448968851e+00 4.854633992684754401e-02 -1.647088853830195276e+01
2.012000000000000000e+03 2.161574119588878204e+02 7.160211972508988332e+00 4.850776768815925205e-02 -1.641067340058679846e+01
2.013000000000000000e+03 2.161194632995538996e+02 7.111255368686481226e+00 4.846923716745983601e-02 -1.634812891917077238e+01
2.014000000000000000e+03 2.160775556705629583e+02 7.062506123566452132e+00 4.843074535638111633e-02 -1.628332130267293465e+01
2.015000000000000000e+03 2.160310586766539132e+02 7.013953765695817744e+00 4.839228926858812896e-02 -1.621624203304056167e+01
2.016000000000000000e+03 2.159793406992495193e+02 6.965662162418405856e+00 4.835386593958237306e-02 -1.614695643905692179e+01
2.017000000000000000e+03 2.159239973885821371e+02 6.917546672168047195e+00 4.831547242657714680e-02 -1.607552941950843817e+01
2.018000000000000000e+03 2.158629089712396478e+02 6.869671281248980854e+00 4.827710580830586740e-02 -1.600195116651531180e+01
2.019000000000000000e+03 2.157976685887711028e+02 6.822100039570095475e+00 4.823876318474151770e-02 -1.592628573952934623e+01
2.020000000000000000e+03 2.157268967713388861e+02 6.774748496346874482e+00 4.820044167690541032e-02 -1.584859678898074442e+01
2.021000000000000000e+03 2.156514412722102918e+02 6.727755120287810975e+00 4.816213842655258509e-02 -1.576879899657470219e+01
2.022000000000000000e+03 2.155714057173290712e+02 6.680991031117619272e+00 4.812385059593541486e-02 -1.568702950025413578e+01
2.023000000000000000e+03 2.154854067602394707e+02 6.634572558349141502e+00 4.808557536753524375e-02 -1.560335076778463481e+01
2.024000000000000000e+03 2.153942882473600662e+02 6.588474969638873802e+00 4.804730994388351634e-02 -1.551767632098754746e+01
2.025000000000000000e+03 2.152981498681625396e+02 6.542703325374316314e+00 4.800905154731733432e-02 -1.543006787762186427e+01
2.026000000000000000e+03 2.151956043104875391e+02 6.497277624466957668e+00 4.797079741987576168e-02 -1.534066107588613548e+01
2.027000000000000000e+03 2.150874914260115531e+02 6.452203093405898038e+00 4.793254482315591897e-02 -1.524936834854044854e+01
2.028000000000000000e+03 2.149739068804344413e+02 6.407492473723156223e+00 4.789429103833941354e-02 -1.515625034867484366e+01
2.029000000000000000e+03 2.148542021436620075e+02 6.363151167666975638e+00 4.785603336615784631e-02 -1.506136739107901867e+01
2.030000000000000000e+03 2.147284701498923880e+02 6.319199525584409116e+00 4.781776912704075594e-02 -1.496477946073182608e+01
2.031000000000000000e+03 2.145975452874688756e+02 6.275650563159673290e+00 4.777949566125074682e-02 -1.486647193789827170e+01
2.032000000000000000e+03 2.144600320484202314e+02 6.232502535309127012e+00 4.774121032922176711e-02 -1.476657845734190921e+01
2.033000000000000000e+03 2.143160191929928260e+02 6.189783508483456487e+00 4.770291051182877495e-02 -1.466508378312066441e+01
2.034000000000000000e+03 2.141663369037832751e+02 6.147499364370824004e+00 4.766459361088754704e-02 -1.456204666799613179e+01
2.035000000000000000e+03 2.140103282695663154e+02 6.105663515406241970e+00 4.762625704969180446e-02 -1.445745129542199159e+01
2.036000000000000000e+03 2.138480777790174159e+02 6.064274621781742702e+00 4.758789827364143937e-02 -1.435143013913158150e+01
2.037000000000000000e+03 2.136789256390618164e+02 6.023338878509633787e+00 4.754951475096182156e-02 -1.424389255478744154e+01
2.038000000000000000e+03 2.135036962681157888e+02 5.982877445735995892e+00 4.751110397352951292e-02 -1.413504477373830603e+01
2.039000000000000000e+03 2.133217269439412576e+02 5.942889308902469025e+00 4.747266345783229813e-02 -1.402479564431110681e+01
2.040000000000000000e+03 2.131330962964908053e+02 5.903388422359653553e+00 4.743419074591094520e-02 -1.391327662570830270e+01
2.041000000000000000e+03 2.129371386254793492e+02 5.864373997776276326e+00 4.739568340654223833e-02 -1.380047037993866610e+01
2.042000000000000000e+03 2.127346723929704240e+02 5.825860219297831044e+00 4.735713903637432665e-02 -1.368643363182635575e+01
2.043000000000000000e+03 2.125257717057499178e+02 5.787861388550242125e+00 4.731855526119128907e-02 -1.357122289506409096e+01
2.044000000000000000e+03 2.123097663027619149e+02 5.750384497939530881e+00 4.727992973728866594e-02 -1.345489448181813863e+01
2.045000000000000000e+03 2.120874700476622650e+02 5.713436660597144723e+00 4.724126015283577895e-02 -1.333750451237811774e+01
2.046000000000000000e+03 2.118582095762995721e+02 5.677025111919304479e+00 4.720254422938413574e-02 -1.321903464134456918e+01
2.047000000000000000e+03 2.116213099545117302e+02 5.641157211050094489e+00 4.716377972339362568e-02 -1.309968920136492621e+01
2.048000000000000000e+03 2.113783231711778114e+02 5.605855299008095649e+00 4.712496442780330502e-02 -1.297944951187592721e+01
2.049000000000000000e+03 2.111285711163453698e+02 5.571112129953522896e+00 4.708609617359923311e-02 -1.285837102289811185e+01
2.050000000000000000e+03 2.108721169099764836e+02 5.536942870950372964e+00 4.704717283154113971e-02 -1.273643475783825174e+01
2.051000000000000000e+03 2.106082765163803856e+02 5.503340557194969840e+00 4.700819231376932722e-02 -1.261376826915440041e+01
2.052000000000000000e+03 2.103378391250740549e+02 5.470313307194372143e+00 4.696915257546487726e-02 -1.249034280018119070e+01
2.053000000000000000e+03 2.100601039146794733e+02 5.437876823314788943e+00 4.693005161661451680e-02 -1.236620185949344197e+01
2.054000000000000000e+03 2.097751112534409401e+02 5.406024655375730958e+00 4.689088748358460207e-02 -1.224146313543173292e+01
2.055000000000000000e+03 2.094828998557639750e+02 5.374765343414104279e+00 4.685165827083525442e-02 -1.211602137195216145e+01
2.056000000000000000e+03 2.091842496095964066e+02 5.344100133585714119e+00 4.681236212255070195e-02 -1.199006836300199907e+01
2.057000000000000000e+03 2.088777102295442774e+02 5.314045264107397415e+00 4.677299723424618860e-02 -1.186349869435263571e+01
2.058000000000000000e+03 2.085648010961838565e+02 5.284594824336076968e+00 4.673356185428589188e-02 -1.173650402146357052e+01
2.059000000000000000e+03 2.082440685709805734e+02 5.255750468938721554e+00 4.669405428543911551e-02 -1.160905309479597136e+01
2.060000000000000000e+03 2.079170286726460120e+02 5.227528846950224128e+00 4.665447288629671896e-02 -1.148111462013512529e+01
2.061000000000000000e+03 2.075822243941838110e+02 5.199924460668281512e+00 4.661481607267714544e-02 -1.135288011889284654e+01
2.062000000000000000e+03 2.072411683814733294e+02 5.172946807989290186e+00 4.657508231892328043e-02 -1.122424395336152259e+01
2.063000000000000000e+03 2.068924002526326262e+02 5.146590669530549889e+00 4.653527015909721121e-02 -1.109539760447871792e+01
2.064000000000000000e+03 2.065366864439734229e+02 5.120873250843229307e+00 4.649537818817448681e-02 -1.096630969702414760e+01
2.065000000000000000e+03 2.061747917069561140e+02 5.095782184361143052e+00 4.645540506303790645e-02 -1.083694885980785827e+01
2.066000000000000000e+03 2.058052506064203442e+02 5.071327528191801548e+00 4.641534950345317656e-02 -1.070750658582156589e+01
2.067000000000000000e+03 2.054288245353376396e+02 5.047512052993826437e+00 4.637521029291066105e-02 -1.057787725732481832e+01
2.068000000000000000e+03 2.050462732156521781e+02 5.024331242194691960e+00 4.633498627933825553e-02 -1.044825242342515814e+01
2.069000000000000000e+03 2.046561262004427704e+02 5.001788148848490323e+00 4.629467637577473760e-02 -1.031852654157169447e+01
2.070000000000000000e+03 2.042598827276605391e+02 4.979893395733228978e+00 4.625427956083175834e-02 -1.018881697153643096e+01
2.071000000000000000e+03 2.038568118848402833e+02 4.958635461987315196e+00 4.621379487913628709e-02 -1.005916685081507467e+01
2.072000000000000000e+03 2.034461811253768815e+02 4.938017824839068481e+00 4.617322144157292446e-02 -9.929619387484384774e+00
2.073000000000000000e+03 2.030294847861045469e+02 4.918036674475263048e+00 4.613255842550244984e-02 -9.800217869497899414e+00
2.074000000000000000e+03 2.026059870909336951e+02 4.898703198952826909e+00 4.609180507479770234e-02 -9.670931390416933837e+00
2.075000000000000000e+03 2.021764363410227645e+02 4.880013870600885539e+00 4.605096069977426126e-02 -9.541877709086293180e+00
2.076000000000000000e+03 2.017393507559299621e+02 4.861957874116636269e+00 4.601002467702633436e-02 -9.413026124724247268e+00
2.077000000000000000e+03 2.012962183362618021e+02 4.844546819655120906e+00 4.596899644917690902e-02 -9.284494619961094486e+00
2.078000000000000000e+03 2.008462970371296876e+02 4.827770172360335899e+00 4.592787552443860360e-02 -9.156327019285861013e+00
2.079000000000000000e+03 2.003903289630232507e+02 4.811639822043550119e+00 4.588666147618561397e-02 -9.028492997923112995e+00
2.080000000000000000e+03 1.999283118835531923e+02 4.796138084253426470e+00 4.584535394233987815e-02 -8.901110941136780141e+00
2.081000000000000000e+03 1.994602420903153757e+02 4.781277126545475653e+00 4.580395262466908229e-02 -8.774150818933048157e+00
2.082000000000000000e+03 1.989861144196979126e+02 4.767054397794138865e+00 4.576245728808905205e-02 -8.647731328696815822e+00
2.083000000000000000e+03 1.985059222766014102e+02 4.753460055903683923e+00 4.572086775973548123e-02 -8.521897053221103135e+00
2.084000000000000000e+03 1.980196576590157065e+02 4.740506680517262872e+00 4.567918392808509309e-02 -8.396618469151409414e+00
2.085000000000000000e+03 1.975287968534426284e+02 4.728169845471281718e+00 4.563740574195335187e-02 -8.272014805842122342e+00
2.086000000000000000e+03 1.970311006158307805e+02 4.716462401503186186e+00 4.559553320941862886e-02 -8.148056919596822212e+00
2.087000000000000000e+03 1.965280425486095623e+02 4.705375048604356181e+00 4.555356639670622015e-02 -8.024790152324554171e+00
2.088000000000000000e+03 1.960203521179359427e+02 4.694898620176017445e+00 4.551150542703714247e-02 -7.902260056081535922e+00
2.089000000000000000e+03 1.955065290115915388e+02 4.685038938785925033e+00 4.546935047940887931e-02 -7.780512401007759316e+00
2.090000000000000000e+03 1.949873001775673060e+02 4.675787101775238597e+00 4.542710178732821402e-02 -7.659593183153140750e+00
2.091000000000000000e+03 1.944626485128248135e+02 4.667141765269424702e+00 4.538475963757657161e-02 -7.539474348687559058e+00
2.092000000000000000e+03 1.939325557275477934e+02 4.659094286391077588e+00 4.534232436886652395e-02 -7.420276652004483608e+00
2.093000000000000000e+03 1.933977452096995648e+02 4.651636150477086673e+00 4.529979637057996583e-02 -7.302046812690182520e+00
2.094000000000000000e+03 1.928581963847535121e+02 4.644766398250290251e+00 4.525717608141507919e-02 -7.184683239375537767e+00
2.095000000000000000e+03 1.923131447456649994e+02 4.638484196245654445e+00 4.521446398807033029e-02 -7.068381737980212520e+00
2.096000000000000000e+03 1.917640532230808503e+02 4.632773978841908225e+00 4.517166062394698672e-02 -6.953115534296246736e+00
2.097000000000000000e+03 1.912101552053851492e+02 4.627635160351067256e+00 4.512876656784134410e-02 -6.838887844866773591e+00
2.098000000000000000e+03 1.906514259090311327e+02 4.623067276963465311e+00 4.508578244266379931e-02 -6.725776453923978160e+00
2.099000000000000000e+03 1.900885824087641538e+02 4.619047700300209058e+00 4.504270891416993494e-02 -6.613800009784744915e+00
2.100000000000000000e+03 1.895208551627164582e+02 4.615583634426372761e+00 4.499954668975381794e-02 -6.502984886564019185e+00
2.101000000000000000e+03 1.889489532157858491e+02 4.612667983314616471e+00 4.495629651721873288e-02 -6.393364648810273110e+00
2.102000000000000000e+03 1.883728172241134189e+02 4.610280666459168231e+00 4.491295918366550177e-02 -6.284971004079133117e+00
2.103000000000000000e+03 1.877923808202847056e+02 4.608431870283268061e+00 4.486953551435578225e-02 -6.177828006062632049e+00
2.104000000000000000e+03 1.872075768097163575e+02 4.607117037393764214e+00 4.482602637163674714e-02 -6.071974887402762810e+00
2.105000000000000000e+03 1.866190800350477446e+02 4.606324293293479144e+00 4.478243265394459688e-02 -5.967428923767777782e+00
2.106000000000000000e+03 1.860260789001889918e+02 4.606041873055561453e+00 4.473875529483597319e-02 -5.864207724576496972e+00
2.107000000000000000e+03 1.854299895743033915e+02 4.606280404660891392e+00 4.469499526207087320e-02 -5.762351523566675127e+00
2.108000000000000000e+03 1.848292561752095935e+02 4.607020908796128467e+00 4.465115355676813752e-02 -5.661878614052883840e+00
2.109000000000000000e+03 1.842260363128877145e+02 4.608259367168783704e+00 4.460723121261270935e-02 -5.562822495877032480e+00
2.110000000000000000e+03 1.836187727672070196e+02 4.609991863984664207e+00 4.456322929511341568e-02 -5.465194738694156840e+00
2.111000000000000000e+03 1.830088790308167574e+02 4.612214584090784442e+00 4.451914890094359895e-02 -5.369029556947146453e+00
2.112000000000000000e+03 1.823955394913209034e+02 4.614916382733696310e+00 4.447499115726284702e-02 -5.274354101173165610e+00
2.113000000000000000e+03 1.817794236334376592e+02 4.618093640334672401e+00 4.443075722124026350e-02 -5.181166177493162550e+00
2.114000000000000000e+03 1.811597147256189828e+02 4.621735403830911970e+00 4.438644827949088378e-02 -5.089508535485709473e+00
2.115000000000000000e+03 1.805378240215854078e+02 4.625830813034923494e+00 4.434206554763639452e-02 -4.999379732185106562e+00
2.116000000000000000e+03 1.799129337762836371e+02 4.630376526962153072e+00 4.429761026990004791e-02 -4.910808419613541531e+00
2.117000000000000000e+03 1.792857114468250188e+02 4.635369293426933268e+00 4.425308371878667463e-02 -4.823808778536387898e+00
2.118000000000000000e+03 1.786553383779178148e+02 4.640791090257780027e+00 4.420848719477980804e-02 -4.738410235546295368e+00
2.119000000000000000e+03 1.780232240022555459e+02 4.646638836584542354e+00 4.416382202603617163e-02 -4.654620324820113453e+00
2.120000000000000000e+03 1.773878060203522864e+02 4.652902105644685982e+00 4.411908956825846134e-02 -4.572446976502273941e+00
2.121000000000000000e+03 1.767512359405414770e+02 4.659577979312810037e+00 4.407429120441213460e-02 -4.491913376561421423e+00
2.122000000000000000e+03 1.761119507532808086e+02 4.666648760851286326e+00 4.402942834467737238e-02 -4.413028256368447977e+00
2.123000000000000000e+03 1.754706156357087536e+02 4.674119114436407152e+00 4.398450242630423668e-02 -4.335808180548880841e+00
2.124000000000000000e+03 1.748286383057712783e+02 4.681964064455767627e+00 4.393951491347274085e-02 -4.260270121255856246e+00
2.125000000000000000e+03 1.741837120360910660e+02 4.690180991684085754e+00 4.389446729730691471e-02 -4.186424032265109396e+00
2.126000000000000000e+03 1.735379868631256102e+02 4.698767345932649775e+00 4.384936109575005014e-02 -4.114280279591616463e+00
2.127000000000000000e+03 1.728906412606855554e+02 4.707705787025764366e+00 4.380419785356032963e-02 -4.043857071927633662e+00
2.128000000000000000e+03 1.722423391737614509e+02 4.716986467506333547e+00 4.375897914226085927e-02 -3.975158177500916601e+00
2.129000000000000000e+03 1.715930015370553861e+02 4.726599601919200921e+00 4.371370656010572370e-02 -3.908187782505533558e+00
2.130000000000000000e+03 1.709418062985405982e+02 4.736535464424559194e+00 4.366838173202987339e-02 -3.842972777704365406e+00
2.131000000000000000e+03 1.702901597830947935e+02 4.746784386392127075e+00 4.362300630961415265e-02 -3.779518189701041031e+00
2.132000000000000000e+03 1.696372397058800914e+02 4.757344182327500448e+00 4.357758197099661363e-02 -3.717836895536437591e+00
2.133000000000000000e+03 1.689837093710138447e+02 4.768190434030139535e+00 4.353211042082100191e-02 -3.657919910305558187e+00
2.134000000000000000e+03 1.683294891900771404e+02 4.779328486588226177e+00 4.348659339010046282e-02 -3.599780958099814132e+00
2.135000000000000000e+03 1.676752423758038901e+02 4.790734019104921693e+00 4.344103263608112969e-02 -3.543426759270285942e+00
2.136000000000000000e+03 1.670208892957444675e+02 4.802397612314455166e+00 4.339542994211020854e-02 -3.488849602565790242e+00
2.137000000000000000e+03 1.663656074960713624e+02 4.814317317734031931e+00 4.334978711739470580e-02 -3.436057058846974765e+00
2.138000000000000000e+03 1.657108030655918185e+02 4.826483798454178853e+00 4.330410599677562283e-02 -3.385049696174151190e+00
2.139000000000000000e+03 1.650563964846580518e+02 4.838872898269300116e+00 4.325838844043734116e-02 -3.335835936472692165e+00
2.140000000000000000e+03 1.644023083193875721e+02 4.851490209251139163e+00 4.321263633358865541e-02 -3.288417198624679294e+00
2.141000000000000000e+03 1.637484592459808255e+02 4.864311642411246694e+00 4.316685158603933425e-02 -3.242787898089029675e+00
2.142000000000000000e+03 1.630955129102203500e+02 4.877335423610802856e+00 4.312103613180089112e-02 -3.198942874701069083e+00
2.143000000000000000e+03 1.624426474470357675e+02 4.890537520912261904e+00 4.307519192855940871e-02 -3.156892248652291233e+00
2.144000000000000000e+03 1.617912696804403367e+02 4.903923640480432056e+00 4.302932095715993055e-02 -3.116626506354740478e+00
2.145000000000000000e+03 1.611405581383693004e+02 4.917469797227417949e+00 4.298342522099125179e-02 -3.078152898299881812e+00
2.146000000000000000e+03 1.604904344179479665e+02 4.931159454009711673e+00 4.293750674527309352e-02 -3.041468695773768438e+00
2.147000000000000000e+03 1.598415632108394959e+02 4.944998375774609656e+00 4.289156757635968764e-02 -3.006569360652978862e+00
2.148000000000000000e+03 1.591938666587227544e+02 4.958962628555910079e+00 4.284560978092613603e-02 -2.973447801015939529e+00
2.149000000000000000e+03 1.585480100490457289e+02 4.973043147025538069e+00 4.279963544515819063e-02 -2.942098083601539127e+00
2.150000000000000000e+03 1.579031733358251586e+02 4.987230875247351314e+00 4.275364667376303773e-02 -2.912515431930688070e+00
2.151000000000000000e+03 1.572600187917964263e+02 5.001509747661169847e+00 4.270764558902492847e-02 -2.884695759926545922e+00
2.152000000000000000e+03 1.566184513875658126e+02 5.015872778873736948e+00 4.266163432974671987e-02 -2.858638733702933532e+00
2.153000000000000000e+03 1.559791156299606030e+02 5.030305968807939010e+00 4.261561505016262658e-02 -2.834344705222864746e+00
2.154000000000000000e+03 1.553411707974069316e+02 5.044802745011662815e+00 4.256958991877145271e-02 -2.811808488613158019e+00
2.155000000000000000e+03 1.547060051416318345e+02 5.059363960151252115e+00 4.252356111709997000e-02 -2.791022403121815376e+00
2.156000000000000000e+03 1.540720360691611006e+02 5.073960747765188017e+00 4.247753083846698280e-02 -2.771979315922125764e+00
2.157000000000000000e+03 1.534406528482671206e+02 5.088601374934051513e+00 4.243150128661185572e-02 -2.754673010559117063e+00
2.158000000000000000e+03 1.528117596256197999e+02 5.103271813009990332e+00 4.238547467437375066e-02 -2.739097292426299290e+00
2.159000000000000000e+03 1.521845182881416747e+02 5.117965448564281594e+00 4.233945322223092722e-02 -2.725246728330829704e+00
2.160000000000000000e+03 1.515603198299411076e+02 5.132660795899100847e+00 4.229343915690359640e-02 -2.713114340288511173e+00
2.161000000000000000e+03 1.509383273689698512e+02 5.147358636378597474e+00 4.224743470979494542e-02 -2.702691527678527716e+00
2.162000000000000000e+03 1.503191903489010315e+02 5.162052302625767197e+00 4.220144211551542929e-02 -2.693965835033309109e+00
2.163000000000000000e+03 1.497028160607203233e+02 5.176727676139610601e+00 4.215546361031716899e-02 -2.686928896526674215e+00
2.164000000000000000e+03 1.490891125042969065e+02 5.191370613282717983e+00 4.210950143047892391e-02 -2.681569746472279636e+00
2.165000000000000000e+03 1.484779884147744156e+02 5.205974371289856073e+00 4.206355781079696571e-02 -2.677879272209542361e+00
2.166000000000000000e+03 1.478700961237956619e+02 5.220532177598231627e+00 4.201763498287651444e-02 -2.675848724173583104e+00
2.167000000000000000e+03 1.472653459154228131e+02 5.235029799200460410e+00 4.197173517361327960e-02 -2.675465997326248679e+00
2.168000000000000000e+03 1.466636488868647916e+02 5.249467825422386547e+00 4.192586060351892463e-02 -2.676712655290309328e+00
2.169000000000000000e+03 1.460649169738710214e+02 5.263824523923338994e+00 4.188001348512442740e-02 -2.679566154199223948e+00
2.170000000000000000e+03 1.454698058108013754e+02 5.278107836924698759e+00 4.183419602135714926e-02 -2.684005780594550306e+00
2.171000000000000000e+03 1.448774862502055498e+02 5.292295952210657184e+00 4.178841040398885431e-02 -2.690011160847967098e+00
2.172000000000000000e+03 1.442893585621689283e+02 5.306396727759732812e+00 4.174265881202516432e-02 -2.697560027625265366e+00
2.173000000000000000e+03 1.437045954479088437e+02 5.320388262799587764e+00 4.169694341018057721e-02 -2.706634157415193531e+00
2.174000000000000000e+03 1.431238562381272459e+02 5.334270894143593900e+00 4.165126634736152772e-02 -2.717211936909785130e+00
2.175000000000000000e+03 1.425470584106031424e+02 5.348030052352937602e+00 4.160562975520933765e-02 -2.729275043134546053e+00
2.176000000000000000e+03 1.419741204472822176e+02 5.361658544729909437e+00 4.156003574663073852e-02 -2.742803238105317565e+00
2.177000000000000000e+03 1.414049618556967971e+02 5.375156553290089789e+00 4.151448641441189691e-02 -2.757778077395065974e+00
2.178000000000000000e+03 1.408395031897006788e+02 5.388501919363689829e+00 4.146898382988838810e-02 -2.774180675912948590e+00
2.179000000000000000e+03 1.402784089045034648e+02 5.401694711730060661e+00 4.142353004167793895e-02 -2.791993187753466277e+00
2.180000000000000000e+03 1.397216017058660498e+02 5.414720082930576162e+00 4.137812707444898236e-02 -2.811196571768698860e+00
2.181000000000000000e+03 1.391682625685446340e+02 5.427570552415092564e+00 4.133277692774076778e-02 -2.831772294066811746e+00
2.182000000000000000e+03 1.386198020939986577e+02 5.440238576319310404e+00 4.128748157490796933e-02 -2.853694744976810416e+00
2.183000000000000000e+03 1.380754035169781844e+02 5.452723973975050598e+00 4.124224296208538892e-02 -2.876937472651403205e+00
2.184000000000000000e+03 1.375357368964854459e+02 5.465011641052266889e+00 4.119706300723324777e-02 -2.901474068167761100e+00
2.185000000000000000e+03 1.369999877905808034e+02 5.477093832835634224e+00 4.115194359929089801e-02 -2.927278901974234238e+00
2.186000000000000000e+03 1.364688286104331212e+02 5.488970162483862048e+00 4.110688659738766931e-02 -2.954325037480189042e+00
2.187000000000000000e+03 1.359429329632404517e+02 5.500625314272065580e+00 4.106189383013016808e-02 -2.982588087245458652e+00
2.188000000000000000e+03 1.354207471591261083e+02 5.512058755320020431e+00 4.101696709496420457e-02 -3.012042937876328708e+00
2.189000000000000000e+03 1.349036900672685135e+02 5.523255020552850780e+00 4.097210815765618686e-02 -3.042662480501912015e+00
2.190000000000000000e+03 1.343916961156761829e+02 5.534220852848749317e+00 4.092731875183489021e-02 -3.074420575339703809e+00
2.191000000000000000e+03 1.338839581350983394e+02 5.544925774668548080e+00 4.088260057861573676e-02 -3.107293530523555614e+00
2.192000000000000000e+03 1.333811558719391428e+02 5.555383798375493676e+00 4.083795530627398057e-02 -3.141253409682596143e+00
2.193000000000000000e+03 1.328832274899750985e+02 5.565571712885124533e+00 4.079338457009203806e-02 -3.176276196160099818e+00
2.194000000000000000e+03 1.323893695761003073e+02 5.575488509006070181e+00 4.074888997218051312e-02 -3.212337328979818274e+00
2.195000000000000000e+03 1.319010084851317401e+02 5.585125664614114527e+00 4.070447308144150428e-02 -3.249409467263768114e+00
2.196000000000000000e+03 1.314180861683586556e+02 5.594474571614213687e+00 4.066013543359164872e-02 -3.287460254599847254e+00
2.197000000000000000e+03 1.309398030112252798e+02 5.603533962939503787e+00 4.061587853126370773e-02 -3.326458997383030969e+00
2.198000000000000000e+03 1.304661035050389444e+02 5.612295054536899919e+00 4.057170384415522552e-02 -3.366364029402526992e+00
2.199000000000000000e+03 1.299976762476515546e+02 5.620756400791370844e+00 4.052761280923537074e-02 -3.407153903655701033e+00
2.200000000000000000e+03 1.295344682731391117e+02 5.628909036587186776e+00 4.048360683104578611e-02 -3.448788757633150404e+00
2.201000000000000000e+03 1.290764291388703953e+02 5.636751378099515541e+00 4.043968728206238233e-02 -3.491245183627108783e+00
2.202000000000000000e+03 1.286235146831336351e+02 5.644274500805847694e+00 4.039585550305473810e-02 -3.534483429800546084e+00
2.203000000000000000e+03 1.281756832624951983e+02 5.651476859191283175e+00 4.035211280352617169e-02 -3.578495041080047123e+00
2.204000000000000000e+03 1.277336373298433756e+02 5.658349383674316613e+00 4.030846046217630152e-02 -3.623249403239924948e+00
2.205000000000000000e+03 1.272965949247982707e+02 5.664890336264392090e+00 4.026489972743915041e-02 -3.668723448878476567e+00
2.206000000000000000e+03 1.268645181735491718e+02 5.671097881208980063e+00 4.022143181794973071e-02 -3.714909078327133685e+00
2.207000000000000000e+03 1.264381132829416714e+02 5.676955227330823028e+00 4.017805792315751190e-02 -3.761776010445237350e+00
2.208000000000000000e+03 1.260166020288652931e+02 5.682460340507700103e+00 4.013477920385328385e-02 -3.809301488557106818e+00
2.209000000000000000e+03 1.256006930892445723e+02 5.687611086091956203e+00 4.009159679275119126e-02 -3.857462844631373677e+00
2.210000000000000000e+03 1.251903535313371805e+02 5.692405228072257017e+00 4.004851179502925962e-02 -3.906237491806886286e+00
2.211000000000000000e+03 1.247848088036442959e+02 5.696840428277334389e+00 4.000552528894169707e-02 -3.955595488568132367e+00
2.212000000000000000e+03 1.243847712324895269e+02 5.700914245622274557e+00 3.996263832631283264e-02 -4.005514387973755142e+00
2.213000000000000000e+03 1.239902115080972180e+02 5.704609278697057029e+00 3.991985193307995977e-02 -4.055956945139594261e+00
2.214000000000000000e+03 1.236011015104766528e+02 5.707945163550491863e+00 3.987716710984345880e-02 -4.106908251532138010e+00
2.215000000000000000e+03 1.232166714650182229e+02 5.710904289563567993e+00 3.983458483224541768e-02 -4.158338585770833262e+00
2.216000000000000000e+03 1.228383812730309472e+02 5.713483797320795254e+00 3.979210605145779706e-02 -4.210210834546166403e+00
2.217000000000000000e+03 1.224654634919002092e+02 5.715688149723800571e+00 3.974973169457682309e-02 -4.262510198605447442e+00
2.218000000000000000e+03 1.220978946654177975e+02 5.717514274799245122e+00 3.970746266493763860e-02 -4.315199615255830956e+00
2.219000000000000000e+03 1.217349096439335199e+02 5.718958993602305085e+00 3.966529984237630174e-02 -4.368256892742542696e+00
2.220000000000000000e+03 1.213779729146757518e+02 5.720026448165216770e+00 3.962324408349722493e-02 -4.421659846200386212e+00
2.221000000000000000e+03 1.210263215818850000e+02 5.720705816090260853e+00 3.958129622179801244e-02 -4.475378861983106304e+00
2.222000000000000000e+03 1.206799366973013150e+02 5.721001023640035044e+00 3.953945706781077096e-02 -4.529376890373367104e+00
2.223000000000000000e+03 1.203395432506928273e+02 5.720915888772129421e+00 3.949772740908951557e-02 -4.583639151726255356e+00
2.224000000000000000e+03 1.200036388204578799e+02 5.720439264219747244e+00 3.945610801018738234e-02 -4.638128559145644481e+00
2.225000000000000000e+03 1.196736934097055070e+02 5.719567322369762508e+00 3.941459961254536321e-02 -4.692830281401136894e+00
2.226000000000000000e+03 1.193482067571872989e+02 5.718310983486544430e+00 3.937320293431011142e-02 -4.747707165681986474e+00
2.227000000000000000e+03 1.190286510088755989e+02 5.716651345530449291e+00 3.933191867006682885e-02 -4.802736872246375910e+00
2.228000000000000000e+03 1.187142708644269646e+02 5.714599110926195102e+00 3.929074749053055454e-02 -4.857897010663450921e+00
2.229000000000000000e+03 1.184043120741649631e+02 5.712150016474272007e+00 3.924969004209832163e-02 -4.913150276102634884e+00
2.230000000000000000e+03 1.181002499363359277e+02 5.709299690110690051e+00 3.920874694644576469e-02 -4.968474155773690448e+00
2.231000000000000000e+03 1.178013322794105022e+02 5.706051079363003709e+00 3.916791879991220887e-02 -5.023838636966766025e+00
2.232000000000000000e+03 1.175075507948993163e+02 5.702407023152002097e+00 3.912720617295814551e-02 -5.079221056897520903e+00
2.233000000000000000e+03 1.172181553602695061e+02 5.698362823639645747e+00 3.908660960949158353e-02 -5.134591239207478175e+00
2.234000000000000000e+03 1.169346253722440139e+02 5.693935959874277586e+00 3.904612962610682497e-02 -5.189918915573346503e+00
2.235000000000000000e+03 1.166554698950356084e+02 5.689114089628765747e+00 3.900576671136980755e-02 -5.245173719026793080e+00
2.236000000000000000e+03 1.163821703341360632e+02 5.683914476538053151e+00 3.896552132494345011e-02 -5.300325177336947746e+00
2.237000000000000000e+03 1.161132377498532264e+02 5.678324563677822567e+00 3.892539389679912365e-02 -5.355357563158358758e+00
2.238000000000000000e+03 1.158494126963314841e+02 5.672361400792167885e+00 3.888538482626503756e-02 -5.410232745794403719e+00
2.239000000000000000e+03 1.155899510403384767e+02 5.666004789611498893e+00 3.884549448112183112e-02 -5.464927326532460050e+00
2.240000000000000000e+03 1.153363381303212947e+02 5.659278996219496705e+00 3.880572319671649062e-02 -5.519425203949190006e+00
2.241000000000000000e+03 1.150863461101063479e+02 5.652163611408118626e+00 3.876607127493975069e-02 -5.573687854238672301e+00
2.242000000000000000e+03 1.148414622629642139e+02 5.644667834781113669e+00 3.872653898332683448e-02 -5.627698895118936839e+00
2.243000000000000000e+03 1.146016891601076679e+02 5.636800761996763498e+00 3.868712655409856788e-02 -5.681419509613500729e+00
2.244000000000000000e+03 1.143662874891888208e+02 5.628549100402916672e+00 3.864783418320882902e-02 -5.734840438466298096e+00
2.245000000000000000e+03 1.141352617175593167e+02 5.619914311515485927e+00 3.860866202944239489e-02 -5.787922547385285554e+00
2.246000000000000000e+03 1.139086172501313143e+02 5.610912611786509352e+00 3.856961021354966823e-02 -5.840656247974383319e+00
2.247000000000000000e+03 1.136863604218762305e+02 5.601545260011406846e+00 3.853067881737860800e-02 -5.893002065148144730e+00
2.248000000000000000e+03 1.134684984898721893e+02 5.591805986526968475e+00 3.849186788307659007e-02 -5.944935201538684488e+00
2.249000000000000000e+03 1.132550396248386306e+02 5.581703279148551466e+00 3.845317741237045533e-02 -5.996445531891900771e+00
2.250000000000000000e+03 1.130459929020940990e+02 5.571238099043850589e+00 3.841460736584577373e-02 -6.047493027455172587e+00
2.251000000000000000e+03 1.128413725458121490e+02 5.560418443796175225e+00 3.837615766237494064e-02 -6.098060333381237541e+00
2.252000000000000000e+03 1.126404678454246238e+02 5.549236179555104620e+00 3.833782817855285741e-02 -6.148124803112080983e+00
2.253000000000000000e+03 1.124433160527472779e+02 5.537697639268119865e+00 3.829961874825225238e-02 -6.197664168406353369e+00
2.254000000000000000e+03 1.122506981161200059e+02 5.525809061647673381e+00 3.826152916228384854e-02 -6.246670806553922262e+00
2.255000000000000000e+03 1.120611673275293896e+02 5.513554307223132334e+00 3.822355916809062198e-02 -6.295114593609752340e+00
2.256000000000000000e+03 1.118762491541105391e+02 5.500946857928271427e+00 3.818570846964357973e-02 -6.342987469585613880e+00
2.257000000000000000e+03 1.116952413783637752e+02 5.487985248167961849e+00 3.814797672728553746e-02 -6.390258863545921209e+00
2.258000000000000000e+03 1.115181854226775044e+02 5.474667922718062130e+00 3.811036355791739411e-02 -6.436920259015654899e+00
2.259000000000000000e+03 1.113443806627031165e+02 5.461000666305894313e+00 3.807286853502992591e-02 -6.482948047646291734e+00
2.260000000000000000e+03 1.111746129148353788e+02 5.446989176519724474e+00 3.803549118905693444e-02 -6.528325809796450940e+00
2.261000000000000000e+03 1.110089259125072232e+02 5.432631636747168535e+00 3.799823100774361168e-02 -6.573036881825915501e+00
2.262000000000000000e+03 1.108466212865145337e+02 5.417948430892836065e+00 3.796108743664409341e-02 -6.617071780206250864e+00
2.263000000000000000e+03 1.106870013793195540e+02 5.402945002970799493e+00 3.792405987977095355e-02 -6.660405912348230650e+00
2.264000000000000000e+03 1.105315977283622999e+02 5.387611858474668836e+00 3.788714770029380507e-02 -6.703021857649961390e+00
2.265000000000000000e+03 1.103797140331174802e+02 5.371969135874525847e+00 3.785035022142372446e-02 -6.744901935264921100e+00
2.266000000000000000e+03 1.102313974713919151e+02 5.356007181235018066e+00 3.781366672735997359e-02 -6.786072770444019575e+00
2.267000000000000000e+03 1.100859530044888572e+02 5.339745976461241384e+00 3.777709646435564034e-02 -6.826427010493678615e+00
2.268000000000000000e+03 1.099434290215234569e+02 5.323175713963614442e+00 3.774063864188400425e-02 -6.866020455275049450e+00
2.269000000000000000e+03 1.098046173127816871e+02 5.306308796598710131e+00 3.770429243390075597e-02 -6.904797204859879578e+00
2.270000000000000000e+03 1.096688245371444310e+02 5.289150125778811606e+00 3.766805698016557902e-02 -6.942849648531869811e+00
2.271000000000000000e+03 1.095361006988582773e+02 5.271689674652781932e+00 3.763193138775023511e-02 -6.980047044145012869e+00
2.272000000000000000e+03 1.094064962834634969e+02 5.253939631408570676e+00 3.759591473245630505e-02 -7.016406932636205518e+00
2.273000000000000000e+03 1.092800622280715857e+02 5.235912115792766386e+00 3.756000606045524493e-02 -7.051946568150682104e+00
2.274000000000000000e+03 1.091561070560161966e+02 5.217596895648782152e+00 3.752420438990088786e-02 -7.086608631800774383e+00
2.275000000000000000e+03 1.090346825160546160e+02 5.199020815325600786e+00 3.748850871262299905e-02 -7.120409796064013364e+00
2.276000000000000000e+03 1.089165835510779772e+02 5.180180942149485546e+00 3.745291799582056713e-02 -7.153366438805941918e+00
2.277000000000000000e+03 1.088003769263668232e+02 5.161074281465453772e+00 3.741743118382950817e-02 -7.185420357435789107e+00
2.278000000000000000e+03 1.086868582078322305e+02 5.141727491694642715e+00 3.738204719991147090e-02 -7.216587333703055940e+00
2.279000000000000000e+03 1.085760803898351270e+02 5.122130030853758953e+00 3.734676494803174790e-02 -7.246882848120110410e+00
2.280000000000000000e+03 1.084680966980537278e+02 5.102293585043499391e+00 3.731158331462010314e-02 -7.276247794518763357e+00
2.281000000000000000e+03 1.083622177223208780e+02 5.082214928397872811e+00 3.727650117031597321e-02 -7.304622761745962478e+00
2.282000000000000000e+03 1.082584970546525085e+02 5.061913066549504236e+00 3.724151737175786930e-02 -7.332096598996243664e+00
2.283000000000000000e+03 1.081562455873891793e+02 5.041384668255306956e+00 3.720663076326643365e-02 -7.358683563765827884e+00
2.284000000000000000e+03 1.080570028217968712e+02 5.020633780537123947e+00 3.717184017850107963e-02 -7.384249036945991662e+00
2.285000000000000000e+03 1.079593369917963059e+02 4.999664402083060288e+00 3.713714444207288912e-02 -7.408880939065427107e+00
2.286000000000000000e+03 1.078640448785372854e+02 4.978487913360776673e+00 3.710254237110614806e-02 -7.432518311641439723e+00
2.287000000000000000e+03 1.077704376052573139e+02 4.957115650041230559e+00 3.706803277669562524e-02 -7.455248450187238696e+00
2.288000000000000000e+03 1.076785691130094307e+02 4.935536619732365793e+00 3.703361446530260837e-02 -7.476935485829909744e+00
2.289000000000000000e+03 1.075884932970396477e+02 4.913784358925741280e+00 3.699928624004994449e-02 -7.497666085588718055e+00
2.290000000000000000e+03 1.075002639790144201e+02 4.891847794597322441e+00 3.696504690197610632e-02 -7.517378034258185515e+00
2.291000000000000000e+03 1.074131920451175262e+02 4.869745529522846894e+00 3.693089525106046933e-02 -7.536157367945453878e+00
2.292000000000000000e+03 1.073280739252049329e+02 4.847481273997529705e+00 3.689683008728212449e-02 -7.553941239718888312e+00
2.293000000000000000e+03 1.072442202277983654e+02 4.825073561066330896e+00 3.686285021147334834e-02 -7.570666486402274131e+00
2.294000000000000000e+03 1.071616842213169036e+02 4.802518606609409879e+00 3.682895442609424030e-02 -7.586492479001259781e+00
2.295000000000000000e+03 1.070805189763125753e+02 4.779820024586793004e+00 3.679514153589781567e-02 -7.601206854731576534e+00
2.296000000000000000e+03 1.070000345088426315e+02 4.756996257238814252e+00 3.676141034841049621e-02 -7.614968352220569336e+00
2.297000000000000000e+03 1.069210262651033077e+02 4.734043435190905313e+00 3.672775967437871131e-02 -7.627712543791301592e+00
2.298000000000000000e+03 1.068428037620656710e+02 4.710972521066365992e+00 3.669418832801896874e-02 -7.639523253405904768e+00
2.299000000000000000e+03 1.067661619094953807e+02 4.687787026301959870e+00 3.666069512719234702e-02 -7.650261139709702007e+00
2.300000000000000000e+03 1.066896668179298473e+02 4.664497869719067324e+00 3.662727889344545573e-02 -7.659935114225395303e+00
2.301000000000000000e+03 1.066141158921304566e+02 4.641100770662320407e+00 3.659393845192665529e-02 -7.668701756206032449e+00
2.302000000000000000e+03 1.065395757734947892e+02 4.617619849923540798e+00 3.656067263119716637e-02 -7.676343571188220416e+00
2.303000000000000000e+03 1.064646301944923579e+02 4.594041747524685526e+00 3.652748026294651285e-02 -7.683087868428465583e+00
2.304000000000000000e+03 1.063915767124447314e+02 4.570382803437152752e+00 3.649436018159694928e-02 -7.688715945997638634e+00
2.305000000000000000e+03 1.063182555129265410e+02 4.546651917713859348e+00 3.646131122380519285e-02 -7.693380210600553326e+00
2.306000000000000000e+03 1.062454777496796794e+02 4.522843124022918104e+00 3.642833222790294728e-02 -7.697009910966927215e+00
2.307000000000000000e+03 1.061733113600814704e+02 4.498972733282799119e+00 3.639542203322817387e-02 -7.699608273390501800e+00
2.308000000000000000e+03 1.061010810565992557e+02 4.475042193794208423e+00 3.636257947944210311e-02 -7.701178219872639730e+00
2.309000000000000000e+03 1.060288539890835295e+02 4.451052949822332572e+00 3.632980340570720473e-02 -7.701722369884111963e+00
2.310000000000000000e+03 1.059574397377207049e+02 4.427021300176831708e+00 3.629709264989843670e-02 -7.701317325744423847e+00
2.311000000000000000e+03 1.058861618015368720e+02 4.402941258337150110e+00 3.626444604775928837e-02 -7.699890824104686615e+00
2.312000000000000000e+03 1.058143432625646057e+02 4.378829124426959929e+00 3.623186243195388595e-02 -7.697370305055613926e+00
2.313000000000000000e+03 1.057427924504563350e+02 4.354678916980978975e+00 3.619934063122991902e-02 -7.693905764849441553e+00
2.314000000000000000e+03 1.056715744323253716e+02 4.330514373259824801e+00 3.616687946950739030e-02 -7.689498340712101587e+00
2.315000000000000000e+03 1.056000110079190222e+02 4.306322095954749685e+00 3.613447776496878094e-02 -7.684000313277103977e+00
2.316000000000000000e+03 1.055281663750015468e+02 4.282118410189911906e+00 3.610213432920368615e-02 -7.677560810142160186e+00
2.317000000000000000e+03 1.054561042897258147e+02 4.257912223613322666e+00 3.606984796639550739e-02 -7.670105824000145844e+00
2.318000000000000000e+03 1.053838880619972400e+02 4.233697599880200002e+00 3.603761747250999736e-02 -7.661635349402918571e+00
2.319000000000000000e+03 1.053108377156860769e+02 4.209483473878024462e+00 3.600544163455202812e-02 -7.652223385619321583e+00
2.320000000000000000e+03 1.052377584887214397e+02 4.185278796839637216e+00 3.597331922995376102e-02 -7.641869372591047593e+00
2.321000000000000000e+03 1.051639694877033264e+02 4.161085109795403802e+00 3.594124902592747001e-02 -7.630498193995056688e+00
2.322000000000000000e+03 1.050895321872994401e+02 4.136918830414128223e+00 3.590922977899036611e-02 -7.618183030913587395e+00
2.323000000000000000e+03 1.050152504240972178e+02 4.112774113028894618e+00 3.587726023457323693e-02 -7.604922514587991067e+00
2.324000000000000000e+03 1.049396990498134272e+02 4.088667420501735705e+00 3.584533912669588679e-02 -7.590715013279763390e+00
2.325000000000000000e+03 1.048636809341446252e+02 4.064600384220622864e+00 3.581346517781557742e-02 -7.575632919227429873e+00
2.326000000000000000e+03 1.047865127816736219e+02 4.040589519233047433e+00 3.578163709870210707e-02 -7.559599801687730825e+00
2.327000000000000000e+03 1.047089964632814088e+02 4.016629084210599387e+00 3.574985358853594031e-02 -7.542613261084347265e+00
2.328000000000000000e+03 1.046304476665952308e+02 3.992743081599087862e+00 3.571811333507401987e-02 -7.524819216242764064e+00
2.329000000000000000e+03 1.045516672258388695e+02 3.968918404146255963e+00 3.568641501495424528e-02 -7.506140490699484857e+00
2.330000000000000000e+03 1.044712269356347747e+02 3.945179120064968181e+00 3.565475729414399608e-02 -7.486573950621270512e+00
2.331000000000000000e+03 1.043899265492422757e+02 3.921512191171301787e+00 3.562313882851905755e-02 -7.466190508800231385e+00
2.332000000000000000e+03 1.043078224257008344e+02 3.897934329656423280e+00 3.559155826458373917e-02 -7.444912278225303659e+00
2.333000000000000000e+03 1.042249703512570704e+02 3.874440001232764441e+00 3.556001424027829816e-02 -7.422809710253333471e+00
2.334000000000000000e+03 1.041406826899147688e+02 3.851045996810794403e+00 3.552850538600382801e-02 -7.399878748342639589e+00
2.335000000000000000e+03 1.040550140382560329e+02 3.827754292299778704e+00 3.549703032568812117e-02 -7.376115115874648076e+00
2.336000000000000000e+03 1.039680183744178805e+02 3.804559478485901813e+00 3.546558767803222045e-02 -7.351588604051390696e+00
2.337000000000000000e+03 1.038804918763917442e+02 3.781485904286603361e+00 3.543417605781094826e-02 -7.326294509359328799e+00
2.338000000000000000e+03 1.037910015645240946e+02 3.758520823075810480e+00 3.540279407736648953e-02 -7.300153638109729393e+00
2.339000000000000000e+03 1.037003422936542592e+02 3.735681249287529759e+00 3.537144034811604693e-02 -7.273309445058298017e+00
2.340000000000000000e+03 1.036085653944595748e+02 3.712976818088987496e+00 3.534011348223042859e-02 -7.245756620569329343e+00
2.341000000000000000e+03 1.035149786544360637e+02 3.690402358427353313e+00 3.530881209432345375e-02 -7.217415378859410424e+00
2.342000000000000000e+03 1.034203748035748589e+02 3.667967607799575536e+00 3.527753480325827168e-02 -7.188354313308318311e+00
2.343000000000000000e+03 1.033240601545765429e+02 3.645682356892078868e+00 3.524628023399530713e-02 -7.158641834317037933e+00
2.344000000000000000e+03 1.032260830880518085e+02 3.623541594191236559e+00 3.521504701953017541e-02 -7.128271890725510040e+00
2.345000000000000000e+03 1.031264911975360974e+02 3.601562649015991102e+00 3.518383380278342076e-02 -7.097163974787412677e+00
2.346000000000000000e+03 1.030260741045766366e+02 3.579733194317248568e+00 3.515263923859090339e-02 -7.065460261206868431e+00
2.347000000000000000e+03 1.029233920988270796e+02 3.558070674700475777e+00 3.512146199565492621e-02 -7.033079911199582313e+00
2.348000000000000000e+03 1.028192331286393966e+02 3.536570309163511894e+00 3.509030075853850072e-02 -7.000090495128018730e+00
2.349000000000000000e+03 1.027128986067421863e+02 3.515242234006047628e+00 3.505915422962160161e-02 -6.966485147160621061e+00
2.350000000000000000e+03 1.026051747316216876e+02 3.494096647255707566e+00 3.502802113097238518e-02 -6.932331137484594841e+00
2.351000000000000000e+03 1.024961035866244714e+02 3.473128867647787832e+00 3.499690020626768788e-02 -6.897545976393730349e+00
2.352000000000000000e+03 1.023849819894498268e+02 3.452341364495495668e+00 3.496579022262186892e-02 -6.862265685129507631e+00
2.353000000000000000e+03 1.022718482786873295e+02 3.431751443312752947e+00 3.493468997229541573e-02 -6.826402252134497139e+00
2.354000000000000000e+03 1.021567398408138843e+02 3.411354190474172210e+00 3.490359827441362472e-02 -6.790090390063526549e+00
2.355000000000000000e+03 1.020404359305748159e+02 3.391152187580248611e+00 3.487251397647294499e-02 -6.753167556638736357e+00
2.356000000000000000e+03 1.019214863173693857e+02 3.371162940738594571e+00 3.484143595588794912e-02 -6.715768228066759882e+00
2.357000000000000000e+03 1.018014111181327053e+02 3.351374311360401759e+00 3.481036312127010895e-02 -6.677952486945284427e+00
2.358000000000000000e+03 1.016787581061500418e+02 3.331803943826999070e+00 3.477929441371077623e-02 -6.639631744198723595e+00
2.359000000000000000e+03 1.015550453816561713e+02 3.312439839519122131e+00 3.474822880786889584e-02 -6.600865878542932386e+00
2.360000000000000000e+03 1.014288186834891690e+02 3.293292356066560789e+00 3.471716531289299745e-02 -6.561566107943616721e+00
2.361000000000000000e+03 1.013008512276339701e+02 3.274357066361341051e+00 3.468610297325093461e-02 -6.521940696110883451e+00
2.362000000000000000e+03 1.011704295270313025e+02 3.255651901039998908e+00 3.465504086938497874e-02 -6.481826406464854529e+00
2.363000000000000000e+03 1.010383247282175176e+02 3.237165150729470753e+00 3.462397811819672294e-02 -6.441357059152204023e+00
2.364000000000000000e+03 1.009038212694001686e+02 3.218900036812812449e+00 3.459291387342025570e-02 -6.400443552026098715e+00
2.365000000000000000e+03 1.007676882203879529e+02 3.200867283709988520e+00 3.456184732570895951e-02 -6.359219567159649422e+00
2.366000000000000000e+03 1.006299507790085670e+02 3.183070262774953196e+00 3.453077770276551106e-02 -6.317595875327813637e+00
2.367000000000000000e+03 1.004891474392352535e+02 3.165497564509999417e+00 3.449970426914016758e-02 -6.275631759013093003e+00
2.368000000000000000e+03 1.003467870061327005e+02 3.148167569198752513e+00 3.446862632590968339e-02 -6.233312167384957192e+00
2.369000000000000000e+03 1.002028915921216168e+02 3.131076448952906599e+00 3.443754321025593867e-02 -6.190770572285924978e+00
2.370000000000000000e+03 1.000559966249738437e+02 3.114227881578945478e+00 3.440645429481849898e-02 -6.147843272684595739e+00
2.371000000000000000e+03 9.990760786749119404e+01 3.097625622660818312e+00 3.437535898699666664e-02 -6.104663668150943856e+00
2.372000000000000000e+03 9.975700158333410172e+01 3.081266077610117282e+00 3.434425672802437352e-02 -6.061216563281769609e+00
2.373000000000000000e+03 9.960493872455653275e+01 3.065153158734545524e+00 3.431314699195826129e-02 -6.017561023632006290e+00
2.374000000000000000e+03 9.944995077021907548e+01 3.049298285573594391e+00 3.428202928453148723e-02 -5.973681814114699229e+00
2.375000000000000000e+03 9.929353958654370160e+01 3.033683243450775002e+00 3.425090314196673619e-02 -5.929563687887957180e+00
2.376000000000000000e+03 9.913497759786481822e+01 3.018327038897470782e+00 3.421976812957719383e-02 -5.885265675219415904e+00
2.377000000000000000e+03 9.897353630887351983e+01 3.003226473090625070e+00 3.418862384036632646e-02 -5.840772521819142860e+00
2.378000000000000000e+03 9.881071482779688608e+01 2.988378427111525681e+00 3.415746989353299345e-02 -5.796113547755568973e+00
2.379000000000000000e+03 9.864578287517116451e+01 2.973787290472562184e+00 3.412630593291798853e-02 -5.751318082638474216e+00
2.380000000000000000e+03 9.847949497858981260e+01 2.959457532912144195e+00 3.409513162538397452e-02 -5.706400614173870345e+00
2.381000000000000000e+03 9.831037631777769548e+01 2.945378847808094225e+00 3.406394665922865550e-02 -5.661368221738990236e+00
2.382000000000000000e+03 9.813917975538993232e+01 2.931563294011833687e+00 3.403275074248150039e-02 -5.616235438275341885e+00
2.383000000000000000e+03 9.796591451788259519e+01 2.918008154149056566e+00 3.400154360130678427e-02 -5.571024255447759366e+00
2.384000000000000000e+03 9.779058905170104765e+01 2.904718219691763359e+00 3.397032497830874964e-02 -5.525741843717674406e+00
2.385000000000000000e+03 9.761395387953365343e+01 2.891683505898068773e+00 3.393909463098319229e-02 -5.480410270831739261e+00
2.386000000000000000e+03 9.743453028137791705e+01 2.878908965173401224e+00 3.390785233011234245e-02 -5.435044221821039301e+00
2.387000000000000000e+03 9.725306732567082690e+01 2.866399630299845125e+00 3.387659785826913073e-02 -5.389673289062658412e+00
2.388000000000000000e+03 9.707031338488748418e+01 2.854153185985593311e+00 3.384533100834829361e-02 -5.344312263849322342e+00
2.389000000000000000e+03 9.688553048574232207e+01 2.842174825435099361e+00 3.381405158221692520e-02 -5.298975998018800482e+00
2.390000000000000000e+03 9.669797999895750706e+01 2.830454965138108125e+00 3.378275938943999662e-02 -5.253679408840030263e+00
2.391000000000000000e+03 9.650915116342042666e+01 2.818998958080690009e+00 3.375145424611930567e-02 -5.208452340555496995e+00
2.392000000000000000e+03 9.631904692940854318e+01 2.807812236825186769e+00 3.372013597382845368e-02 -5.163309855776907042e+00
2.393000000000000000e+03 9.612618397611933574e+01 2.796885456560699978e+00 3.368880439867682347e-02 -5.118259668585315225e+00
2.394000000000000000e+03 9.593204973845119810e+01 2.786224208225740018e+00 3.365745935052364551e-02 -5.073317005933728474e+00
2.395000000000000000e+03 9.573590257749152954e+01 2.775826733149977077e+00 3.362610066230713179e-02 -5.028504612300095822e+00
2.396000000000000000e+03 9.553848597027811707e+01 2.765683922717720122e+00 3.359472816951650925e-02 -4.983837897589371124e+00
2.397000000000000000e+03 9.533905718326094814e+01 2.755809031403491094e+00 3.356334170984919679e-02 -4.939324941684409609e+00
2.398000000000000000e+03 9.513761578982787626e+01 2.746193106276419993e+00 3.353194112296810359e-02 -4.894988783994614678e+00
2.399000000000000000e+03 9.493490368161909032e+01 2.736834699978559104e+00 3.350052625044644405e-02 -4.850837714498678288e+00
2.400000000000000000e+03 9.473017657361657484e+01 2.727732441923565787e+00 3.346909693584922130e-02 -4.806894991533608774e+00
2.401000000000000000e+03 9.452342972401210375e+01 2.718885219516680607e+00 3.343765302499236702e-02 -4.763176021815254124e+00
2.402000000000000000e+03 9.431613239444385499e+01 2.710292722745296867e+00 3.340619436628259470e-02 -4.719686746931570198e+00
2.403000000000000000e+03 9.410603639423588618e+01 2.701954898545869899e+00 3.337472081131433871e-02 -4.676454978736218848e+00
2.404000000000000000e+03 9.389535006556218377e+01 2.693871768541816092e+00 3.334323221553566613e-02 -4.633478944308510705e+00
2.405000000000000000e+03 9.368256710279985100e+01 2.686050856803553266e+00 3.331172843899909974e-02 -4.590779288494450050e+00
2.406000000000000000e+03 9.346840923637294907e+01 2.678477475829912358e+00 3.328020934739598508e-02 -4.548361936180727483e+00
2.407000000000000000e+03 9.325285489537770900e+01 2.671159296005211292e+00 3.324867481305807809e-02 -4.506247809655417491e+00
2.408000000000000000e+03 9.303513920946552673e+01 2.664089203176794651e+00 3.321712471610936690e-02 -4.464435690749329666e+00
2.409000000000000000e+03 9.281672535006801183e+01 2.657267583007999701e+00 3.318555894579615362e-02 -4.422939366411298145e+00
2.410000000000000000e+03 9.259610468568267549e+01 2.650702320254314959e+00 3.315397740175030084e-02 -4.381780204111754173e+00
2.411000000000000000e+03 9.237473946196989516e+01 2.644379084612415554e+00 3.312237999551846668e-02 -4.340957442124001808e+00
2.412000000000000000e+03 9.215112012099315564e+01 2.638298471696008729e+00 3.309076665196015316e-02 -4.300485334884293742e+00
2.413000000000000000e+03 9.192670798051580050e+01 2.632468573884757745e+00 3.305913731081135121e-02 -4.260378299825417159e+00
2.414000000000000000e+03 9.170073538769618438e+01 2.626875266097493444e+00 3.302749192825448626e-02 -4.220643492484148496e+00
2.415000000000000000e+03 9.147317705795248344e+01 2.621526775043316437e+00 3.299583047849184714e-02 -4.181295666581310577e+00
2.416000000000000000e+03 9.124475007374525148e+01 2.616416536595674636e+00 3.296415295533544620e-02 -4.142342320621448692e+00
2.417000000000000000e+03 9.101468537842740147e+01 2.611545479944591186e+00 3.293245937374747467e-02 -4.103798557812173620e+00
2.418000000000000000e+03 9.078369911553637905e+01 2.606907169974054472e+00 3.290074977145922980e-02 -4.065679660850311627e+00
2.419000000000000000e+03 9.055102128827718388e+01 2.602510091367803646e+00 3.286902421034414851e-02 -4.027986238273411068e+00
2.420000000000000000e+03 9.031810993474302052e+01 2.598333077539977332e+00 3.283728277797787198e-02 -3.990733940827234427e+00
2.421000000000000000e+03 9.008345128346678621e+01 2.594392164797520106e+00 3.280552558894373610e-02 -3.953923750943970195e+00
2.422000000000000000e+03 8.984775960006794548e+01 2.590673736176254849e+00 3.277375278615927978e-02 -3.917579127284262164e+00
2.423000000000000000e+03 8.961174868450274289e+01 2.587179090509572177e+00 3.274196454201904610e-02 -3.881694008986113165e+00
2.424000000000000000e+03 8.937390336927087731e+01 2.583902156324033861e+00 3.271016105949998976e-02 -3.846284816726170952e+00
2.425000000000000000e+03 8.913567936892297894e+01 2.580851775816311200e+00 3.267834257311019036e-02 -3.811360741835595700e+00
2.426000000000000000e+03 8.889630344035620624e+01 2.578007133658171579e+00 3.264650934969134249e-02 -3.776923748723124863e+00
2.427000000000000000e+03 8.865574472959990260e+01 2.575377182685753219e+00 3.261466168914724933e-02 -3.742983433903837476e+00
2.428000000000000000e+03 8.841471477978491578e+01 2.572956072666834348e+00 3.258279992492138510e-02 -3.709549599880898718e+00
2.429000000000000000e+03 8.817318187040316957e+01 2.570745434202263535e+00 3.255092442438212164e-02 -3.676632257280682659e+00
2.430000000000000000e+03 8.793037102800454363e+01 2.568732092508392739e+00 3.251903558909303299e-02 -3.644226770189302744e+00
2.431000000000000000e+03 8.768699254339013294e+01 2.566917779634553920e+00 3.248713385476138110e-02 -3.612358428192296245e+00
2.432000000000000000e+03 8.744301348010036179e+01 2.565304276562603292e+00 3.245521969120829242e-02 -3.581023021411181340e+00
2.433000000000000000e+03 8.719840052445815104e+01 2.563878555290975303e+00 3.242329360200638111e-02 -3.550231412343123338e+00
2.434000000000000000e+03 8.695386283706565678e+01 2.562642491005111989e+00 3.239135612406560810e-02 -3.519987252447534853e+00
2.435000000000000000e+03 8.670788073061569889e+01 2.561598004132114248e+00 3.235940782693885742e-02 -3.490294412032044491e+00
2.436000000000000000e+03 8.646190553439113557e+01 2.560732202381499789e+00 3.232744931210676520e-02 -3.461164410036789985e+00
2.437000000000000000e+03 8.621515976978871265e+01 2.560039664524258907e+00 3.229548121195099236e-02 -3.432601558665647534e+00
2.438000000000000000e+03 8.596835134746683593e+01 2.559529867458885555e+00 3.226350418864860903e-02 -3.404602964615567107e+00
2.439000000000000000e+03 8.572070225053025183e+01 2.559182614813851675e+00 3.223151893291866660e-02 -3.377180815254138047e+00
2.440000000000000000e+03 8.547291989910326038e+01 2.559007462442498326e+00 3.219952616257753392e-02 -3.350340094593012630e+00
2.441000000000000000e+03 8.522496867083275163e+01 2.558991718653624847e+00 3.216752662103775778e-02 -3.324086012559872572e+00
2.442000000000000000e+03 8.497681276250283133e+01 2.559137584635323037e+00 3.213552107562848287e-02 -3.298416577467476962e+00
2.443000000000000000e+03 8.472767338250812941e+01 2.559432439717388874e+00 3.210351031581783893e-02 -3.273337453431208299e+00
2.444000000000000000e+03 8.447900011924951968e+01 2.559878553427262560e+00 3.207149515134124357e-02 -3.248854532634284809e+00
2.445000000000000000e+03 8.423075679498509771e+01 2.560478227436635112e+00 3.203947641024012388e-02 -3.224973935841612072e+00
2.446000000000000000e+03 8.398142149536040790e+01 2.561211509150631560e+00 3.200745493686186355e-02 -3.201687156112354327e+00
2.447000000000000000e+03 8.373318644453881632e+01 2.562088188793063104e+00 3.197543158971711402e-02 -3.179015629214183125e+00
2.448000000000000000e+03 8.348452968519781336e+01 2.563095799582203238e+00 3.194340723944070343e-02 -3.156943878684079774e+00
2.449000000000000000e+03 8.323541495410294999e+01 2.564229329754275089e+00 3.191138276657368156e-02 -3.135486371094764912e+00
2.450000000000000000e+03 8.298729171252121262e+01 2.565491221181301462e+00 3.187935905942776427e-02 -3.114635517618920435e+00
2.451000000000000000e+03 8.273863582604953137e+01 2.566869328181794252e+00 3.184733701194693289e-02 -3.094399121703831135e+00
2.452000000000000000e+03 8.249088525391182714e+01 2.568359936924654807e+00 3.181531752157991388e-02 -3.074771583506350936e+00
2.453000000000000000e+03 8.224250441929761735e+01 2.569967028294877665e+00 3.178330148712782410e-02 -3.055770123357643087e+00
2.454000000000000000e+03 8.199492925894494988e+01 2.571687174551557931e+00 3.175128980679104568e-02 -3.037397333640093233e+00
2.455000000000000000e+03 8.174736740636774357e+01 2.573509537932642033e+00 3.171928337613130061e-02 -3.019641178326774700e+00
2.456000000000000000e+03 8.150051239458365160e+01 2.575430725959290346e+00 3.168728308622692502e-02 -3.002512134179974979e+00
2.457000000000000000e+03 8.125431517772182133e+01 2.577454790039679366e+00 3.165528982180297601e-02 -2.986006048356213416e+00
2.458000000000000000e+03 8.100798415667060226e+01 2.579570939022321152e+00 3.162330445962131809e-02 -2.970133851073642806e+00
2.459000000000000000e+03 8.076147087363538901e+01 2.581783251202265816e+00 3.159132786684949040e-02 -2.954891841388787466e+00
2.460000000000000000e+03 8.051621287043315078e+01 2.584080959526794175e+00 3.155936089966081964e-02 -2.940276542987354080e+00
2.461000000000000000e+03 8.027141953531210561e+01 2.586468163605307513e+00 3.152740440190756471e-02 -2.926292131538443808e+00
2.462000000000000000e+03 8.002630062856889026e+01 2.588934114919917651e+00 3.149545920395391274e-02 -2.912943005263448626e+00
2.463000000000000000e+03 7.978303764172198953e+01 2.591475500490990846e+00 3.146352612170621316e-02 -2.900218927070748798e+00
2.464000000000000000e+03 7.953935546481231711e+01 2.594096441495812311e+00 3.143160595573567945e-02 -2.888124736709483997e+00
2.465000000000000000e+03 7.929669358766291509e+01 2.596786206840729694e+00 3.139969949064420202e-02 -2.876658064390237968e+00
2.466000000000000000e+03 7.905426343406772105e+01 2.599541496839733679e+00 3.136780749452264261e-02 -2.865816757726554087e+00
2.467000000000000000e+03 7.881276254969162665e+01 2.602359013497370643e+00 3.133593071859243351e-02 -2.855598880247486981e+00
2.468000000000000000e+03 7.857214610815211131e+01 2.605242887497934756e+00 3.130406989710264598e-02 -2.846002709832375022e+00
2.469000000000000000e+03 7.833236975558952508e+01 2.608174963449893635e+00 3.127222574726208626e-02 -2.837026737069162863e+00
2.470000000000000000e+03 7.809264678359704703e+01 2.611166796989832228e+00 3.124039896941790961e-02 -2.828669663537372259e+00
2.471000000000000000e+03 7.785441947571725052e+01 2.614200226639925351e+00 3.120859024741363605e-02 -2.820922971666706136e+00
2.472000000000000000e+03 7.761690210217534514e+01 2.617279370927056537e+00 3.117680024901884825e-02 -2.813785779573317214e+00
2.473000000000000000e+03 7.738005226340540332e+01 2.620400913657324526e+00 3.114502962658650953e-02 -2.807257410773391193e+00
2.474000000000000000e+03 7.714382805706156887e+01 2.623554102600325066e+00 3.111327901778904170e-02 -2.801329963825866187e+00
2.475000000000000000e+03 7.690893091376756274e+01 2.626743033233233771e+00 3.108154904656230608e-02 -2.796010595306473778e+00
2.476000000000000000e+03 7.667457709154190582e+01 2.629964362393060195e+00 3.104984032407732616e-02 -2.791284375910843440e+00
2.477000000000000000e+03 7.644146901427029661e+01 2.633207306989551633e+00 3.101815344992246704e-02 -2.787144001642361868e+00
2.478000000000000000e+03 7.620956676397976537e+01 2.636468499429142298e+00 3.098648901326137017e-02 -2.783589791532167901e+00
2.479000000000000000e+03 7.597883091230167452e+01 2.639751986349109014e+00 3.095484759419051685e-02 -2.780607400242782745e+00
2.480000000000000000e+03 7.574847968109101259e+01 2.643046942312310410e+00 3.092322976508747254e-02 -2.778204957408973108e+00
2.481000000000000000e+03 7.551996027750008977e+01 2.646357381965275923e+00 3.089163609204995803e-02 -2.776353638361618525e+00
2.482000000000000000e+03 7.529249187825838874e+01 2.649672445406321852e+00 3.086006713637329951e-02 -2.775069373443507903e+00
2.483000000000000000e+03 7.506603696378834911e+01 2.652996110368112337e+00 3.082852345603720803e-02 -2.774338561908079370e+00
2.484000000000000000e+03 7.484055847691315932e+01 2.656317477610964595e+00 3.079700560724701539e-02 -2.774147782660763895e+00
2.485000000000000000e+03 7.461676265146348896e+01 2.659633054781196382e+00 3.076551414585703206e-02 -2.774498648239846599e+00
2.486000000000000000e+03 7.439461333578914548e+01 2.662946755232105112e+00 3.073404962892134148e-02 -2.775378088636860863e+00
2.487000000000000000e+03 7.417333198642968739e+01 2.666240183457959656e+00 3.070261261610693349e-02 -2.776780633510769647e+00
2.488000000000000000e+03 7.395362616709509496e+01 2.669524632394961738e+00 3.067120367109007692e-02 -2.778708409294283754e+00
2.489000000000000000e+03 7.373471820282868805e+01 2.672789083833320145e+00 3.063982336288411518e-02 -2.781141422843132371e+00
2.490000000000000000e+03 7.351731651484365671e+01 2.676022492346803450e+00 3.060847226706445851e-02 -2.784074700182657569e+00
2.491000000000000000e+03 7.330212994579349584e+01 2.679236069237544093e+00 3.057715096694945192e-02 -2.787503426748439761e+00
2.492000000000000000e+03 7.308763925070523726e+01 2.682418711344253026e+00 3.054586005464363790e-02 -2.791415515924463353e+00
2.493000000000000000e+03 7.287455410391896748e+01 2.685566713368899627e+00 3.051460013195721188e-02 -2.795806462579948359e+00
2.494000000000000000e+03 7.266321317415867043e+01 2.688683766818678045e+00 3.048337181121137107e-02 -2.800657054804378099e+00
2.495000000000000000e+03 7.245328698912409493e+01 2.691751245563499317e+00 3.045217571597640463e-02 -2.805963084044634570e+00
2.496000000000000000e+03 7.224496647114278858e+01 2.694780203263323237e+00 3.042101248150264059e-02 -2.811720485092100486e+00
2.497000000000000000e+03 7.203814581931848693e+01 2.697759373909064173e+00 3.038988275515968132e-02 -2.817910476022826849e+00
2.498000000000000000e+03 7.183294249583222779e+01 2.700692312584068056e+00 3.035878719668176628e-02 -2.824529268193230802e+00
2.499000000000000000e+03 7.162925152784931981e+01 2.703560252740996539e+00 3.032772647818286413e-02 -2.831565777739390555e+00
2.500000000000000000e+03 7.142719121261366411e+01 2.706374103699739742e+00 3.029670128411419971e-02 -2.839009050434286419e+00
2.501000000000000000e+03 7.122673164584118410e+01 2.709122545955615635e+00 3.026571231100215129e-02 -2.846848988628121635e+00
2.502000000000000000e+03 7.102791740061584846e+01 2.711802027749649291e+00 3.023476026701353916e-02 -2.855078539098411028e+00
2.503000000000000000e+03 7.083071914594010821e+01 2.714409051734682166e+00 3.020384587140588842e-02 -2.863698926361037067e+00
2.504000000000000000e+03 7.063518228172918612e+01 2.716947507751870106e+00 3.017296985379754048e-02 -2.872696633493243557e+00
2.505000000000000000e+03 7.044135266502858883e+01 2.719413815271294332e+00 3.014213295326831701e-02 -2.882058255147291526e+00
2.506000000000000000e+03 7.024912805374270874e+01 2.721796922552797149e+00 3.011133591736297327e-02 -2.891792778880522885e+00
2.507000000000000000e+03 7.005870381933310398e+01 2.724100590877659211e+00 3.008057950091998917e-02 -2.901872154600301457e+00
2.508000000000000000e+03 6.986997869135574035e+01 2.726328537049330869e+00 3.004986446474336437e-02 -2.912305574283040599e+00
2.509000000000000000e+03 6.968292618832016672e+01 2.728469575914606704e+00 3.001919157426533730e-02 -2.923080041359896963e+00
2.510000000000000000e+03 6.949766891523373147e+01 2.730519904656973029e+00 2.998856159793298129e-02 -2.934182651928438634e+00
2.511000000000000000e+03 6.931418144422670480e+01 2.732490530410308427e+00 2.995797530567378963e-02 -2.945615447588997959e+00
2.512000000000000000e+03 6.913251318017829306e+01 2.734362699442205002e+00 2.992743346711928404e-02 -2.957358269806157125e+00
2.513000000000000000e+03 6.895249124219338910e+01 2.736139894911879367e+00 2.989693684988711103e-02 -2.969413326101813855e+00
2.514000000000000000e+03 6.877431474735612937e+01 2.737825551147340608e+00 2.986648621770660039e-02 -2.981768044376329030e+00
2.515000000000000000e+03 6.859796055856523367e+01 2.739415624644870650e+00 2.983608232856500148e-02 -2.994409925664169414e+00
2.516000000000000000e+03 6.842333186738807171e+01 2.740898593440880937e+00 2.980572593277013710e-02 -3.007333968524129819e+00
2.517000000000000000e+03 6.825048106028016548e+01 2.742277741556716997e+00 2.977541777106677834e-02 -3.020535236715808924e+00
2.518000000000000000e+03 6.807938688352238898e+01 2.743556301714732637e+00 2.974515857267856153e-02 -3.034001426865065909e+00
2.519000000000000000e+03 6.791010302527199372e+01 2.744730026427196989e+00 2.971494905341801399e-02 -3.047720292820773391e+00
2.520000000000000000e+03 6.774260956307648485e+01 2.745787187458216039e+00 2.968478991385107429e-02 -3.061687070004608824e+00
2.521000000000000000e+03 6.757688726124075629e+01 2.746738288709722919e+00 2.965468183739613378e-02 -3.075889614705036301e+00
2.522000000000000000e+03 6.741299186741781568e+01 2.747578923978173382e+00 2.962462548864410253e-02 -3.090323256769428983e+00
2.523000000000000000e+03 6.725083127429527963e+01 2.748312061536643647e+00 2.959462151159360579e-02 -3.104968510543951510e+00
2.524000000000000000e+03 6.709046266479269605e+01 2.748925758638715688e+00 2.956467052808466750e-02 -3.119820784266280622e+00
2.525000000000000000e+03 6.693194395513293671e+01 2.749422874497667646e+00 2.953477313629371270e-02 -3.134868091009794355e+00
2.526000000000000000e+03 6.677518523670480022e+01 2.749798784837535592e+00 2.950492990935036502e-02 -3.150098473033642765e+00
2.527000000000000000e+03 6.662017163414115828e+01 2.750063666569448007e+00 2.947514139405347025e-02 -3.165507426140018676e+00
2.528000000000000000e+03 6.646703759501589559e+01 2.750205355689768538e+00 2.944540810975354930e-02 -3.181083038989439338e+00
2.529000000000000000e+03 6.631562119357816698e+01 2.750226488704726524e+00 2.941573054732618542e-02 -3.196805989127489145e+00
2.530000000000000000e+03 6.616598411851570916e+01 2.750129645627227948e+00 2.938610916837531423e-02 -3.212679252425151954e+00
2.531000000000000000e+03 6.601811454064018392e+01 2.749909921348086428e+00 2.935654440450795669e-02 -3.228683529030973887e+00
2.532000000000000000e+03 6.587200139649918640e+01 2.749562353731889175e+00 2.932703665678576543e-02 -3.244806952842127501e+00
2.533000000000000000e+03 6.572763438687657356e+01 2.749089351736973885e+00 2.929758629541578951e-02 -3.261045087592299385e+00
2.534000000000000000e+03 6.558507825717454409e+01 2.748493266859259876e+00 2.926819365949463736e-02 -3.277378637908347603e+00
2.535000000000000000e+03 6.544417565866376663e+01 2.747761536250027614e+00 2.923885905698508578e-02 -3.293810587190161510e+00
2.536000000000000000e+03 6.530499284315202146e+01 2.746903824309766762e+00 2.920958276481583002e-02 -3.310314195310270602e+00
2.537000000000000000e+03 6.516759680454904924e+01 2.745914880803745461e+00 2.918036502922366146e-02 -3.326892421591449711e+00
2.538000000000000000e+03 6.503183241888748967e+01 2.744789397453712532e+00 2.915120606614526530e-02 -3.343525922556255470e+00
2.539000000000000000e+03 6.489776813437079284e+01 2.743536864553788757e+00 2.912210606185444348e-02 -3.360210189906595701e+00
2.540000000000000000e+03 6.476539882496061296e+01 2.742144429158891228e+00 2.909306517369700598e-02 -3.376925833379512021e+00
2.541000000000000000e+03 6.463472006011119220e+01 2.740628893500368424e+00 2.906408353097163916e-02 -3.393668290434687318e+00
2.542000000000000000e+03 6.450565380621380029e+01 2.738969859821740460e+00 2.903516123597264451e-02 -3.410425537521127204e+00
2.543000000000000000e+03 6.437834554435836765e+01 2.737191442243561479e+00 2.900629836513747561e-02 -3.427185514776997177e+00
2.544000000000000000e+03 6.425264426846970878e+01 2.735273126596580617e+00 2.897749497026343504e-02 -3.443936122412468492e+00
2.545000000000000000e+03 6.412854816798464697e+01 2.733231482334460338e+00 2.894875107994154123e-02 -3.460665217126976057e+00
2.546000000000000000e+03 6.400613032513173550e+01 2.731053307465476809e+00 2.892006670092781007e-02 -3.477360608561760102e+00
2.547000000000000000e+03 6.388531584444438494e+01 2.728747627111779650e+00 2.889144181973790637e-02 -3.494017484139284146e+00
2.548000000000000000e+03 6.376603039914720483e+01 2.726308551889359499e+00 2.886287640418706835e-02 -3.510623548889007850e+00
2.549000000000000000e+03 6.364834877702970317e+01 2.723737563113374449e+00 2.883437040506856702e-02 -3.527159022012223311e+00
2.550000000000000000e+03 6.353219772492095530e+01 2.721036084625852780e+00 2.880592375778829109e-02 -3.543618918536590723e+00
2.551000000000000000e+03 6.341758060003427744e+01 2.718197953627583985e+00 2.877753638409320108e-02 -3.559998648480032557e+00
2.552000000000000000e+03 6.330450853239273101e+01 2.715223974546023822e+00 2.874920819374854331e-02 -3.576273106146250935e+00
2.553000000000000000e+03 6.319292065161935312e+01 2.712114793988437800e+00 2.872093908625070885e-02 -3.592454715991653558e+00
2.554000000000000000e+03 6.308283080958273104e+01 2.708871002030158515e+00 2.869272895246683525e-02 -3.608518686671363440e+00
2.555000000000000000e+03 6.297425327540042161e+01 2.705485704156006754e+00 2.866457767630907830e-02 -3.624462434653308751e+00
2.556000000000000000e+03 6.286705414731925146e+01 2.701974234975180966e+00 2.863648513628502465e-02 -3.640283296023480553e+00
2.557000000000000000e+03 6.276147131661291212e+01 2.698322160105222078e+00 2.860845120704080466e-02 -3.655971095036465890e+00
2.558000000000000000e+03 6.265722304553636945e+01 2.694537274981177344e+00 2.858047576079494542e-02 -3.671508141061553321e+00
2.559000000000000000e+03 6.255447363354958412e+01 2.690619891833402111e+00 2.855255866867608544e-02 -3.686906367326208578e+00
2.560000000000000000e+03 6.245323913079061384e+01 2.686562840087412418e+00 2.852469980203041142e-02 -3.702140472803023830e+00
2.561000000000000000e+03 6.235331303695361527e+01 2.682373751835426035e+00 2.849689903352066803e-02 -3.717207346098215570e+00
2.562000000000000000e+03 6.225486055265454155e+01 2.678045348876579190e+00 2.846915623821047459e-02 -3.732111205886119887e+00
2.563000000000000000e+03 6.215775001228561791e+01 2.673585156579516120e+00 2.844147129440679697e-02 -3.746826456341732836e+00
2.564000000000000000e+03 6.206199857049611524e+01 2.668985790962713267e+00 2.841384408453201740e-02 -3.761357111176353740e+00
2.565000000000000000e+03 6.196754933828445644e+01 2.664247244246337853e+00 2.838627449568565525e-02 -3.775692220820012768e+00
2.566000000000000000e+03 6.187441993777234472e+01 2.659376885372486843e+00 2.835876242019524929e-02 -3.789820726457123978e+00
2.567000000000000000e+03 6.178262820766287433e+01 2.654367175493688613e+00 2.833130775591698181e-02 -3.803738885763740640e+00
2.568000000000000000e+03 6.169211790990351574e+01 2.649232810281855865e+00 2.830391040651535073e-02 -3.817442841997053637e+00
2.569000000000000000e+03 6.160290728806033655e+01 2.643958722052529353e+00 2.827657028150416807e-02 -3.830928621488510544e+00
2.570000000000000000e+03 6.151486620937352257e+01 2.638559507160696871e+00 2.824928729615214587e-02 -3.844184702840809820e+00
2.571000000000000000e+03 6.142816185950607633e+01 2.633034856510557020e+00 2.822206137126869255e-02 -3.857206871230694833e+00
2.572000000000000000e+03 6.134259018589269630e+01 2.627376984534098625e+00 2.819489243284981767e-02 -3.869990787716774516e+00
2.573000000000000000e+03 6.125824444522729806e+01 2.621600343237155517e+00 2.816778041156552809e-02 -3.882524558603853482e+00
2.574000000000000000e+03 6.117514378295516053e+01 2.615704481109438539e+00 2.814072524217551760e-02 -3.894811018265670111e+00
2.575000000000000000e+03 6.109308466424862871e+01 2.609681472152046044e+00 2.811372686274387495e-02 -3.906838013574076562e+00
2.576000000000000000e+03 6.101223514091102373e+01 2.603545629971151243e+00 2.808678521380193749e-02 -3.918600686838903169e+00
2.577000000000000000e+03 6.093239201605853594e+01 2.597281510034030738e+00 2.805990023739665315e-02 -3.930094045406754333e+00
2.578000000000000000e+03 6.085364939608382429e+01 2.590903337193573908e+00 2.803307187598098188e-02 -3.941305531320268063e+00
2.579000000000000000e+03 6.077595299072183366e+01 2.584410436323425930e+00 2.800630007133962304e-02 -3.952237304439998322e+00
2.580000000000000000e+03 6.069924868167496612e+01 2.577802089769069660e+00 2.797958476334247435e-02 -3.962883955526864899e+00
2.581000000000000000e+03 6.062348252466716048e+01 2.571077538111792293e+00 2.795292588866264694e-02 -3.973232504438498847e+00
2.582000000000000000e+03 6.054867503532561557e+01 2.564243409295894782e+00 2.792632337945750304e-02 -3.983284683440111884e+00
2.583000000000000000e+03 6.047484690827113241e+01 2.557298862717701127e+00 2.789977716202294081e-02 -3.993027222128185727e+00
2.584000000000000000e+03 6.040187045280583789e+01 2.550250446727720277e+00 2.787328715543894303e-02 -4.002468987571812242e+00
2.585000000000000000e+03 6.032976672960243292e+01 2.543089814393366677e+00 2.784685327011266961e-02 -4.011596412667203460e+00
2.586000000000000000e+03 6.025848270274817509e+01 2.535830866074862300e+00 2.782047540646252412e-02 -4.020410636411836158e+00
2.587000000000000000e+03 6.018796552555961199e+01 2.528472608509617192e+00 2.779415345351480410e-02 -4.028890360743371701e+00
2.588000000000000000e+03 6.011831110955051116e+01 2.521006584008539164e+00 2.776788728757491678e-02 -4.037051275999978373e+00
2.589000000000000000e+03 6.004939270842698562e+01 2.513446584713115328e+00 2.774167677097089113e-02 -4.044879204495020808e+00
2.590000000000000000e+03 5.998108376954522214e+01 2.505791511709963615e+00 2.771552175075846919e-02 -4.052374669414686714e+00
2.591000000000000000e+03 5.991355506821842170e+01 2.498047660956511873e+00 2.768942205759564179e-02 -4.059523180282828214e+00
2.592000000000000000e+03 5.984660615574701126e+01 2.490206439114036385e+00 2.766337750464193876e-02 -4.066332373648255505e+00
2.593000000000000000e+03 5.978025962616425915e+01 2.482266649490593391e+00 2.763738788656061596e-02 -4.072787441989961899e+00
2.594000000000000000e+03 5.971453826355174499e+01 2.474249349641706175e+00 2.761145297862123427e-02 -4.078888274545919401e+00
2.595000000000000000e+03 5.964931647188725350e+01 2.466138425476174234e+00 2.758557253587623492e-02 -4.084634599761664653e+00
2.596000000000000000e+03 5.958461740487977920e+01 2.457947447323279633e+00 2.755974629252753993e-02 -4.090018556160545771e+00
2.597000000000000000e+03 5.952039011021014403e+01 2.449675100753109014e+00 2.753397396135811789e-02 -4.095046976686789186e+00
2.598000000000000000e+03 5.945658380666608878e+01 2.441327472555575806e+00 2.750825523326618643e-02 -4.099711674668765404e+00
2.599000000000000000e+03 5.939322216013322020e+01 2.432903194974220806e+00 2.748258977695865884e-02 -4.104011728306073969e+00
2.600000000000000000e+03 5.933025470791631761e+01 2.424408303346570648e+00 2.745697723887102412e-02 -4.107938623477389584e+00
2.601000000000000000e+03 5.926770718123962212e+01 2.415841205303284500e+00 2.743141724304996518e-02 -4.111498404645883120e+00
2.602000000000000000e+03 5.920538965624329109e+01 2.407214441631930324e+00 2.740590939130902251e-02 -4.114681559933143440e+00
2.603000000000000000e+03 5.914348551382363439e+01 2.398525498967792213e+00 2.738045326347873787e-02 -4.117493135421786299e+00
2.604000000000000000e+03 5.908180682597738098e+01 2.389764414148767724e+00 2.735504841775035154e-02 -4.119930583626181253e+00
2.605000000000000000e+03 5.902046289293788561e+01 2.380943488579052136e+00 2.732969439124889946e-02 -4.121976335009331471e+00
2.606000000000000000e+03 5.895926595971837969e+01 2.372060147444151390e+00 2.730439070063903420e-02 -4.123649796372675702e+00
2.607000000000000000e+03 5.889832546769900290e+01 2.363119225730946571e+00 2.727913684293499855e-02 -4.124925639012041678e+00
2.608000000000000000e+03 5.883760233624446556e+01 2.354125540849596909e+00 2.725393229635637501e-02 -4.125815510649368356e+00
2.609000000000000000e+03 5.877705751147928481e+01 2.345069036907563298e+00 2.722877652137201815e-02 -4.126308608779132747e+00
2.610000000000000000e+03 5.871665194727340520e+01 2.335954499087276925e+00 2.720366896177889640e-02 -4.126416250987722911e+00
2.611000000000000000e+03 5.865642086903227437e+01 2.326794126274270624e+00 2.717860904592924939e-02 -4.126127305138096446e+00
2.612000000000000000e+03 5.859625090287049431e+01 2.317577818635976339e+00 2.715359618801987257e-02 -4.125445331475282806e+00
2.613000000000000000e+03 5.853617718879419130e+01 2.308310320353871514e+00 2.712862978945611986e-02 -4.124373726347254632e+00
2.614000000000000000e+03 5.847616050895906170e+01 2.299003792254838086e+00 2.710370924028901105e-02 -4.122900865992381370e+00
2.615000000000000000e+03 5.841623583314003554e+01 2.289648099392170177e+00 2.707883392073250073e-02 -4.121029820494102047e+00
2.616000000000000000e+03 5.835636372999839949e+01 2.280247953778967052e+00 2.705400320264980674e-02 -4.118770926049228898e+00
2.617000000000000000e+03 5.829643034527164502e+01 2.270808058669425034e+00 2.702921645117753804e-02 -4.116112072249761944e+00
2.618000000000000000e+03 5.823654451400240362e+01 2.261333109540145880e+00 2.700447302625271287e-02 -4.113063272930278735e+00
2.619000000000000000e+03 5.817659203788196720e+01 2.251812938369901929e+00 2.697977228427991467e-02 -4.109619525225162384e+00
2.620000000000000000e+03 5.811668136487409697e+01 2.242267084720297898e+00 2.695511357964145913e-02 -4.105783095489084822e+00
2.621000000000000000e+03 5.805662358366380715e+01 2.232692798261446843e+00 2.693049626633652049e-02 -4.101556091877259114e+00
2.622000000000000000e+03 5.799652667110654392e+01 2.223079896448119541e+00 2.690591969946583978e-02 -4.096940465335394244e+00
2.623000000000000000e+03 5.793627548770398050e+01 2.213447907244260549e+00 2.688138323679323607e-02 -4.091938010648324742e+00
2.624000000000000000e+03 5.787597745927276804e+01 2.203786643291774539e+00 2.685688624015541287e-02 -4.086542939196235125e+00
2.625000000000000000e+03 5.781544257383230700e+01 2.194100772979811431e+00 2.683242807689050977e-02 -4.080771593518676355e+00
2.626000000000000000e+03 5.775477763186697899e+01 2.184402393059103442e+00 2.680800812112562465e-02 -4.074603021731514119e+00
2.627000000000000000e+03 5.769394052846746490e+01 2.174673887851647613e+00 2.678362575503715273e-02 -4.068053262303049422e+00
2.628000000000000000e+03 5.763281452097534441e+01 2.164934785359938552e+00 2.675928037002548235e-02 -4.061123346929805145e+00
2.629000000000000000e+03 5.757150534818230625e+01 2.155182331417735409e+00 2.673497136772654340e-02 -4.053814158617297991e+00
2.630000000000000000e+03 5.750982123210404495e+01 2.145413775688842950e+00 2.671069816100603636e-02 -4.046119004762109839e+00
2.631000000000000000e+03 5.744794141694062972e+01 2.135633800960486717e+00 2.668646017478409904e-02 -4.038053332035945076e+00
2.632000000000000000e+03 5.738574760617468229e+01 2.125854524081055352e+00 2.666225684678090110e-02 -4.029625014517903558e+00
2.633000000000000000e+03 5.732326965341624003e+01 2.116065783491198449e+00 2.663808762811141831e-02 -4.020834355276554639e+00
2.634000000000000000e+03 5.726038841944876623e+01 2.106279710251325987e+00 2.661395198381756241e-02 -4.011681516350584786e+00
2.635000000000000000e+03 5.719728146553303816e+01 2.096501015560300996e+00 2.658984939319396570e-02 -4.002173948776420964e+00
2.636000000000000000e+03 5.713375449540486528e+01 2.086726991668270692e+00 2.656577935009628993e-02 -3.992318965961868749e+00
2.637000000000000000e+03 5.706990990153647658e+01 2.076962369482999282e+00 2.654174136302590165e-02 -3.982123745455179442e+00
2.638000000000000000e+03 5.700562677655592125e+01 2.067204462767640916e+00 2.651773495518501209e-02 -3.971580474058264532e+00
2.639000000000000000e+03 5.694100661136673125e+01 2.057465454082035627e+00 2.649375966431714857e-02 -3.960703491435088708e+00
2.640000000000000000e+03 5.687585330886346213e+01 2.047735253913712139e+00 2.646981504254613746e-02 -3.949492150260573098e+00
2.641000000000000000e+03 5.681034173476967908e+01 2.038026071653226801e+00 2.644590065597890449e-02 -3.937945674862845191e+00
2.642000000000000000e+03 5.674427488295488331e+01 2.028335274707704361e+00 2.642201608435379434e-02 -3.926070591556497735e+00
2.643000000000000000e+03 5.667775242826412097e+01 2.018660246057030427e+00 2.639816092043169651e-02 -3.913873302315358238e+00
2.644000000000000000e+03 5.661065074420432808e+01 2.009013241800327698e+00 2.637433476941554444e-02 -3.901360086835041319e+00
2.645000000000000000e+03 5.654299432348256715e+01 1.999391678591043942e+00 2.635053724820250742e-02 -3.888529676283508429e+00
2.646000000000000000e+03 5.647480721476992471e+01 1.989792991163116254e+00 2.632676798468083432e-02 -3.875395540490623958e+00
2.647000000000000000e+03 5.640611302712892439e+01 1.980229489846656366e+00 2.630302661678788831e-02 -3.861956176722455059e+00
2.648000000000000000e+03 5.633671208450530798e+01 1.970698647970969830e+00 2.627931279167090850e-02 -3.848224825293827145e+00
2.649000000000000000e+03 5.626677569922836142e+01 1.961205387708127690e+00 2.625562616467205790e-02 -3.834199758413878723e+00
2.650000000000000000e+03 5.619617762635819957e+01 1.951747224153483229e+00 2.623196639840843364e-02 -3.819893995868036907e+00
2.651000000000000000e+03 5.612501429398974295e+01 1.942329032526977084e+00 2.620833316169631638e-02 -3.805305096387635366e+00
2.652000000000000000e+03 5.605308554396514609e+01 1.932955349774606590e+00 2.618472612854140860e-02 -3.790443380766942205e+00
2.653000000000000000e+03 5.598048818751112776e+01 1.923623217767370441e+00 2.616114497708720010e-02 -3.775303713471802158e+00
2.654000000000000000e+03 5.590717007110078640e+01 1.914329702651042409e+00 2.613758938860897760e-02 -3.759888287643645022e+00
2.655000000000000000e+03 5.583315293338814200e+01 1.905086752264714800e+00 2.611405904642575410e-02 -3.744214055889060866e+00
2.656000000000000000e+03 5.575838384447394702e+01 1.895891483444192005e+00 2.609055363495435889e-02 -3.728260734296593437e+00
2.657000000000000000e+03 5.568280949544046621e+01 1.886741039413157184e+00 2.606707283871921577e-02 -3.712052516785933953e+00
2.658000000000000000e+03 5.560645048756968833e+01 1.877647447160236682e+00 2.604361634142542820e-02 -3.695576365778799222e+00
2.659000000000000000e+03 5.552932705416840520e+01 1.868600476349948858e+00 2.602018382511021855e-02 -3.678856298251159451e+00
2.660000000000000000e+03 5.545138478193665321e+01 1.859612210071856619e+00 2.599677496929464829e-02 -3.661879104805602747e+00
2.661000000000000000e+03 5.537271746583078169e+01 1.850679903722108000e+00 2.597338945024536480e-02 -3.644668635772829735e+00
2.662000000000000000e+03 5.529319569533583234e+01 1.841800842321634102e+00 2.595002694032114837e-02 -3.627211520331214523e+00
2.663000000000000000e+03 5.521291255864916536e+01 1.832987197819116121e+00 2.592668710735382756e-02 -3.609531452653310435e+00
2.664000000000000000e+03 5.513188651118318973e+01 1.824228887926661269e+00 2.590336961416611281e-02 -3.591622339418580889e+00
2.665000000000000000e+03 5.504998709388851807e+01 1.815538146792596175e+00 2.588007411812096731e-02 -3.573500300949893127e+00
2.666000000000000000e+03 5.496723206837965847e+01 1.806912383805610034e+00 2.585680027079871254e-02 -3.555151675465157535e+00
2.667000000000000000e+03 5.488371313382246086e+01 1.798349040834586132e+00 2.583354771779879100e-02 -3.536599876950512478e+00
2.668000000000000000e+03 5.479937307608452812e+01 1.789853021102068231e+00 2.581031609855108377e-02 -3.517838542745242769e+00
2.669000000000000000e+03 5.471415433366683345e+01 1.781429261340776282e+00 2.578710504634377371e-02 -3.498883534745903745e+00
2.670000000000000000e+03 5.462807327941102642e+01 1.773067875583532294e+00 2.576391418831750282e-02 -3.479720943720749471e+00
2.671000000000000000e+03 5.454114593449705239e+01 1.764781297388202441e+00 2.574074314570018104e-02 -3.460373947240898307e+00
2.672000000000000000e+03 5.445338796526317537e+01 1.756567138543572604e+00 2.571759153400948739e-02 -3.440835957318296501e+00
2.673000000000000000e+03 5.436474039587620410e+01 1.748423046210107135e+00 2.569445896342547470e-02 -3.421122621657883833e+00
2.674000000000000000e+03 5.427521817089985490e+01 1.740354131693622186e+00 2.567134503921800551e-02 -3.401242113065770845e+00
2.675000000000000000e+03 5.418483586679313646e+01 1.732358114151217654e+00 2.564824936230771305e-02 -3.381187703915792042e+00
2.676000000000000000e+03 5.409360768639948702e+01 1.724432749331036296e+00 2.562517152984150615e-02 -3.360974910723639297e+00
2.677000000000000000e+03 5.400147316947941789e+01 1.716598114995437907e+00 2.560211113587767401e-02 -3.340611783573874227e+00
2.678000000000000000e+03 5.390852003686062943e+01 1.708829756124081500e+00 2.557906777216031186e-02 -3.320098908951282013e+00
2.679000000000000000e+03 5.381476133324779454e+01 1.701147825455187945e+00 2.555604102893000232e-02 -3.299451697625539914e+00
2.680000000000000000e+03 5.372006113678127548e+01 1.693550228654427503e+00 2.553303049579511846e-02 -3.278670674084791958e+00
2.681000000000000000e+03 5.362458025293064878e+01 1.686027481319443355e+00 2.551003576266150374e-02 -3.257756336070566583e+00
2.682000000000000000e+03 5.352818193924564838e+01 1.678592422667792627e+00 2.548705642067505828e-02 -3.236724014111001857e+00
2.683000000000000000e+03 5.343087759911150414e+01 1.671235645705258177e+00 2.546409206323921315e-02 -3.215581589299719045e+00
2.684000000000000000e+03 5.333275249103333948e+01 1.663962639229874974e+00 2.544114228703321656e-02 -3.194329496121312228e+00
2.685000000000000000e+03 5.323374287104039126e+01 1.656778931367191454e+00 2.541820669303045122e-02 -3.172968153621461784e+00
2.686000000000000000e+03 5.313385883630660800e+01 1.649682661438772735e+00 2.539528488755559213e-02 -3.151520253270693406e+00
2.687000000000000000e+03 5.303318431854121684e+01 1.642672008514304727e+00 2.537237648329963499e-02 -3.129986191667902595e+00
2.688000000000000000e+03 5.293157994372059960e+01 1.635745191596519543e+00 2.534948110038304572e-02 -3.108373786736971844e+00
2.689000000000000000e+03 5.282920301076979541e+01 1.628907898139604571e+00 2.532659836735557529e-02 -3.086683423811471982e+00
2.690000000000000000e+03 5.272598750169908755e+01 1.622165855850377536e+00 2.530372792216278865e-02 -3.064937771809038480e+00
2.691000000000000000e+03 5.262201549432490566e+01 1.615509976122501135e+00 2.528086941311766950e-02 -3.043137215890447056e+00
2.692000000000000000e+03 5.251722002408171619e+01 1.608946067555674819e+00 2.525802249977476127e-02 -3.021289573607168322e+00
2.693000000000000000e+03 5.241160793101982307e+01 1.602472551006475676e+00 2.523518685385402541e-02 -2.999402669282549283e+00
2.694000000000000000e+03 5.230525985701349612e+01 1.596095316374167794e+00 2.521236215996839822e-02 -2.977484336726940128e+00
2.695000000000000000e+03 5.219810739322230830e+01 1.589805437618801554e+00 2.518954811644506103e-02 -2.955542421935724029e+00
2.696000000000000000e+03 5.209015592936687256e+01 1.583608886214980638e+00 2.516674443592077301e-02 -2.933577357418598819e+00
2.697000000000000000e+03 5.198148465332621981e+01 1.577511674487822591e+00 2.514395084605696232e-02 -2.911597021560507592e+00
2.698000000000000000e+03 5.187202370108222738e+01 1.571504998933096031e+00 2.512116708996057698e-02 -2.889616741261621602e+00
2.699000000000000000e+03 5.176185129205371993e+01 1.565587525272507330e+00 2.509839292671151370e-02 -2.867637009505462853e+00
2.700000000000000000e+03 5.165082231379093969e+01 1.559765388442509337e+00 2.507562813170468446e-02 -2.845665773006413435e+00
2.701000000000000000e+03 5.153916143729082933e+01 1.554037386518182684e+00 2.505287249698041896e-02 -2.823710632031739109e+00
2.702000000000000000e+03 5.142664253505093086e+01 1.548402560975035813e+00 2.503012583139990407e-02 -2.801777719746812778e+00
2.703000000000000000e+03 5.131348355535054395e+01 1.542867473027121017e+00 2.500738796076231243e-02 -2.779872827945003788e+00
2.704000000000000000e+03 5.119953056523521440e+01 1.537423867851405390e+00 2.498465872789889033e-02 -2.757994355598676783e+00
2.705000000000000000e+03 5.108485202508652634e+01 1.532078387900083882e+00 2.496193799255869844e-02 -2.736163024733671456e+00
2.706000000000000000e+03 5.096936737846795040e+01 1.526822859395558174e+00 2.493922563135822848e-02 -2.714362456073861285e+00
2.707000000000000000e+03 5.085321847777002802e+01 1.521671433962703990e+00 2.491652153753864951e-02 -2.692613454962407449e+00
2.708000000000000000e+03 5.073632389206329663e+01 1.516616018393368126e+00 2.489382562070199117e-02 -2.670922015300517316e+00
2.709000000000000000e+03 5.061875033416894354e+01 1.511648559548279591e+00 2.487113780644819791e-02 -2.649279321908664553e+00
2.710000000000000000e+03 5.050041553684902595e+01 1.506783329244187231e+00 2.484845803597397415e-02 -2.627706322959665108e+00
2.711000000000000000e+03 5.038138539760540624e+01 1.502019782324371500e+00 2.482578626559252613e-02 -2.606194305477830930e+00
2.712000000000000000e+03 5.026172542299601531e+01 1.497342556465899976e+00 2.480312246618097266e-02 -2.584764324411118697e+00
2.713000000000000000e+03 5.014127788992240653e+01 1.492766042073950139e+00 2.478046662258811400e-02 -2.563407778067567033e+00
2.714000000000000000e+03 5.002025612585573811e+01 1.488289811958823039e+00 2.475781873301288738e-02 -2.542130980423037201e+00
2.715000000000000000e+03 4.989850168636656491e+01 1.483913477800816949e+00 2.473517880829078155e-02 -2.520947734944370744e+00
2.716000000000000000e+03 4.977607863598271365e+01 1.479621833199975978e+00 2.471254687121100455e-02 -2.499857051678572084e+00
2.717000000000000000e+03 4.965297642723594862e+01 1.475436851864226684e+00 2.468992295571818818e-02 -2.478858006059311947e+00
2.718000000000000000e+03 4.952918419737407163e+01 1.471343403829320939e+00 2.466730710620837833e-02 -2.457957169328548908e+00
2.719000000000000000e+03 4.940476506516142763e+01 1.467341253619456332e+00 2.464469937668923444e-02 -2.437168610572861382e+00
2.720000000000000000e+03 4.927963329369446654e+01 1.463437631592222399e+00 2.462209983002190336e-02 -2.416484185322981482e+00
2.721000000000000000e+03 4.915385143769758969e+01 1.459624948569684832e+00 2.459950853709306356e-02 -2.395918107619677162e+00
2.722000000000000000e+03 4.902748178970738024e+01 1.455910508907847678e+00 2.457692557604349362e-02 -2.375469810190070419e+00
2.723000000000000000e+03 4.890051210960545802e+01 1.452286796750988707e+00 2.455435103147499479e-02 -2.355146231388572264e+00
2.724000000000000000e+03 4.877300420445108387e+01 1.448761189074942113e+00 2.453178499369584875e-02 -2.334954388698993188e+00
2.725000000000000000e+03 4.864487109054319802e+01 1.445326241915525944e+00 2.450922755796497432e-02 -2.314893952198148863e+00
2.726000000000000000e+03 4.851624842319766628e+01 1.441981975035981245e+00 2.448667882378384453e-02 -2.294972103031294175e+00
2.727000000000000000e+03 4.838712309115283716e+01 1.438728443180902650e+00 2.446413889415662360e-02 -2.275203535147388489e+00
2.728000000000000000e+03 4.825748179510800639e+01 1.435565735667881260e+00 2.444160787503064231e-02 -2.255573315243227128e+00
2.729000000000000000e+03 4.812738534234205190e+01 1.432493975967068289e+00 2.441908587462348137e-02 -2.236103739570257432e+00
2.730000000000000000e+03 4.799682009037930186e+01 1.429513321268621961e+00 2.439657300286290562e-02 -2.216794908746128723e+00
2.731000000000000000e+03 4.786577224069472436e+01 1.426623962038250815e+00 2.437406937091090436e-02 -2.197639586026878700e+00
2.732000000000000000e+03 4.773430213193351079e+01 1.423818693210930020e+00 2.435157509063791068e-02 -2.178652912237548200e+00
2.733000000000000000e+03 4.760239568212542594e+01 1.421097770423775497e+00 2.432909027425986248e-02 -2.159835265507605850e+00
2.734000000000000000e+03 4.747003868090112633e+01 1.418468909537232481e+00 2.430661503395454073e-02 -2.141194547765256306e+00
2.735000000000000000e+03 4.733729108120204643e+01 1.415917572744162189e+00 2.428414948156621886e-02 -2.122723901086240872e+00
2.736000000000000000e+03 4.720413843997849312e+01 1.413458966520861670e+00 2.426169372835302804e-02 -2.104438850800428362e+00
2.737000000000000000e+03 4.707064049240221948e+01 1.411078614313701962e+00 2.423924788480867620e-02 -2.086340165051107753e+00
2.738000000000000000e+03 4.693678259158571109e+01 1.408776926118907813e+00 2.421681206053230215e-02 -2.068428712760636223e+00
2.739000000000000000e+03 4.680262428184581580e+01 1.406554341250270346e+00 2.419438636408816415e-02 -2.050705464849882365e+00
2.740000000000000000e+03 4.666815073751253351e+01 1.404418756147585601e+00 2.417197090307029658e-02 -2.033186352111864270e+00
2.741000000000000000e+03 4.653342133532879643e+01 1.402355810424364524e+00 2.414956578408188059e-02 -2.015857696236867724e+00
2.742000000000000000e+03 4.639834680894667684e+01 1.400373456408665618e+00 2.412717111279193832e-02 -1.998735637693799694e+00
2.743000000000000000e+03 4.626306067108503584e+01 1.398472245172283079e+00 2.410478699411090081e-02 -1.981821566660681988e+00
2.744000000000000000e+03 4.612754780033779411e+01 1.396637897602007961e+00 2.408241353229487874e-02 -1.965116980709220584e+00
2.745000000000000000e+03 4.599179301221192162e+01 1.394878445563754177e+00 2.406005083122163268e-02 -1.948616057390510470e+00
2.746000000000000000e+03 4.585585534641460015e+01 1.393194517906356067e+00 2.403769899457367659e-02 -1.932342796873570911e+00
2.747000000000000000e+03 4.571971950342352642e+01 1.391571911508119319e+00 2.401535812614426918e-02 -1.916276739281515651e+00
2.748000000000000000e+03 4.558337013139757943e+01 1.390026160767547925e+00 2.399302833014957045e-02 -1.900434677333761480e+00
2.749000000000000000e+03 4.544686611296089751e+01 1.388550538533554590e+00 2.397070971154159624e-02 -1.884818658634428212e+00
2.750000000000000000e+03 4.531026628489805574e+01 1.387138340531162140e+00 2.394840237638263397e-02 -1.869430843063596637e+00
2.751000000000000000e+03 4.517347953831501428e+01 1.385783004705869903e+00 2.392610643218705604e-02 -1.854266101280856782e+00
2.752000000000000000e+03 4.503670651484182486e+01 1.384500755564404662e+00 2.390382198833826063e-02 -1.839334379005772346e+00
2.753000000000000000e+03 4.489984934976455833e+01 1.383278245150973751e+00 2.388154915646308746e-02 -1.824638333870061357e+00
2.754000000000000000e+03 4.476288442878801987e+01 1.382117002523163274e+00 2.385928805078158313e-02 -1.810180738046475835e+00
2.755000000000000000e+03 4.462593667491046290e+01 1.381026004746662927e+00 2.383703878856650166e-02 -1.795964478690256216e+00
2.756000000000000000e+03 4.448898241792921482e+01 1.379984534484122172e+00 2.381480149048185307e-02 -1.781985129980548477e+00
2.757000000000000000e+03 4.435207224863803077e+01 1.379009034482796991e+00 2.379257628099036223e-02 -1.768253238512786263e+00
2.758000000000000000e+03 4.421510817221152223e+01 1.378086251753439573e+00 2.377036328869013698e-02 -1.754764610189661456e+00
2.759000000000000000e+03 4.407814074633417789e+01 1.377225235349198273e+00 2.374816264667562946e-02 -1.741530023864442889e+00
2.760000000000000000e+03 4.394122051856282951e+01 1.376420193937899494e+00 2.372597449286876353e-02 -1.728538089782573506e+00
2.761000000000000000e+03 4.380432374745804935e+01 1.375665351822805915e+00 2.370379897033021363e-02 -1.715799819826807404e+00
2.762000000000000000e+03 4.366742669100171526e+01 1.374969804960464836e+00 2.368163622750654382e-02 -1.703311485860498298e+00
2.763000000000000000e+03 4.353065417880877419e+01 1.374327806874365843e+00 2.365948641853771531e-02 -1.691084333174575294e+00
2.764000000000000000e+03 4.339390820012008021e+01 1.373733624667954123e+00 2.363734970341358974e-02 -1.679107438733662416e+00
2.765000000000000000e+03 4.325723932712244135e+01 1.373188966685318091e+00 2.361522624822880861e-02 -1.667392281227036754e+00
2.766000000000000000e+03 4.312069815405295969e+01 1.372695553469868823e+00 2.359311622530797445e-02 -1.655928170868793847e+00
2.767000000000000000e+03 4.298426102010316185e+01 1.372255117071942809e+00 2.357101981333152227e-02 -1.644719391003541809e+00
2.768000000000000000e+03 4.284797858312126806e+01 1.371854543654949410e+00 2.354893719741909738e-02 -1.633777769563672377e+00
2.769000000000000000e+03 4.271182725958334458e+01 1.371503014552554633e+00 2.352686856924063319e-02 -1.623092965429568046e+00
2.770000000000000000e+03 4.257585779883984856e+01 1.371194863823166799e+00 2.350481412694232358e-02 -1.612662181545722051e+00
2.771000000000000000e+03 4.244004672360041042e+01 1.370931862606197038e+00 2.348277407523143012e-02 -1.602497592940876014e+00
2.772000000000000000e+03 4.230444490465701080e+01 1.370708361727509539e+00 2.346074862524957436e-02 -1.592589204601603248e+00
2.773000000000000000e+03 4.216902900180340197e+01 1.370526147706286446e+00 2.343873799454423978e-02 -1.582941992804073772e+00
2.774000000000000000e+03 4.203385003894651817e+01 1.370379585361847896e+00 2.341674240690181166e-02 -1.573553619600013720e+00
2.775000000000000000e+03 4.189888484536321300e+01 1.370270473822486901e+00 2.339476209225247599e-02 -1.564421860660381025e+00
2.776000000000000000e+03 4.176411034759225771e+01 1.370200617485021199e+00 2.337279728647108368e-02 -1.555559461426589962e+00
2.777000000000000000e+03 4.162957786142499117e+01 1.370164396975973808e+00 2.335084823118934241e-02 -1.546949566417674449e+00
2.778000000000000000e+03 4.149541310046193843e+01 1.370163625165447874e+00 2.332891517355319133e-02 -1.538605145399385199e+00
2.779000000000000000e+03 4.136144476719475449e+01 1.370192689782150808e+00 2.330699836598669472e-02 -1.530509565908442449e+00
2.780000000000000000e+03 4.122779882962797871e+01 1.370253409431855696e+00 2.328509806591590181e-02 -1.522676019340373665e+00
2.781000000000000000e+03 4.109452711234434474e+01 1.370340176217561989e+00 2.326321453544142118e-02 -1.515095521743909934e+00
2.782000000000000000e+03 4.096160730502877101e+01 1.370454811763443859e+00 2.324134804109558722e-02 -1.507766626429043466e+00
2.783000000000000000e+03 4.082901725441095664e+01 1.370599138191286759e+00 2.321949885347191628e-02 -1.500695423135506967e+00
2.784000000000000000e+03 4.069688353959825378e+01 1.370760120749964228e+00 2.319766724689644941e-02 -1.493877709122690911e+00
2.785000000000000000e+03 4.056511006275123066e+01 1.370954437250455404e+00 2.317585349910559339e-02 -1.487307159448174820e+00
2.786000000000000000e+03 4.043367519111649955e+01 1.371161622250946399e+00 2.315405789084394941e-02 -1.480985725714471180e+00
2.787000000000000000e+03 4.030278033186474573e+01 1.371398349900533997e+00 2.313228070558244129e-02 -1.474911749728935684e+00
2.788000000000000000e+03 4.017225567169259648e+01 1.371644149782219158e+00 2.311052222910398718e-02 -1.469084419498502436e+00
2.789000000000000000e+03 4.004215445223272241e+01 1.371915689765224933e+00 2.308878274912551029e-02 -1.463501539674254337e+00
2.790000000000000000e+03 3.991253012668794753e+01 1.372192491856769170e+00 2.306706255501298625e-02 -1.458161758971650013e+00
2.791000000000000000e+03 3.978343636670864925e+01 1.372491215063731618e+00 2.304536193733580651e-02 -1.453063826216641763e+00
2.792000000000000000e+03 3.965477850198876553e+01 1.372798799604350029e+00 2.302368118756010704e-02 -1.448204360688481795e+00
2.793000000000000000e+03 3.952661066059030048e+01 1.373117036378780131e+00 2.300202059771800853e-02 -1.443581565109931741e+00
2.794000000000000000e+03 3.939898720795919473e+01 1.373447709642988013e+00 2.298038046001216195e-02 -1.439192253089761619e+00
2.795000000000000000e+03 3.927188846914513221e+01 1.373777739687975341e+00 2.295876106652625787e-02 -1.435034819213968360e+00
2.796000000000000000e+03 3.914536930122849157e+01 1.374123752326633641e+00 2.293716270891113171e-02 -1.431106266425427265e+00
2.797000000000000000e+03 3.901933624793451116e+01 1.374465223132660396e+00 2.291558567803175794e-02 -1.427405176053061941e+00
2.798000000000000000e+03 3.889384467846774385e+01 1.374818760340069002e+00 2.289403026370779096e-02 -1.423928735130759460e+00
2.799000000000000000e+03 3.876902450854197468e+01 1.375163820743898535e+00 2.287249675435410606e-02 -1.420671992191704591e+00
2.800000000000000000e+03 3.864470878711531299e+01 1.375516992611987677e+00 2.285098543681273256e-02 -1.417633798548882718e+00
2.801000000000000000e+03 3.852102760341176690e+01 1.375865216954780701e+00 2.282949659598999120e-02 -1.414811186655047903e+00
2.802000000000000000e+03 3.839803557820535929e+01 1.376203159717367397e+00 2.280803051465238318e-02 -1.412201821721907002e+00
2.803000000000000000e+03 3.827556439518212983e+01 1.376547836890634091e+00 2.278658747315148378e-02 -1.409805261336191329e+00
2.804000000000000000e+03 3.815374315364584845e+01 1.376879110139030749e+00 2.276516774924825307e-02 -1.407620402975659601e+00
2.805000000000000000e+03 3.803262695400125892e+01 1.377206541395933348e+00 2.274377161781319240e-02 -1.405646225307228381e+00
2.806000000000000000e+03 3.791204833353774717e+01 1.377532250562552463e+00 2.272239935069921002e-02 -1.403881043789438898e+00
2.807000000000000000e+03 3.779221153704814640e+01 1.377843486615342838e+00 2.270105121649744137e-02 -1.402323994754850034e+00
2.808000000000000000e+03 3.767302396773200002e+01 1.378142340472136018e+00 2.267972748036270123e-02 -1.400973548127770307e+00
2.809000000000000000e+03 3.755446760697758890e+01 1.378430887764485746e+00 2.265842840383302387e-02 -1.399828248623237181e+00
2.810000000000000000e+03 3.743659901649245825e+01 1.378703759968109122e+00 2.263715424467453025e-02 -1.398886714087756111e+00
2.811000000000000000e+03 3.731932648980328793e+01 1.378963000592142718e+00 2.261590525669458784e-02 -1.398148376652385894e+00
2.812000000000000000e+03 3.720285575517169008e+01 1.379210636325791883e+00 2.259468168961724366e-02 -1.397610509688928193e+00
2.813000000000000000e+03 3.708702142587989670e+01 1.379441248193363334e+00 2.257348378894555654e-02 -1.397268968919975318e+00
2.814000000000000000e+03 3.697188126998087654e+01 1.379649399418360289e+00 2.255231179579321454e-02 -1.397121904848550367e+00
2.815000000000000000e+03 3.685749336145476462e+01 1.379844491646465610e+00 2.253116594678939572e-02 -1.397164561147845818e+00
2.816000000000000000e+03 3.674376751481287329e+01 1.380021051075964067e+00 2.251004647392220240e-02 -1.397395958392325443e+00
2.817000000000000000e+03 3.663083670417365312e+01 1.380173584698636713e+00 2.248895360445308036e-02 -1.397811463905153984e+00
2.818000000000000000e+03 3.651861136377278427e+01 1.380311436549908954e+00 2.246788756079795904e-02 -1.398408732618761752e+00
2.819000000000000000e+03 3.640722509047116517e+01 1.380421645516621165e+00 2.244684856042611018e-02 -1.399185476733654232e+00
2.820000000000000000e+03 3.629651466070139776e+01 1.380513515007144587e+00 2.242583681572092938e-02 -1.400137978196433375e+00
2.821000000000000000e+03 3.618654001642249085e+01 1.380581470778365016e+00 2.240485253395378684e-02 -1.401263315338335147e+00
2.822000000000000000e+03 3.607736141602228486e+01 1.380627345574665377e+00 2.238389591716331492e-02 -1.402558618159601922e+00
2.823000000000000000e+03 3.596889086869263252e+01 1.380645522025709004e+00 2.236296716204443785e-02 -1.404021809270921572e+00
2.824000000000000000e+03 3.586126355328831039e+01 1.380637788955335843e+00 2.234206645996079238e-02 -1.405649373482811493e+00
2.825000000000000000e+03 3.575431783511578487e+01 1.380605912650286982e+00 2.232119399678424848e-02 -1.407437841558921265e+00
2.826000000000000000e+03 3.564818953521095324e+01 1.380536779789069524e+00 2.230034995289660246e-02 -1.409385273959155915e+00
2.827000000000000000e+03 3.554286623052436056e+01 1.380446967183576845e+00 2.227953450315854622e-02 -1.411485316223392461e+00
2.828000000000000000e+03 3.543826153855403760e+01 1.380323314628179476e+00 2.225874781678542635e-02 -1.413735368212452270e+00
2.829000000000000000e+03 3.533443796890146160e+01 1.380167494663152361e+00 2.223799005741342386e-02 -1.416132125146423615e+00
2.830000000000000000e+03 3.523138407371606462e+01 1.379988583897660881e+00 2.221726138302706696e-02 -1.418670089976823201e+00
2.831000000000000000e+03 3.512916301554117382e+01 1.379773349293252238e+00 2.219656194595226797e-02 -1.421346028433784214e+00
2.832000000000000000e+03 3.502776400102268184e+01 1.379523389611007955e+00 2.217589189288854401e-02 -1.424156738553751689e+00
2.833000000000000000e+03 3.492710228147920049e+01 1.379240278418559784e+00 2.215525136491558120e-02 -1.427097563038978612e+00
2.834000000000000000e+03 3.482724200381935731e+01 1.378925563809318078e+00 2.213464049749032728e-02 -1.430163130119820991e+00
2.835000000000000000e+03 3.472817336026697888e+01 1.378573339783154994e+00 2.211405942057294641e-02 -1.433352551426071209e+00
2.836000000000000000e+03 3.462996115540483544e+01 1.378185102689923891e+00 2.209350825859328002e-02 -1.436664963002490136e+00
2.837000000000000000e+03 3.453252195549586645e+01 1.377762322634115133e+00 2.207298713058159292e-02 -1.440082438129815623e+00
2.838000000000000000e+03 3.443584693859373402e+01 1.377299014891670170e+00 2.205249615026481230e-02 -1.443616783959537742e+00
2.839000000000000000e+03 3.434000189390577162e+01 1.376796596389809002e+00 2.203203542612431828e-02 -1.447257541092878075e+00
2.840000000000000000e+03 3.424490437039474955e+01 1.376249028798029794e+00 2.201160506157877339e-02 -1.451001695016128190e+00
2.841000000000000000e+03 3.415062080963255653e+01 1.375672531733037385e+00 2.199120515509401727e-02 -1.454838817438968812e+00
2.842000000000000000e+03 3.405714369386037532e+01 1.375053584123340888e+00 2.197083580030882721e-02 -1.458773349389238305e+00
2.843000000000000000e+03 3.396454011127705996e+01 1.374393494139456662e+00 2.195049708626707965e-02 -1.462794885862269689e+00
2.844000000000000000e+03 3.387265462002150684e+01 1.373693542334733619e+00 2.193018909753655099e-02 -1.466893030578686252e+00
2.845000000000000000e+03 3.378162923038730270e+01 1.372947553148838651e+00 2.190991191446049757e-02 -1.471079679100347537e+00
2.846000000000000000e+03 3.369130913420264051e+01 1.372164179824897134e+00 2.188966561330350086e-02 -1.475329590102063992e+00
2.847000000000000000e+03 3.360191125345600938e+01 1.371344619237527152e+00 2.186945026657165225e-02 -1.479654666957354037e+00
2.848000000000000000e+03 3.351328140208063644e+01 1.370475183434100686e+00 2.184926594315820050e-02 -1.484044529029634241e+00
2.849000000000000000e+03 3.342541426699290952e+01 1.369571869640175521e+00 2.182911270861722167e-02 -1.488488794827156125e+00
2.850000000000000000e+03 3.333830483732830885e+01 1.368620933373973170e+00 2.180899062541854019e-02 -1.492991936819014542e+00
2.851000000000000000e+03 3.325202336720119689e+01 1.367623440218662223e+00 2.178889975319576316e-02 -1.497543857901483255e+00
2.852000000000000000e+03 3.316656885427332213e+01 1.366580354288732257e+00 2.176884014900453898e-02 -1.502150478158383651e+00
2.853000000000000000e+03 3.308186698536921000e+01 1.365500021308536649e+00 2.174881186760097354e-02 -1.506795716044590172e+00
2.854000000000000000e+03 3.299791801544622416e+01 1.364368473435596751e+00 2.172881496167460708e-02 -1.511485764915689867e+00
2.855000000000000000e+03 3.291479676264299314e+01 1.363186570990198687e+00 2.170884948211455542e-02 -1.516211949458657449e+00
2.856000000000000000e+03 3.283242975264028729e+01 1.361962574095638034e+00 2.168891547829030625e-02 -1.520980437289903842e+00
2.857000000000000000e+03 3.275089234738273092e+01 1.360697285980359661e+00 2.166901299825671826e-02 -1.525775095416195049e+00
2.858000000000000000e+03 3.267011160565017036e+01 1.359376624642275821e+00 2.164914208899738207e-02 -1.530602058564453749e+00
2.859000000000000000e+03 3.259008912804298319e+01 1.358008764626462250e+00 2.162930279664938490e-02 -1.535460014025001430e+00
2.860000000000000000e+03 3.251090105138474939e+01 1.356594423662358384e+00 2.160949516671314963e-02 -1.540340199912815677e+00
2.861000000000000000e+03 3.243247519257125333e+01 1.355134291063868401e+00 2.158971924422556712e-02 -1.545241260146082984e+00
2.862000000000000000e+03 3.235481389341828162e+01 1.353621599440441470e+00 2.156997507393323271e-02 -1.550161814391600945e+00
2.863000000000000000e+03 3.227791973151279592e+01 1.352064409820509017e+00 2.155026270045062517e-02 -1.555093028027908719e+00
2.864000000000000000e+03 3.220179551460989131e+01 1.350455898334453453e+00 2.153058216833514740e-02 -1.560040895527689209e+00
2.865000000000000000e+03 3.212644427510269196e+01 1.348796641360320514e+00 2.151093352220959445e-02 -1.564996525406814332e+00
2.866000000000000000e+03 3.205179498109114178e+01 1.347087187279481180e+00 2.149131680683223286e-02 -1.569958423644104428e+00
2.867000000000000000e+03 3.197799966509257885e+01 1.345320628243087624e+00 2.147173206709115933e-02 -1.574925063719130103e+00
2.868000000000000000e+03 3.190491343437997784e+01 1.343512313700333305e+00 2.145217934801860876e-02 -1.579887456669708312e+00
2.869000000000000000e+03 3.183254016703282474e+01 1.341647852084393078e+00 2.143265869477272573e-02 -1.584851434570064166e+00
2.870000000000000000e+03 3.176095822367312138e+01 1.339735109412174996e+00 2.141317015252376318e-02 -1.589800507227275173e+00
2.871000000000000000e+03 3.169002330891651908e+01 1.337774496041338912e+00 2.139371376639467859e-02 -1.594747859101193210e+00
2.872000000000000000e+03 3.161988845159178041e+01 1.335766395188547451e+00 2.137428958128360229e-02 -1.599676920991496498e+00
2.873000000000000000e+03 3.155048401618054754e+01 1.333711163107186071e+00 2.135489764168515756e-02 -1.604593366999609305e+00
2.874000000000000000e+03 3.148181483305227957e+01 1.331601700924340603e+00 2.133553799152339281e-02 -1.609495399659638837e+00
2.875000000000000000e+03 3.141381162796034232e+01 1.329445739888259981e+00 2.131621067385395044e-02 -1.614366320141736422e+00
2.876000000000000000e+03 3.134655386933204824e+01 1.327243556523460377e+00 2.129691573060243232e-02 -1.619219096929704005e+00
2.877000000000000000e+03 3.127997263132496641e+01 1.324987972845633077e+00 2.127765320224286189e-02 -1.624036937617772347e+00
2.878000000000000000e+03 3.121407344168213882e+01 1.322694069986378951e+00 2.125842312748160018e-02 -1.628832714334516929e+00
2.879000000000000000e+03 3.114886199585416193e+01 1.320347189973944957e+00 2.123922554283185979e-02 -1.633589535586247088e+00
2.880000000000000000e+03 3.108434415489082525e+01 1.317947506075591635e+00 2.122006048229167774e-02 -1.638305315027984710e+00
2.881000000000000000e+03 3.102052594358801940e+01 1.315510023046949861e+00 2.120092797683967301e-02 -1.642985341807077448e+00
2.882000000000000000e+03 3.095726498186790465e+01 1.313020007287891699e+00 2.118182805406085625e-02 -1.647619994231209084e+00
2.883000000000000000e+03 3.089471618439869971e+01 1.310484985559732030e+00 2.116276073766537938e-02 -1.652214451913629700e+00
2.884000000000000000e+03 3.083281177487775793e+01 1.307897603507219175e+00 2.114372604703124159e-02 -1.656751552791857485e+00
2.885000000000000000e+03 3.077148413550962402e+01 1.305272767690742741e+00 2.112472399669012776e-02 -1.661243790375960483e+00
2.886000000000000000e+03 3.071081437312288998e+01 1.302603075773208774e+00 2.110575459588826322e-02 -1.665681314120117662e+00
2.887000000000000000e+03 3.065073518438108735e+01 1.299881101866588340e+00 2.108681784806734627e-02 -1.670054213324117187e+00
2.888000000000000000e+03 3.059125370558654922e+01 1.297121681885581967e+00 2.106791375042637096e-02 -1.674374801062952001e+00
2.889000000000000000e+03 3.053230294501050679e+01 1.294317343756169025e+00 2.104904229339128394e-02 -1.678625614642214936e+00
2.890000000000000000e+03 3.047403891623955374e+01 1.291468021133418187e+00 2.103020346022431084e-02 -1.682818841336555904e+00
2.891000000000000000e+03 3.041624636945392979e+01 1.288573625374916265e+00 2.101139722652098363e-02 -1.686936890553452972e+00
2.892000000000000000e+03 3.035908162567222490e+01 1.285641474221183467e+00 2.099262355984476969e-02 -1.690984391281102006e+00
2.893000000000000000e+03 3.030240402432943370e+01 1.282671435431862905e+00 2.097388241931420066e-02 -1.694965906064451744e+00
2.894000000000000000e+03 3.024629590673467305e+01 1.279655927128752202e+00 2.095517375519794293e-02 -1.698863645012264945e+00
2.895000000000000000e+03 3.019076548080045441e+01 1.276602203195646101e+00 2.093649750866331816e-02 -1.702689463338686426e+00
2.896000000000000000e+03 3.013567253603836349e+01 1.273510068582835331e+00 2.091785361145514013e-02 -1.706425433683162574e+00
2.897000000000000000e+03 3.008109985929011643e+01 1.270379308018500630e+00 2.089924198563315044e-02 -1.710083272067140614e+00
2.898000000000000000e+03 3.002705609861863323e+01 1.267209686375584843e+00 2.088066254341200759e-02 -1.713652338630184291e+00
2.899000000000000000e+03 2.997340147735447857e+01 1.264000949044376432e+00 2.086211518698998305e-02 -1.717136778602901481e+00
2.900000000000000000e+03 2.992029349227448876e+01 1.260760250660834192e+00 2.084359980846662089e-02 -1.720525808161671000e+00
2.901000000000000000e+03 2.986759358710897772e+01 1.257472362537766397e+00 2.082511628981512444e-02 -1.723823459652963130e+00
2.902000000000000000e+03 2.981531568419993761e+01 1.254158861201775332e+00 2.080666450285168292e-02 -1.727026393466990939e+00
2.903000000000000000e+03 2.976347477900001337e+01 1.250804083938439559e+00 2.078824430937466564e-02 -1.730123799798916728e+00
2.904000000000000000e+03 2.971208599064962996e+01 1.247414635544547012e+00 2.076985556125906726e-02 -1.733134507262843682e+00
2.905000000000000000e+03 2.966116455683301112e+01 1.243989675330882783e+00 2.075149810064912809e-02 -1.736032698821203368e+00
2.906000000000000000e+03 2.961057726111830135e+01 1.240528345880984151e+00 2.073317176026355860e-02 -1.738837051455480509e+00
2.907000000000000000e+03 2.956041384429820340e+01 1.237037201814597864e+00 2.071487636366787718e-02 -1.741529023817668609e+00
2.908000000000000000e+03 2.951068986368931490e+01 1.233507925154594620e+00 2.069661172565604931e-02 -1.744119710923020650e+00
2.909000000000000000e+03 2.946134668592674544e+01 1.229954467500216309e+00 2.067837765270681000e-02 -1.746605273625590593e+00
2.910000000000000000e+03 2.941240004625692350e+01 1.226361052001609941e+00 2.066017394343397720e-02 -1.748981794932338074e+00
2.911000000000000000e+03 2.936386575682989530e+01 1.222741600592125666e+00 2.064200038916161675e-02 -1.751245279653434128e+00
2.912000000000000000e+03 2.931568541451729004e+01 1.219087735970866948e+00 2.062385677448857341e-02 -1.753391654089024865e+00
2.913000000000000000e+03 2.926787495878652834e+01 1.215405923791976539e+00 2.060574287795672449e-02 -1.755431622453150098e+00
2.914000000000000000e+03 2.922045037864494077e+01 1.211695188055662120e+00 2.058765847267141416e-02 -1.757353524882135476e+00
2.915000000000000000e+03 2.917335341919431713e+01 1.207954539903599356e+00 2.056960332708319267e-02 -1.759160478981896869e+00
2.916000000000000000e+03 2.912652585483764867e+01 1.204175549717296345e+00 2.055157720567411112e-02 -1.760848094609140935e+00
2.917000000000000000e+03 2.908013232918077406e+01 1.200372060970809507e+00 2.053357986975802227e-02 -1.762411902089372262e+00
2.918000000000000000e+03 2.903404035964334895e+01 1.196543048934201714e+00 2.051561107831688727e-02 -1.763862208820718314e+00
2.919000000000000000e+03 2.898826602738645519e+01 1.192687477831759324e+00 2.049767058870326925e-02 -1.765194385811267974e+00
2.920000000000000000e+03 2.894282539905582752e+01 1.188804301302170963e+00 2.047975815755958412e-02 -1.766403724352817228e+00
2.921000000000000000e+03 2.889766023191883448e+01 1.184892462861359519e+00 2.046187354159019131e-02 -1.767492864378654049e+00
2.922000000000000000e+03 2.885278652945660482e+01 1.180950896367588543e+00 2.044401649836308579e-02 -1.768456937804605111e+00
2.923000000000000000e+03 2.880822024645571489e+01 1.176993383189158582e+00 2.042618678715900707e-02 -1.769298425304517863e+00
2.924000000000000000e+03 2.876390299416680918e+01 1.173011410922354170e+00 2.040838416973227154e-02 -1.770019728067903753e+00
2.925000000000000000e+03 2.871985059609869140e+01 1.169003887263369013e+00 2.039060841106923871e-02 -1.770615739590109206e+00
2.926000000000000000e+03 2.867615307699624339e+01 1.164969712130527357e+00 2.037285928012478459e-02 -1.771088702545104976e+00
2.927000000000000000e+03 2.863260323455548217e+01 1.160922634838572387e+00 2.035513655054404028e-02 -1.771433352288587670e+00
2.928000000000000000e+03 2.858936518048279396e+01 1.156846684472185638e+00 2.033744000125776302e-02 -1.771659202143052170e+00
2.929000000000000000e+03 2.854630577887672516e+01 1.152748168813548801e+00 2.031976941715952015e-02 -1.771753401911118075e+00
2.930000000000000000e+03 2.850351462107314049e+01 1.148640818118519702e+00 2.030212458958964919e-02 -1.771725308271028254e+00
2.931000000000000000e+03 2.846093259893753569e+01 1.144501215492191415e+00 2.028450531687061437e-02 -1.771569343348455172e+00
2.932000000000000000e+03 2.841850046320213252e+01 1.140350509219064667e+00 2.026691140470374825e-02 -1.771287280118585716e+00
2.933000000000000000e+03 2.837630738237684369e+01 1.136187558088229244e+00 2.024934266654295975e-02 -1.770880814434932615e+00
2.934000000000000000e+03 2.833436808476451674e+01 1.132003788571138259e+00 2.023179892389198598e-02 -1.770344137085341440e+00
2.935000000000000000e+03 2.829254856813558305e+01 1.127805480349294731e+00 2.021428000648502199e-02 -1.769686219275401484e+00
2.936000000000000000e+03 2.825086322760257573e+01 1.123598910089984582e+00 2.019678575246231303e-02 -1.768908528036449157e+00
2.937000000000000000e+03 2.820940056669750007e+01 1.119382923571536015e+00 2.017931600836433276e-02 -1.768005026709595251e+00
2.938000000000000000e+03 2.816810034218083558e+01 1.115148936157605242e+00 2.016187062919063896e-02 -1.766977032155159888e+00
2.939000000000000000e+03 2.812690212711644477e+01 1.110903218321077635e+00 2.014444947821236731e-02 -1.765833215285814495e+00
2.940000000000000000e+03 2.808589387470883025e+01 1.106659467765302107e+00 2.012705242685676119e-02 -1.764559888222563711e+00
2.941000000000000000e+03 2.804494049838953629e+01 1.102394239792429342e+00 2.010967935438922119e-02 -1.763165574976542915e+00
2.942000000000000000e+03 2.800412957119400659e+01 1.098128659623938574e+00 2.009233014761668476e-02 -1.761651298651013997e+00
2.943000000000000000e+03 2.796347419086732700e+01 1.093861567714040861e+00 2.007500470042795568e-02 -1.760018010417168544e+00
2.944000000000000000e+03 2.792283869621529391e+01 1.089584376913336206e+00 2.005770291333658015e-02 -1.758266590161493559e+00
2.945000000000000000e+03 2.788231008518562959e+01 1.085295929629859657e+00 2.004042469292588446e-02 -1.756390418804562037e+00
2.946000000000000000e+03 2.784190088211376590e+01 1.081009926637025886e+00 2.002316995121871876e-02 -1.754390235691731359e+00
2.947000000000000000e+03 2.780147485612780045e+01 1.076717785777018932e+00 2.000593860497585849e-02 -1.752281567654500050e+00
2.948000000000000000e+03 2.776119272468245569e+01 1.072433212513538514e+00 1.998873057505176978e-02 -1.750057587991044272e+00
2.949000000000000000e+03 2.772091788862308803e+01 1.068140201928038158e+00 1.997154578547866155e-02 -1.747711402268870007e+00
2.950000000000000000e+03 2.768066213679913190e+01 1.063845037615495315e+00 1.995438416279118887e-02 -1.745258334147713475e+00
2.951000000000000000e+03 2.764043746693856463e+01 1.059561373570478304e+00 1.993724563509954167e-02 -1.742691160719917809e+00
2.952000000000000000e+03 2.760018295807052979e+01 1.055272907310723873e+00 1.992013013122089643e-02 -1.740009240673141111e+00
2.953000000000000000e+03 2.755998647434916293e+01 1.050985564322201915e+00 1.990303757981055216e-02 -1.737219101171111113e+00
2.954000000000000000e+03 2.751986143577600785e+01 1.046705275289670167e+00 1.988596790846647311e-02 -1.734312349003020559e+00
2.955000000000000000e+03 2.747959825644574750e+01 1.042423119819128718e+00 1.986892104279441157e-02 -1.731295384853866359e+00
2.956000000000000000e+03 2.743943290144369840e+01 1.038152468607176138e+00 1.985189690555039244e-02 -1.728167119141946095e+00
2.957000000000000000e+03 2.739915549024244612e+01 1.033884413752744091e+00 1.983489541573735596e-02 -1.724918972926033911e+00
2.958000000000000000e+03 2.735885313713123779e+01 1.029617482566203446e+00 1.981791648777483580e-02 -1.721564592232242896e+00
2.959000000000000000e+03 2.731853853901168705e+01 1.025357637972272196e+00 1.980096003066189256e-02 -1.718095278897051603e+00
2.960000000000000000e+03 2.727814998053665718e+01 1.021103422207042311e+00 1.978402594718882759e-02 -1.714517133281498795e+00
2.961000000000000000e+03 2.723769990601288882e+01 1.016860813910454242e+00 1.976711413324505270e-02 -1.710828770201882509e+00
2.962000000000000000e+03 2.719727492398798319e+01 1.012628371812215766e+00 1.975022447710729143e-02 -1.707036176629839197e+00
2.963000000000000000e+03 2.715666439394680864e+01 1.008397235112418411e+00 1.973335685883983656e-02 -1.703130427659505397e+00
2.964000000000000000e+03 2.711610326510416513e+01 1.004180837257285130e+00 1.971651114976369704e-02 -1.699117400944223144e+00
2.965000000000000000e+03 2.707538067764136258e+01 9.999703362064819023e-01 1.969968721197478539e-02 -1.695002921049789668e+00
2.966000000000000000e+03 2.703465708394411848e+01 9.957717565470861620e-01 1.968288489795735549e-02 -1.690785332175448241e+00
2.967000000000000000e+03 2.699379569918488286e+01 9.915911331496328751e-01 1.966610405029157321e-02 -1.686462927593020966e+00
2.968000000000000000e+03 2.695280820379258202e+01 9.874196548179206001e-01 1.964934450144238676e-02 -1.682041379103196954e+00
2.969000000000000000e+03 2.691178046071692620e+01 9.832559496837403046e-01 1.963260607362864174e-02 -1.677511453107917383e+00
2.970000000000000000e+03 2.687064966496861373e+01 9.791135138946509553e-01 1.961588857883890188e-02 -1.672886153501450757e+00
2.971000000000000000e+03 2.682942719343051152e+01 9.749761418436184712e-01 1.959919181884562517e-02 -1.668163581075415181e+00
2.972000000000000000e+03 2.678805003639572746e+01 9.708573532955231400e-01 1.958251558540771362e-02 -1.663349219741919294e+00
2.973000000000000000e+03 2.674652936234478773e+01 9.667558236035508346e-01 1.956585966058399170e-02 -1.658433652670945557e+00
2.974000000000000000e+03 2.670495051494525995e+01 9.626702407210447898e-01 1.954922381702192333e-02 -1.653422276894746634e+00
2.975000000000000000e+03 2.666325015877663063e+01 9.585993055060197943e-01 1.953260781846951830e-02 -1.648320447825647017e+00
2.976000000000000000e+03 2.662143912531663403e+01 9.545491603692100036e-01 1.951601142034257649e-02 -1.643126052138468518e+00
2.977000000000000000e+03 2.657945384068265682e+01 9.505111045143809223e-01 1.949943437031426835e-02 -1.637851794067808786e+00
2.978000000000000000e+03 2.653730488667932974e+01 9.464913076234502398e-01 1.948287640909191973e-02 -1.632480626566365611e+00
2.979000000000000000e+03 2.649507699417366169e+01 9.424885250830593586e-01 1.946633727119751259e-02 -1.627032607729663294e+00
2.980000000000000000e+03 2.645270618533864493e+01 9.385089549554215260e-01 1.944981668589054052e-02 -1.621498046928437242e+00
2.981000000000000000e+03 2.641020261633789801e+01 9.345513815413121206e-01 1.943331437806256404e-02 -1.615882076205910289e+00
2.982000000000000000e+03 2.636757628548311416e+01 9.306146039867807529e-01 1.941683006926567950e-02 -1.610197223234239639e+00
2.983000000000000000e+03 2.632476274093705371e+01 9.266974365326005048e-01 1.940036347879598930e-02 -1.604426270879684813e+00
2.984000000000000000e+03 2.628184592204020475e+01 9.227987087567622870e-01 1.938391432475454826e-02 -1.598581685330197955e+00
2.985000000000000000e+03 2.623876101580655984e+01 9.189246941600899277e-01 1.936748232522793670e-02 -1.592675904028403977e+00
2.986000000000000000e+03 2.619559158120349096e+01 9.150742536941004479e-01 1.935106719942108686e-02 -1.586691623611927282e+00
2.987000000000000000e+03 2.615219812175439174e+01 9.112462643324744649e-01 1.933466866885170943e-02 -1.580641228063453196e+00
2.988000000000000000e+03 2.610873806010022591e+01 9.074470476354409287e-01 1.931828645851716916e-02 -1.574529648313214292e+00
2.989000000000000000e+03 2.606507146003844611e+01 9.036680849059666176e-01 1.930192029810769497e-02 -1.568346935247324492e+00
2.990000000000000000e+03 2.602120671769994686e+01 8.999157307906233694e-01 1.928556992311833418e-02 -1.562112831171791338e+00
2.991000000000000000e+03 2.597722626839883731e+01 8.961815000711452761e-01 1.926923507605219840e-02 -1.555809916025792328e+00
2.992000000000000000e+03 2.593313801025861309e+01 8.924792096011556763e-01 1.925291550746230027e-02 -1.549450463901472341e+00
2.993000000000000000e+03 2.588887529520904707e+01 8.888004083827993895e-01 1.923661097706203665e-02 -1.543039302661417977e+00
2.994000000000000000e+03 2.584437120393623388e+01 8.851515194888992522e-01 1.922032125474074440e-02 -1.536573815307553659e+00
2.995000000000000000e+03 2.579978138837137891e+01 8.815315551759179691e-01 1.920404612143383760e-02 -1.530058798049809710e+00
2.996000000000000000e+03 2.575503836326967289e+01 8.779321170401703789e-01 1.918778537011117322e-02 -1.523499033322394558e+00
2.997000000000000000e+03 2.571014863350229263e+01 8.743671095679056426e-01 1.917153880647779265e-02 -1.516899291147753015e+00
2.998000000000000000e+03 2.566504412109155808e+01 8.708281701753891602e-01 1.915530624973016058e-02 -1.510256902146791091e+00
2.999000000000000000e+03 2.561987929408439513e+01 8.673218110944007631e-01 1.913908753316050093e-02 -1.503576615595568988e+00
3.000000000000000000e+03 2.557451117778007088e+01 8.638397060980583797e-01 1.912288250466951181e-02 -1.496863172426078581e+00
3.001000000000000000e+03 2.552901898276083514e+01 8.603958330370679031e-01 1.910669102718876716e-02 -1.490113665496544559e+00
3.002000000000000000e+03 2.548333162553963049e+01 8.569744774967832379e-01 1.909051297898455360e-02 -1.483339187806993476e+00
3.003000000000000000e+03 2.543760020424304003e+01 8.535896577067004776e-01 1.907434825384839161e-02 -1.476535758602348203e+00
3.004000000000000000e+03 2.539160408347456865e+01 8.502331255199356841e-01 1.905819676118082617e-02 -1.469699394119850400e+00
3.005000000000000000e+03 2.534549373012153595e+01 8.469115082537977957e-01 1.904205842594740641e-02 -1.462840965603009247e+00
3.006000000000000000e+03 2.529927073069591970e+01 8.436165953705060394e-01 1.902593318853364884e-02 -1.455956487204518091e+00
3.007000000000000000e+03 2.525278779427143760e+01 8.403624803026076284e-01 1.900982100442253492e-02 -1.449049402330720993e+00
3.008000000000000000e+03 2.520619445750838494e+01 8.371335620675995903e-01 1.899372184392579890e-02 -1.442123156574353748e+00
3.009000000000000000e+03 2.515941710520328556e+01 8.339365437785900559e-01 1.897763569159482272e-02 -1.435166342285640440e+00
3.010000000000000000e+03 2.511245611039897696e+01 8.307781476446598479e-01 1.896156254564753535e-02 -1.428197269933889180e+00
3.011000000000000000e+03 2.506538584148457716e+01 8.276502583137991254e-01 1.894550241726041320e-02 -1.421211970903385025e+00
3.012000000000000000e+03 2.501805753624372031e+01 8.245522079593506914e-01 1.892945532978965867e-02 -1.414206483779555157e+00
3.013000000000000000e+03 2.497061929533811053e+01 8.214907763080230296e-01 1.891342131783954605e-02 -1.407184283921508516e+00
3.014000000000000000e+03 2.492299610760672834e+01 8.184653339595827637e-01 1.889740042632706216e-02 -1.400156284671260964e+00
3.015000000000000000e+03 2.487518699467688776e+01 8.154752707495985797e-01 1.888139270939994188e-02 -1.393118553498775558e+00
3.016000000000000000e+03 2.482719073877554194e+01 8.125133102389107131e-01 1.886539822932867261e-02 -1.386067169884633188e+00
3.017000000000000000e+03 2.477900589467700598e+01 8.095885375963569608e-01 1.884941705532130682e-02 -1.379005654838608486e+00
3.018000000000000000e+03 2.473070508570257076e+01 8.066981718569549153e-01 1.883344926233285199e-02 -1.371937543703837248e+00
3.019000000000000000e+03 2.468213788266791653e+01 8.038416797688689996e-01 1.881749492972939822e-02 -1.364873815647396293e+00
3.020000000000000000e+03 2.463345080172507906e+01 8.010200329319348000e-01 1.880155414011162526e-02 -1.357795753035357045e+00
3.021000000000000000e+03 2.458456733343902201e+01 7.982327364236260214e-01 1.878562697787827807e-02 -1.350721797697038706e+00
3.022000000000000000e+03 2.453541080705999633e+01 7.954808000972497517e-01 1.876971352804103488e-02 -1.343648125221016398e+00
3.023000000000000000e+03 2.448620153836765567e+01 7.927630243574351754e-01 1.875381387484214082e-02 -1.336578359439736019e+00
3.024000000000000000e+03 2.443671400844763753e+01 7.900804571131239129e-01 1.873792810050977850e-02 -1.329508716798683210e+00
3.025000000000000000e+03 2.438709399588659466e+01 7.874326795377040167e-01 1.872205628400424801e-02 -1.322450292462516330e+00
3.026000000000000000e+03 2.433733860568677798e+01 7.848200345017816160e-01 1.870619849979424792e-02 -1.315399347955404252e+00
3.027000000000000000e+03 2.428737056586680865e+01 7.822421408232669293e-01 1.869035481671425802e-02 -1.308359597239173722e+00
3.028000000000000000e+03 2.423718680713509244e+01 7.797001216851269234e-01 1.867452529687377988e-02 -1.301334779376372541e+00
3.029000000000000000e+03 2.418693275853794233e+01 7.771928903655497267e-01 1.865870999461086491e-02 -1.294321231179425213e+00
3.030000000000000000e+03 2.413645665798016893e+01 7.747216071459867015e-01 1.864290895558089189e-02 -1.287330173246956866e+00
3.031000000000000000e+03 2.408590383108785105e+01 7.722844793566412402e-01 1.862712221588859116e-02 -1.280350569184160570e+00
3.032000000000000000e+03 2.403512243326171216e+01 7.698819611050918832e-01 1.861134980133857808e-02 -1.273393696662176833e+00
3.033000000000000000e+03 2.398418344342922381e+01 7.675137818125367106e-01 1.859559172678806535e-02 -1.266456006610902518e+00
3.034000000000000000e+03 2.393315782187060137e+01 7.651811745881689220e-01 1.857984799562965861e-02 -1.259548837550148681e+00
3.035000000000000000e+03 2.388189366708962069e+01 7.628824190814409434e-01 1.856411859935522268e-02 -1.252661274754773402e+00
3.036000000000000000e+03 2.383053620670887796e+01 7.606180411828038501e-01 1.854840351726918038e-02 -1.245804721258588543e+00
3.037000000000000000e+03 2.377900781829251642e+01 7.583878415324807332e-01 1.853270271630343136e-02 -1.238975756991494537e+00
3.038000000000000000e+03 2.372737945113495428e+01 7.561916381977218382e-01 1.851701615099290293e-02 -1.232178424704590602e+00
3.039000000000000000e+03 2.367557349544506806e+01 7.540292665085827073e-01 1.850134376355237753e-02 -1.225409374129698081e+00
3.040000000000000000e+03 2.362366091846115168e+01 7.519005788873419638e-01 1.848568548407375847e-02 -1.218672719525417447e+00
3.041000000000000000e+03 2.357163841496134893e+01 7.498047018366343908e-01 1.847004123087380573e-02 -1.211980040508220391e+00
3.042000000000000000e+03 2.351950269070949773e+01 7.477430070966285536e-01 1.845441091094118802e-02 -1.205320669467423667e+00
3.043000000000000000e+03 2.346725046134639925e+01 7.457139116109414712e-01 1.843879442052011319e-02 -1.198706262467754025e+00
3.044000000000000000e+03 2.341487845026076542e+01 7.437173343420470095e-01 1.842319164581157978e-02 -1.192126229933256010e+00
3.045000000000000000e+03 2.336245766898453979e+01 7.417532104007782401e-01 1.840760246379455345e-02 -1.185592307518561928e+00
3.046000000000000000e+03 2.330991056265032668e+01 7.398214908404279200e-01 1.839202674306684646e-02 -1.179101415111121876e+00
3.047000000000000000e+03 2.325723385559593837e+01 7.379206567752317758e-01 1.837646434493783038e-02 -1.172650514268727573e+00
3.048000000000000000e+03 2.320449854566123449e+01 7.360521761740022040e-01 1.836091512442348389e-02 -1.166258893990275602e+00
3.049000000000000000e+03 2.315170133075526948e+01 7.342145609581000043e-01 1.834537893152148047e-02 -1.159908744616300336e+00
3.050000000000000000e+03 2.309883888528902318e+01 7.324078237850363271e-01 1.832985561233767269e-02 -1.153604585315603615e+00
3.051000000000000000e+03 2.304590721684739663e+01 7.306320408305173597e-01 1.831434501046870153e-02 -1.147358352926068026e+00
3.052000000000000000e+03 2.299289975099281236e+01 7.288860119332970511e-01 1.829884696826750493e-02 -1.141166952176350113e+00
3.053000000000000000e+03 2.293980922993811333e+01 7.271700856437431915e-01 1.828336132826351504e-02 -1.135027278389090233e+00
3.054000000000000000e+03 2.288670262305543446e+01 7.254846246252819597e-01 1.826788793453752724e-02 -1.128943701563952962e+00
3.055000000000000000e+03 2.283357255102145444e+01 7.238292625702974492e-01 1.825242663413596117e-02 -1.122920638614632871e+00
3.056000000000000000e+03 2.278041156042720772e+01 7.222043896171143063e-01 1.823697727845756053e-02 -1.116947697234606851e+00
3.057000000000000000e+03 2.272721211495049332e+01 7.206089235879732380e-01 1.822153972464493968e-02 -1.111044246543218428e+00
3.058000000000000000e+03 2.267404087020491943e+01 7.190432810684589393e-01 1.820611383695865115e-02 -1.105199990805975085e+00
3.059000000000000000e+03 2.262074153135815635e+01 7.175071486382561536e-01 1.819069948803975212e-02 -1.099412111685543314e+00
3.060000000000000000e+03 2.256752911316776888e+01 7.159994826034465909e-01 1.817529656025776083e-02 -1.093692697068342268e+00
3.061000000000000000e+03 2.251417281395935177e+01 7.145214800657778698e-01 1.815990494683728668e-02 -1.088031599765977520e+00
3.062000000000000000e+03 2.246088741075162432e+01 7.130721216384545702e-01 1.814452455303145612e-02 -1.082441008045158970e+00
3.063000000000000000e+03 2.240759041800914630e+01 7.116511425092679755e-01 1.812915529713277074e-02 -1.076910875929953493e+00
3.064000000000000000e+03 2.235427349970405686e+01 7.102590321607319401e-01 1.811379711144776861e-02 -1.071446065331619346e+00
3.065000000000000000e+03 2.230092818121578091e+01 7.088940627474756839e-01 1.809844994310384411e-02 -1.066051489701236754e+00
3.066000000000000000e+03 2.224762012916337284e+01 7.075574886562440158e-01 1.808311375484580180e-02 -1.060724686006693007e+00
3.067000000000000000e+03 2.219426629822169517e+01 7.062476035382262429e-01 1.806778852556946424e-02 -1.055463243384021199e+00
3.068000000000000000e+03 2.214093206350716159e+01 7.049649398643171860e-01 1.805247425086174348e-02 -1.050272231762221065e+00
3.069000000000000000e+03 2.208760836954610340e+01 7.037092972930028001e-01 1.803717094332728602e-02 -1.045149345410651520e+00
3.070000000000000000e+03 2.203436029789503436e+01 7.024804852112648268e-01 1.802187863282732685e-02 -1.040099759860624973e+00
3.071000000000000000e+03 2.198110421841625950e+01 7.012768367684707460e-01 1.800659736657160906e-02 -1.035121275398988239e+00
3.072000000000000000e+03 2.192783064275499072e+01 7.000996655886747577e-01 1.799132720903820828e-02 -1.030219173935506882e+00
3.073000000000000000e+03 2.187460422850284303e+01 6.989473227908175046e-01 1.797606824179632384e-02 -1.025383934092095384e+00
3.074000000000000000e+03 2.182141521754750357e+01 6.978196536976370989e-01 1.796082056321695458e-02 -1.020620944716644996e+00
3.075000000000000000e+03 2.176832800960929504e+01 6.967172546980439085e-01 1.794558428792477484e-02 -1.015935648268250224e+00
3.076000000000000000e+03 2.171518403591558055e+01 6.956385016028596713e-01 1.793035954629165762e-02 -1.011318684175809945e+00
3.077000000000000000e+03 2.166212175252022121e+01 6.945832635146708123e-01 1.791514648361342346e-02 -1.006783030621503094e+00
3.078000000000000000e+03 2.160913094916261201e+01 6.935514168511570654e-01 1.789994525935337255e-02 -1.002319434445306356e+00
3.079000000000000000e+03 2.155620132716361326e+01 6.925428450375158418e-01 1.788475604612354761e-02 -9.979261245256938473e-01
3.080000000000000000e+03 2.150332251126901539e+01 6.915566953628121682e-01 1.786957902863057709e-02 -9.936088117336905334e-01
3.081000000000000000e+03 2.145048406237104643e+01 6.905913786704841462e-01 1.785441440250259276e-02 -9.893732605112608436e-01
3.082000000000000000e+03 2.139767549102702304e+01 6.896482832231647375e-01 1.783926237303701950e-02 -9.852104320744951016e-01
3.083000000000000000e+03 2.134496055518712865e+01 6.887258317115132478e-01 1.782412315384288709e-02 -9.811217406836800770e-01
3.084000000000000000e+03 2.129225442452299433e+01 6.878231951177300463e-01 1.780899696544695904e-02 -9.771101394782836236e-01
3.085000000000000000e+03 2.123969511328431636e+01 6.869410352384631713e-01 1.779388403383670020e-02 -9.731749204636996886e-01
3.086000000000000000e+03 2.118712351152626638e+01 6.860777901971759629e-01 1.777878458893124292e-02 -9.693154284954101918e-01
3.087000000000000000e+03 2.113475195266563134e+01 6.852333883063996822e-01 1.776369886306006923e-02 -9.655325467360424962e-01
3.088000000000000000e+03 2.108234711116097060e+01 6.844070192495572691e-01 1.774862708941177605e-02 -9.618264679155655861e-01
3.089000000000000000e+03 2.103012142080699576e+01 6.835993622728130381e-01 1.773356950046625982e-02 -9.581959512408345647e-01
3.090000000000000000e+03 2.097791597241009853e+01 6.828081288616637545e-01 1.771852632641477895e-02 -9.546420362949513683e-01
3.091000000000000000e+03 2.092586908133381129e+01 6.820340051078386256e-01 1.770349779369357821e-02 -9.511643285669317827e-01
3.092000000000000000e+03 2.087389631870687623e+01 6.812761943861115332e-01 1.768848412343041257e-02 -9.477632276426802838e-01
3.093000000000000000e+03 2.082206194424853507e+01 6.805346455464881261e-01 1.767348553002677861e-02 -9.444376983677769122e-01
3.094000000000000000e+03 2.077028178704585670e+01 6.798070812615716330e-01 1.765850221978080420e-02 -9.411874990029102106e-01
3.095000000000000000e+03 2.071869467721993274e+01 6.790949403947215135e-01 1.764353438953113543e-02 -9.380131808574559971e-01
3.096000000000000000e+03 2.066714247482466149e+01 6.783959493382010209e-01 1.762858222547820236e-02 -9.349123737319690042e-01
3.097000000000000000e+03 2.061576435044849376e+01 6.777108072175003217e-01 1.761364590203677929e-02 -9.318872138704298314e-01
3.098000000000000000e+03 2.056447681235318115e+01 6.770379857360204756e-01 1.759872558078290350e-02 -9.289354295273740680e-01
3.099000000000000000e+03 2.051327085113145898e+01 6.763774430408748817e-01 1.758382140954033168e-02 -9.260577688911743044e-01
3.100000000000000000e+03 2.046228623277446346e+01 6.757276520743731307e-01 1.756893352164301536e-02 -9.232535426336068163e-01
3.101000000000000000e+03 2.041136548076876522e+01 6.750893611556155749e-01 1.755406203519773931e-02 -9.205214781229709153e-01
3.102000000000000000e+03 2.036064717541607294e+01 6.744620196403060541e-01 1.753920705256564044e-02 -9.178615401233761739e-01
3.103000000000000000e+03 2.031004695118905090e+01 6.738436374748247859e-01 1.752436866001948201e-02 -9.152738519865516453e-01
3.104000000000000000e+03 2.025955496072156947e+01 6.732359380243740921e-01 1.750954692742782287e-02 -9.127593261654888268e-01
3.105000000000000000e+03 2.020923587817569000e+01 6.726376722558098376e-01 1.749474190821287065e-02 -9.103174352086680354e-01
3.106000000000000000e+03 2.015908033428144819e+01 6.720475897775668450e-01 1.747995363933564639e-02 -9.079484397535358964e-01
3.107000000000000000e+03 2.010907920056066089e+01 6.714666670462362541e-01 1.746518214151115966e-02 -9.056511594993049696e-01
3.108000000000000000e+03 2.005922358873434419e+01 6.708936500598675634e-01 1.745042741951127394e-02 -9.034266868498509462e-01
3.109000000000000000e+03 2.000950484883753688e+01 6.703287682384680979e-01 1.743568946269135125e-02 -9.012746721962938690e-01
3.110000000000000000e+03 1.995998884957630182e+01 6.697707627915449047e-01 1.742096824552690632e-02 -8.991948090350609935e-01
3.111000000000000000e+03 1.991059312345738519e+01 6.692206006030112508e-01 1.740626372839636574e-02 -8.971875762411841704e-01
3.112000000000000000e+03 1.986138399527213849e+01 6.686755312632197690e-01 1.739157585842096218e-02 -8.952520089920551483e-01
3.113000000000000000e+03 1.981235372496283631e+01 6.681380008039643492e-01 1.737690457046812964e-02 -8.933886695269552813e-01
3.114000000000000000e+03 1.976349478347232846e+01 6.676052517255102181e-01 1.736224978821253317e-02 -8.915959323817128634e-01
3.115000000000000000e+03 1.971479984414666475e+01 6.670782367370027277e-01 1.734761142533128644e-02 -8.898744407995289318e-01
3.116000000000000000e+03 1.966626177328282665e+01 6.665564186342727293e-01 1.733298938679670928e-02 -8.882226491117980460e-01
3.117000000000000000e+03 1.961794790342216999e+01 6.660392556959534582e-01 1.731838357017007751e-02 -8.866397934597254338e-01
3.118000000000000000e+03 1.956985145548277316e+01 6.655262014125240544e-01 1.730379386710872644e-02 -8.851266340013671519e-01
3.119000000000000000e+03 1.952196581085564731e+01 6.650174470538142701e-01 1.728922016474872259e-02 -8.836824829335968579e-01
3.120000000000000000e+03 1.947421021606593072e+01 6.645116928996169792e-01 1.727466234727858402e-02 -8.823059466795253325e-01
3.121000000000000000e+03 1.942672690463449925e+01 6.640098621541266066e-01 1.726012029740765091e-02 -8.809971537358936011e-01
3.122000000000000000e+03 1.937943538372188002e+01 6.635106436785985773e-01 1.724559389795509573e-02 -8.797547826651175296e-01
3.123000000000000000e+03 1.933240383922912997e+01 6.630134630780072369e-01 1.723108303340085967e-02 -8.785775470871611814e-01
3.124000000000000000e+03 1.928555198942690652e+01 6.625177396164428911e-01 1.721658759138382580e-02 -8.774656806609043569e-01
3.125000000000000000e+03 1.923887392327419832e+01 6.620243716414773161e-01 1.720210746421199297e-02 -8.764179650447680991e-01
3.126000000000000000e+03 1.919251237202275107e+01 6.615320221673928192e-01 1.718764255032932328e-02 -8.754347005266605031e-01
3.127000000000000000e+03 1.914631299671168208e+01 6.610400899778263728e-01 1.717319275567089770e-02 -8.745132482927064910e-01
3.128000000000000000e+03 1.910034436171400429e+01 6.605487093924488073e-01 1.715875799505569427e-02 -8.736539723753666831e-01
3.129000000000000000e+03 1.905460079038254761e+01 6.600572643679992746e-01 1.714433819340964102e-02 -8.728550390648521784e-01
3.130000000000000000e+03 1.900915092243928939e+01 6.595651311087994406e-01 1.712993328691902323e-02 -8.721153874946770967e-01
3.131000000000000000e+03 1.896384057117210276e+01 6.590731635168042279e-01 1.711554322406517309e-02 -8.714339860406491445e-01
3.132000000000000000e+03 1.891888698357119125e+01 6.585792359659458084e-01 1.710116796663462349e-02 -8.708098315437033943e-01
3.133000000000000000e+03 1.887406171490570017e+01 6.580841857716202004e-01 1.708680749047554112e-02 -8.702419485212237182e-01
3.134000000000000000e+03 1.882958202491439792e+01 6.575873559744592756e-01 1.707246178621161722e-02 -8.697286455322245091e-01
3.135000000000000000e+03 1.878529375455480377e+01 6.570880808090858727e-01 1.705813085984284050e-02 -8.692697428714023511e-01
3.136000000000000000e+03 1.874126559046456464e+01 6.565864283427892412e-01 1.704381473310693021e-02 -8.688628575719351543e-01
3.137000000000000000e+03 1.869749192859512377e+01 6.560809717789241047e-01 1.702951344379411563e-02 -8.685078595826979386e-01
3.138000000000000000e+03 1.865396715658732774e+01 6.555725034455063271e-01 1.701522704587848586e-02 -8.682024139146373720e-01
3.139000000000000000e+03 1.861068565388898932e+01 6.550603204386211686e-01 1.700095560945718079e-02 -8.679464367969670358e-01
3.140000000000000000e+03 1.856764179312080643e+01 6.545429672809113253e-01 1.698669922066461946e-02 -8.677376378031723680e-01
3.141000000000000000e+03 1.852482994268226335e+01 6.540212070904160013e-01 1.697245798126383390e-02 -8.675752331525138361e-01
3.142000000000000000e+03 1.848231875408098901e+01 6.534943072391473651e-01 1.695823200825619104e-02 -8.674569734871967475e-01
3.143000000000000000e+03 1.844002831644181128e+01 6.529622676971188477e-01 1.694402143325895657e-02 -8.673828571560511236e-01
3.144000000000000000e+03 1.839802729668096148e+01 6.524250780414316830e-01 1.692982640177569456e-02 -8.673499294695070638e-01
3.145000000000000000e+03 1.835623581275521232e+01 6.518819744705575125e-01 1.691564707234530229e-02 -8.673574816374906016e-01
3.146000000000000000e+03 1.831472257596257336e+01 6.513321824939665161e-01 1.690148361549869555e-02 -8.674040785147589805e-01
3.147000000000000000e+03 1.827348204968443568e+01 6.507764024618817311e-01 1.688733621273671645e-02 -8.674883005151904358e-01
3.148000000000000000e+03 1.823250874301428226e+01 6.502138380902647841e-01 1.687320505527204612e-02 -8.676079998501300405e-01
3.149000000000000000e+03 1.819172293816802366e+01 6.496436820011302071e-01 1.685909034275084872e-02 -8.677617852669819998e-01
3.150000000000000000e+03 1.815119355259272638e+01 6.490666012681522989e-01 1.684499228185855346e-02 -8.679475354433450196e-01
3.151000000000000000e+03 1.811091547961853010e+01 6.484817741019043291e-01 1.683091108488686538e-02 -8.681647760202374497e-01
3.152000000000000000e+03 1.807095870504496560e+01 6.478883998396630650e-01 1.681684696819443769e-02 -8.684114128871210925e-01
3.153000000000000000e+03 1.803117064922573221e+01 6.472871600730644159e-01 1.680280015068778832e-02 -8.686877398464705191e-01
3.154000000000000000e+03 1.799162170236663272e+01 6.466764962250113324e-01 1.678877085220413512e-02 -8.689925740267580023e-01
3.155000000000000000e+03 1.795230810389087850e+01 6.460570664615900016e-01 1.677475929192669829e-02 -8.693247406078059569e-01
3.156000000000000000e+03 1.791330052281466934e+01 6.454287742589934762e-01 1.676076568676883663e-02 -8.696838147120073970e-01
3.157000000000000000e+03 1.787444693697947429e+01 6.447907683157685366e-01 1.674679024975573444e-02 -8.700693776269874391e-01
3.158000000000000000e+03 1.783589263056094509e+01 6.441429281402453189e-01 1.673283318849361212e-02 -8.704787873608831328e-01
3.159000000000000000e+03 1.779756022217057065e+01 6.434843783031276576e-01 1.671889470359849347e-02 -8.709131203860995818e-01
3.160000000000000000e+03 1.775944681099464972e+01 6.428164597053515061e-01 1.670497498722467444e-02 -8.713712280269866328e-01
3.161000000000000000e+03 1.772162398831873276e+01 6.421375296658387022e-01 1.669107422163385035e-02 -8.718512212028362018e-01
3.162000000000000000e+03 1.768401499783051634e+01 6.414474188696578372e-01 1.667719257789248774e-02 -8.723526980115791085e-01
3.163000000000000000e+03 1.764661759612076963e+01 6.407474313112306863e-01 1.666333021456514393e-02 -8.728745143101606097e-01
3.164000000000000000e+03 1.760942977826003641e+01 6.400351443973868459e-01 1.664948727658984579e-02 -8.734162684772668328e-01
3.165000000000000000e+03 1.757252406937803002e+01 6.393125800859752461e-01 1.663566389421372582e-02 -8.739768148441222628e-01
3.166000000000000000e+03 1.753582468114998960e+01 6.385780336589397255e-01 1.662186018210042721e-02 -8.745550056390645199e-01
3.167000000000000000e+03 1.749933036814442744e+01 6.378312735309427106e-01 1.660807623849208312e-02 -8.751504329416550654e-01
3.168000000000000000e+03 1.746311443244800898e+01 6.370735412177817025e-01 1.659431214455266493e-02 -8.757611993065159695e-01
3.169000000000000000e+03 1.742702759301528204e+01 6.363030942996601436e-01 1.658056796384234713e-02 -8.763868882430425611e-01
3.170000000000000000e+03 1.739129225574298587e+01 6.355211490797616491e-01 1.656684374196042489e-02 -8.770263348609181886e-01
3.171000000000000000e+03 1.735568539566303770e+01 6.347259378874534619e-01 1.655313950625570893e-02 -8.776783678672672728e-01
3.172000000000000000e+03 1.732035567484015104e+01 6.339186517467451099e-01 1.653945526577651690e-02 -8.783418087406182906e-01
3.173000000000000000e+03 1.728522917236594836e+01 6.330974976893025685e-01 1.652579101132252079e-02 -8.790169565872619772e-01
3.174000000000000000e+03 1.725030651503408663e+01 6.322643842677672099e-01 1.651214671567459782e-02 -8.797003874948153834e-01
3.175000000000000000e+03 1.721558858917145685e+01 6.314167503735207410e-01 1.649852233389569045e-02 -8.803931249290817274e-01
3.176000000000000000e+03 1.718115081817359524e+01 6.305564792647637695e-01 1.648491780390487146e-02 -8.810932106082987048e-01
3.177000000000000000e+03 1.714684602126697044e+01 6.296832130640437342e-01 1.647133304705047235e-02 -8.817986750808801677e-01
3.178000000000000000e+03 1.711282438959051788e+01 6.287965812807828625e-01 1.645776796893930541e-02 -8.825097654812716907e-01
3.179000000000000000e+03 1.707893920859376280e+01 6.278976865036789423e-01 1.644422246029972681e-02 -8.832296876290018917e-01
3.180000000000000000e+03 1.704534111540096575e+01 6.269853902526422162e-01 1.643069639802063886e-02 -8.839460344302634276e-01
3.181000000000000000e+03 1.701195810264548314e+01 6.260600271857822419e-01 1.641718964627061558e-02 -8.846686697545136369e-01
3.182000000000000000e+03 1.697879263992910737e+01 6.251226623009520367e-01 1.640370205773448997e-02 -8.853851576364499820e-01
3.183000000000000000e+03 1.694577309346174232e+01 6.241721196369807156e-01 1.639023347489382623e-02 -8.861127600439969720e-01
3.184000000000000000e+03 1.691305084601538056e+01 6.232094393297763490e-01 1.637678373144764096e-02 -8.868315810551926637e-01
3.185000000000000000e+03 1.688048029776078351e+01 6.222334206527931899e-01 1.636335265380082019e-02 -8.875439930017906542e-01
3.186000000000000000e+03 1.684813883566424053e+01 6.212443362474987518e-01 1.634994006250426943e-02 -8.882597791226165551e-01
3.187000000000000000e+03 1.681602968400098419e+01 6.202424465131857190e-01 1.633654577383259962e-02 -8.889664195286046677e-01
3.188000000000000000e+03 1.678408188864487016e+01 6.192279996714302737e-01 1.632316960135187303e-02 -8.896662323317560128e-01
3.189000000000000000e+03 1.675237315175498054e+01 6.181997461650279302e-01 1.630981135752143651e-02 -8.903615163339844152e-01
3.190000000000000000e+03 1.672090696546172950e+01 6.171586529066686033e-01 1.629647085523281205e-02 -8.910471220772763212e-01
3.191000000000000000e+03 1.668961259619738513e+01 6.161049320167829579e-01 1.628314790940302639e-02 -8.917253079556128892e-01
3.192000000000000000e+03 1.665849363629210345e+01 6.150387837410089542e-01 1.626984233847910202e-02 -8.923908829364517459e-01
3.193000000000000000e+03 1.662755370544090994e+01 6.139596537019541556e-01 1.625655396593309737e-02 -8.930460626935403656e-01
3.194000000000000000e+03 1.659687071967120886e+01 6.128677186603688209e-01 1.624328262171092357e-02 -8.936856123487444403e-01
3.195000000000000000e+03 1.656637402690557082e+01 6.117638866106265283e-01 1.623002814355144555e-02 -8.943117026246342194e-01
3.196000000000000000e+03 1.653599296074820657e+01 6.106475683753121997e-01 1.621679037828228920e-02 -8.949190526055519346e-01
3.197000000000000000e+03 1.650587967858313831e+01 6.095189062141657121e-01 1.620356918301342139e-02 -8.955172142591212303e-01
3.198000000000000000e+03 1.647596344905029397e+01 6.083780310970549055e-01 1.619036442622828753e-02 -8.960934301649332578e-01
3.199000000000000000e+03 1.644624777552925465e+01 6.072250628160943409e-01 1.617717598872098900e-02 -8.966497747543824559e-01
3.200000000000000000e+03 1.641666181966439808e+01 6.060593672666880760e-01 1.616400376447477832e-02 -8.971882971075814117e-01
3.201000000000000000e+03 1.638720937682653656e+01 6.048824995524252346e-01 1.615084766136081970e-02 -8.977036493815113705e-01
3.202000000000000000e+03 1.635804440285819794e+01 6.036929191979938381e-01 1.613770760174415564e-02 -8.981981148423348049e-01
3.203000000000000000e+03 1.632894977317696927e+01 6.024905323528612078e-01 1.612458352294053598e-02 -8.986665788702836721e-01
3.204000000000000000e+03 1.630007969628221787e+01 6.012767202780048281e-01 1.611147537751636549e-02 -8.991113279189021368e-01
3.205000000000000000e+03 1.627136544229124127e+01 6.000498824708638823e-01 1.609838313345809263e-02 -8.995346207044383480e-01
3.206000000000000000e+03 1.624281247478281998e+01 5.988121223192529596e-01 1.608530677417495738e-02 -8.999312594036940061e-01
3.207000000000000000e+03 1.621442616640264589e+01 5.975618188932466657e-01 1.607224629839998364e-02 -9.002960175611072202e-01
3.208000000000000000e+03 1.618628608273384728e+01 5.962995697709705389e-01 1.605920171989088513e-02 -9.006384963546546496e-01
3.209000000000000000e+03 1.615817456638731997e+01 5.950259626823579673e-01 1.604617306705916763e-02 -9.009608391196212152e-01
3.210000000000000000e+03 1.613031957482739642e+01 5.937408328262733237e-01 1.603316038236753116e-02 -9.012428742316780372e-01
3.211000000000000000e+03 1.610257756579562027e+01 5.924440058606835757e-01 1.602016372172523559e-02 -9.015015415019838052e-01
3.212000000000000000e+03 1.607502777037506192e+01 5.911360408960113499e-01 1.600718315360054669e-02 -9.017314649779237801e-01
3.213000000000000000e+03 1.604760078154731673e+01 5.898160021511495987e-01 1.599421875819932379e-02 -9.019346659570862679e-01
3.214000000000000000e+03 1.602037569522126503e+01 5.884851732927263157e-01 1.598127062630859060e-02 -9.021057059100147102e-01
3.215000000000000000e+03 1.599320870060327593e+01 5.871418577565363783e-01 1.596833885831617714e-02 -9.022391144647682326e-01
3.216000000000000000e+03 1.596625307336899979e+01 5.857873215972496661e-01 1.595542356286619792e-02 -9.023516741030079835e-01
3.217000000000000000e+03 1.593943920047247076e+01 5.844213366501231910e-01 1.594252485562039356e-02 -9.024229930153013779e-01
3.218000000000000000e+03 1.591269744054745949e+01 5.830436663754116067e-01 1.592964285788219317e-02 -9.024623599226773152e-01
3.219000000000000000e+03 1.588610670126374202e+01 5.816540660350250080e-01 1.591677769518563129e-02 -9.024641736572092121e-01
3.220000000000000000e+03 1.585967159951422012e+01 5.802537685414832502e-01 1.590392949583026988e-02 -9.024376562582123729e-01
3.221000000000000000e+03 1.583332247233651380e+01 5.788432561338515692e-01 1.589109838939458189e-02 -9.023771392800932212e-01
3.222000000000000000e+03 1.580706395494830652e+01 5.774207748907145277e-01 1.587828450523267459e-02 -9.022769202157890911e-01
3.223000000000000000e+03 1.578097499176688068e+01 5.759882775953021339e-01 1.586548797098377012e-02 -9.021386905848000071e-01
3.224000000000000000e+03 1.575498599679225720e+01 5.745447384070243579e-01 1.585270891106982730e-02 -9.019715356858371003e-01
3.225000000000000000e+03 1.572902743125670355e+01 5.730913528950949409e-01 1.583994744523765236e-02 -9.017696493145554992e-01
3.226000000000000000e+03 1.570325266441559542e+01 5.716278240534754529e-01 1.582720368712615261e-02 -9.015271902485352262e-01
3.227000000000000000e+03 1.567751799884170971e+01 5.701538481625073596e-01 1.581447774288347388e-02 -9.012457103984026219e-01
3.228000000000000000e+03 1.565190266417613785e+01 5.686706006519427481e-01 1.580176970986570117e-02 -9.009267262756912586e-01
3.229000000000000000e+03 1.562641169167250688e+01 5.671770221201122286e-01 1.578907967540803259e-02 -9.005717188279603880e-01
3.230000000000000000e+03 1.560097592197759475e+01 5.656735327046040762e-01 1.577640771564778333e-02 -9.001747049415940172e-01
3.231000000000000000e+03 1.557552629555347501e+01 5.641612894438907677e-01 1.576375389448466183e-02 -8.997445223634864542e-01
3.232000000000000000e+03 1.555029099266740822e+01 5.626399579699498110e-01 1.575111826263056805e-02 -8.992751161893098866e-01
3.233000000000000000e+03 1.552505260333614423e+01 5.611099412120202912e-01 1.573850085675525950e-02 -8.987603954718861310e-01
3.234000000000000000e+03 1.549981668274664059e+01 5.595716367610903408e-01 1.572590169878554378e-02 -8.982165181985264368e-01
3.235000000000000000e+03 1.547473747052922022e+01 5.580246942352017347e-01 1.571332079529918699e-02 -8.976298927848203046e-01
3.236000000000000000e+03 1.544967219135497238e+01 5.564709868205525156e-01 1.570075813708880427e-02 -8.970017481406633575e-01
3.237000000000000000e+03 1.542470103987264807e+01 5.549101544630504756e-01 1.568821369878289212e-02 -8.963332769534265720e-01
3.238000000000000000e+03 1.539975576240315647e+01 5.533418325755216083e-01 1.567568743873346340e-02 -8.956256356907633664e-01
3.239000000000000000e+03 1.537484250543377584e+01 5.517671379105012486e-01 1.566317929890839039e-02 -8.948873729726428694e-01
3.240000000000000000e+03 1.535004181238759635e+01 5.501864402582030689e-01 1.565068920503129984e-02 -8.940972878610198293e-01
3.241000000000000000e+03 1.532521148518037357e+01 5.485993626500146325e-01 1.563821706674253798e-02 -8.932787134220439018e-01
3.242000000000000000e+03 1.530043227962412722e+01 5.470070100672083102e-01 1.562576277803274030e-02 -8.924178049516702238e-01
3.243000000000000000e+03 1.527571076466425914e+01 5.454089983047659684e-01 1.561332621772722890e-02 -8.915155385243181962e-01
3.244000000000000000e+03 1.525105359803328753e+01 5.438049398455234718e-01 1.560090725005924307e-02 -8.905728544073000519e-01
3.245000000000000000e+03 1.522639323385983801e+01 5.421966725693234679e-01 1.558850572548608517e-02 -8.895906571938375640e-01
3.246000000000000000e+03 1.520173647981109077e+01 5.405838029470720896e-01 1.557612148149368353e-02 -8.885623876030157575e-01
3.247000000000000000e+03 1.517716448633014359e+01 5.389659347498967357e-01 1.556375434361072924e-02 -8.875037360483717386e-01
3.248000000000000000e+03 1.515260988454811297e+01 5.373441549232679249e-01 1.555140412643749720e-02 -8.864006443701641924e-01
3.249000000000000000e+03 1.512800534098044203e+01 5.357195481207981391e-01 1.553907063483643894e-02 -8.852613044874066972e-01
3.250000000000000000e+03 1.510350639509361237e+01 5.340909684029070403e-01 1.552675366511464816e-02 -8.840790168624734768e-01
3.251000000000000000e+03 1.507897172332486058e+01 5.324594634140324967e-01 1.551445300641068198e-02 -8.828618442517244258e-01
3.252000000000000000e+03 1.505440961222768337e+01 5.308252041369091456e-01 1.550216844193309622e-02 -8.815952905550350494e-01
3.253000000000000000e+03 1.502990287473263642e+01 5.291883270391330996e-01 1.548989975045102566e-02 -8.802944791719272688e-01
3.254000000000000000e+03 1.500546000672158975e+01 5.275482244767917273e-01 1.547764670770612749e-02 -8.789596430547412798e-01
3.255000000000000000e+03 1.498094088902543142e+01 5.259072590715112572e-01 1.546540908782841235e-02 -8.775761249943846432e-01
3.256000000000000000e+03 1.495650247396685728e+01 5.242633355615619051e-01 1.545318666481599636e-02 -8.761589480199616364e-01
3.257000000000000000e+03 1.493200450300994220e+01 5.226180721879349900e-01 1.544097921397483836e-02 -8.747008172566506090e-01
3.258000000000000000e+03 1.490760376070453397e+01 5.209708582143421918e-01 1.542878651333969529e-02 -8.731944052970862513e-01
3.259000000000000000e+03 1.488315979295632197e+01 5.193218254668027223e-01 1.541660834508352257e-02 -8.716546375831454307e-01
3.260000000000000000e+03 1.485868059480465320e+01 5.176718485324114383e-01 1.540444449687884861e-02 -8.700741226452943788e-01
3.261000000000000000e+03 1.483424831425812584e+01 5.160210592873424318e-01 1.539229476313214856e-02 -8.684528658536194712e-01
3.262000000000000000e+03 1.480987067330091556e+01 5.143681042588981178e-01 1.538015894628113646e-02 -8.667908414262680550e-01
3.263000000000000000e+03 1.478540667316560508e+01 5.127146018319537202e-01 1.536803685789951864e-02 -8.650879927963522897e-01
3.264000000000000000e+03 1.476101228497239326e+01 5.110599425990256517e-01 1.535592831980396936e-02 -8.633368046360359038e-01
3.265000000000000000e+03 1.473654617225850494e+01 5.094042608946877104e-01 1.534383316496721293e-02 -8.615520166391950063e-01
3.266000000000000000e+03 1.471208966703878751e+01 5.077484349887104731e-01 1.533175123842901721e-02 -8.597260538080989667e-01
3.267000000000000000e+03 1.468764962839179944e+01 5.060911159379938296e-01 1.531968239804436943e-02 -8.578513118986519359e-01
3.268000000000000000e+03 1.466323271966131614e+01 5.044339276225985325e-01 1.530762651508557615e-02 -8.559424428714534905e-01
3.269000000000000000e+03 1.463877111979593693e+01 5.027770099251007707e-01 1.529558347479479177e-02 -8.539917851961521533e-01
3.270000000000000000e+03 1.461427108636926064e+01 5.011205045888494913e-01 1.528355317675099412e-02 -8.519990776633998841e-01
3.271000000000000000e+03 1.458981295278739587e+01 4.994652982397455032e-01 1.527153553515329075e-02 -8.499714598007985789e-01
3.272000000000000000e+03 1.456532827619070680e+01 4.978100512314478920e-01 1.525953047892321564e-02 -8.479011872427354435e-01
3.273000000000000000e+03 1.454082268757038321e+01 4.961571405092607412e-01 1.524753795173836371e-02 -8.457953455563723688e-01
3.274000000000000000e+03 1.451637589256553262e+01 4.945052314419799977e-01 1.523555791188613805e-02 -8.436535656202540645e-01
3.275000000000000000e+03 1.449184453941586526e+01 4.928552206824390325e-01 1.522359033201954072e-02 -8.414680240578229498e-01
3.276000000000000000e+03 1.446730792307237934e+01 4.912072650060004819e-01 1.521163519876578621e-02 -8.392531570760111137e-01
3.277000000000000000e+03 1.444277085537375704e+01 4.895615243222686819e-01 1.519969251223778593e-02 -8.369936624550808890e-01
3.278000000000000000e+03 1.441816367027232104e+01 4.879174190148189427e-01 1.518776228541841335e-02 -8.347039267963598519e-01
3.279000000000000000e+03 1.439363936404861022e+01 4.862758586190032428e-01 1.517584454343560638e-02 -8.323760275201043113e-01
3.280000000000000000e+03 1.436897933440633324e+01 4.846362706524295905e-01 1.516393932277486541e-02 -8.300094467203100734e-01
3.281000000000000000e+03 1.434433622344647752e+01 4.830003149586104549e-01 1.515204667027213355e-02 -8.276110716225589803e-01
3.282000000000000000e+03 1.431963965834754582e+01 4.813666840278468806e-01 1.514016664221194512e-02 -8.251729099954489000e-01
3.283000000000000000e+03 1.429496767824031345e+01 4.797363030062699041e-01 1.512829930320118942e-02 -8.227092323683669051e-01
3.284000000000000000e+03 1.427017532662552135e+01 4.781101013521323884e-01 1.511644472504581303e-02 -8.202045740506759275e-01
3.285000000000000000e+03 1.424541464629083087e+01 4.764875273246610976e-01 1.510460298553243687e-02 -8.176731624093752648e-01
3.286000000000000000e+03 1.422061470555987661e+01 4.748695194804358755e-01 1.509277416720410450e-02 -8.151069188977816404e-01
3.287000000000000000e+03 1.419577874333197087e+01 4.732555354869014685e-01 1.508095835611492248e-02 -8.125126012920933505e-01
3.288000000000000000e+03 1.417083561326345276e+01 4.716465236134237959e-01 1.506915564047104326e-02 -8.098895191311664687e-01
3.289000000000000000e+03 1.414586264551202710e+01 4.700419515392007530e-01 1.505736610940887343e-02 -8.072369625625882561e-01
3.290000000000000000e+03 1.412086280741040767e+01 4.684427778386142660e-01 1.504558985164418210e-02 -8.045542028438964488e-01
3.291000000000000000e+03 1.409583899798995077e+01 4.668484807833135908e-01 1.503382695425187383e-02 -8.018404928494591299e-01
3.292000000000000000e+03 1.407071977523639461e+01 4.652592869865929126e-01 1.502207750133439240e-02 -7.991024959332654332e-01
3.293000000000000000e+03 1.404550793349190307e+01 4.636761715394723815e-01 1.501034157285284151e-02 -7.963394297470206551e-01
3.294000000000000000e+03 1.402028051339563142e+01 4.620986296386347392e-01 1.499861924343956834e-02 -7.935430667645172464e-01
3.295000000000000000e+03 1.399496596077056232e+01 4.605269052212263570e-01 1.498691058132492482e-02 -7.907274482133085369e-01
3.296000000000000000e+03 1.396956698589509571e+01 4.589619910914268797e-01 1.497521564724563908e-02 -7.878843145098249900e-01
3.297000000000000000e+03 1.394416057155947364e+01 4.574034005385473889e-01 1.496353449348304145e-02 -7.850202475535404956e-01
3.298000000000000000e+03 1.391867512983650990e+01 4.558513959618938349e-01 1.495186716302001478e-02 -7.821343862252970736e-01
3.299000000000000000e+03 1.389311335902684519e+01 4.543069889871672595e-01 1.494021368874995544e-02 -7.792258552928252868e-01
3.300000000000000000e+03 1.386747796569932589e+01 4.527697120743763848e-01 1.492857409274250813e-02 -7.763011943222757338e-01
3.301000000000000000e+03 1.384177159232480925e+01 4.512405793683760269e-01 1.491694838569412700e-02 -7.733519708046333596e-01
3.302000000000000000e+03 1.381599658999551572e+01 4.497198265027625985e-01 1.490533656647021442e-02 -7.703916153096046493e-01
3.303000000000000000e+03 1.379015525195516112e+01 4.482061996641497070e-01 1.489373862170998396e-02 -7.674111591336747473e-01
3.304000000000000000e+03 1.376424989217061601e+01 4.467014233000477508e-01 1.488215452558224253e-02 -7.644090506757955650e-01
3.305000000000000000e+03 1.373828284590666904e+01 4.452042575337574748e-01 1.487058423969564620e-02 -7.613911560271803269e-01
3.306000000000000000e+03 1.371218218577237380e+01 4.437156981011072809e-01 1.485902771303483465e-02 -7.583559028655501022e-01
3.307000000000000000e+03 1.368609885426658757e+01 4.422360050981911650e-01 1.484748488208195542e-02 -7.553091377550424923e-01
3.308000000000000000e+03 1.365988667680301027e+01 4.407647030655309495e-01 1.483595567106730378e-02 -7.522418416992779910e-01
3.309000000000000000e+03 1.363354805930629965e+01 4.393020667386797196e-01 1.482443999227633577e-02 -7.491524157998481481e-01
3.310000000000000000e+03 1.360715970036823030e+01 4.378476354550229210e-01 1.481293774649432814e-02 -7.460541102178072093e-01
3.311000000000000000e+03 1.358072401902712656e+01 4.364031845670688914e-01 1.480144882354147637e-02 -7.429453113870749803e-01
3.312000000000000000e+03 1.355424343223644534e+01 4.349667828317391738e-01 1.478997310293911870e-02 -7.398095426313814338e-01
3.313000000000000000e+03 1.352757178107096259e+01 4.335402208264836355e-01 1.477851045463574042e-02 -7.366674632352082641e-01
3.314000000000000000e+03 1.350093430777075021e+01 4.321230683312863308e-01 1.476706073981645488e-02 -7.335100139121579765e-01
3.315000000000000000e+03 1.347418481263435908e+01 4.307156457273247363e-01 1.475562381180596343e-02 -7.303429875282566597e-01
3.316000000000000000e+03 1.344732562992762581e+01 4.293182812168680473e-01 1.474419951705276295e-02 -7.271647446734783582e-01
3.317000000000000000e+03 1.342043333533231042e+01 4.279298252045910522e-01 1.473278769612198884e-02 -7.239662142838798609e-01
3.318000000000000000e+03 1.339343588603909829e+01 4.265513645204033755e-01 1.472138818482664029e-02 -7.207606076641968063e-01
3.319000000000000000e+03 1.336640974510075708e+01 4.251832511236348644e-01 1.471000081525414456e-02 -7.175462773567817809e-01
3.320000000000000000e+03 1.333920845410037082e+01 4.238243593086153393e-01 1.469862541697418076e-02 -7.143215744606247197e-01
3.321000000000000000e+03 1.331205689128538872e+01 4.224757999169365119e-01 1.468726181822368505e-02 -7.110774208970188637e-01
3.322000000000000000e+03 1.328473414318452051e+01 4.211372061960913515e-01 1.467590984701245410e-02 -7.078344517738424102e-01
3.323000000000000000e+03 1.325739061340485492e+01 4.198082194997230787e-01 1.466456933233661365e-02 -7.045761608426365230e-01
3.324000000000000000e+03 1.322995374510174749e+01 4.184899749845409356e-01 1.465324010530992885e-02 -7.013083279058823782e-01
3.325000000000000000e+03 1.320242514578975168e+01 4.171821302936433717e-01 1.464192200033772803e-02 -6.980367343666771252e-01
3.326000000000000000e+03 1.317488057854432526e+01 4.158843512467398917e-01 1.463061485616598545e-02 -6.947597354737176101e-01
3.327000000000000000e+03 1.314724710318023249e+01 4.145970546919504618e-01 1.461931851698212992e-02 -6.914756892610351979e-01
3.328000000000000000e+03 1.311960020251223114e+01 4.133206656843306792e-01 1.460803283341110398e-02 -6.881829571311930405e-01
3.329000000000000000e+03 1.309186664123437005e+01 4.120556174961674811e-01 1.459675766347375350e-02 -6.848873327819927637e-01
3.330000000000000000e+03 1.306404731002361252e+01 4.108008659540622332e-01 1.458549287343929857e-02 -6.815946144255456973e-01
3.331000000000000000e+03 1.303621721990430871e+01 4.095568607829441765e-01 1.457423833865679856e-02 -6.782883202992394667e-01
3.332000000000000000e+03 1.300837693043015619e+01 4.083233171017980334e-01 1.456299394428312716e-02 -6.749891160216195951e-01
3.333000000000000000e+03 1.298037826223728430e+01 4.071014439264855622e-01 1.455175958588664567e-02 -6.716879599856199201e-01
3.334000000000000000e+03 1.295244427852476399e+01 4.058894871542260696e-01 1.454053517001123973e-02 -6.683832456468475902e-01
3.335000000000000000e+03 1.292442644792969375e+01 4.046894150704269388e-01 1.452932061464381856e-02 -6.650733737014474789e-01
3.336000000000000000e+03 1.289632462790314271e+01 4.034994899870941176e-01 1.451811584952346877e-02 -6.617716093057108839e-01
3.337000000000000000e+03 1.286821278103725064e+01 4.023209537436947536e-01 1.450692081642132938e-02 -6.584674551646371166e-01
3.338000000000000000e+03 1.284009040886448005e+01 4.011528278447359930e-01 1.449573546925147366e-02 -6.551660222886878104e-01
3.339000000000000000e+03 1.281188255363163897e+01 3.999956276147112466e-01 1.448455977411818377e-02 -6.518672311040596412e-01
3.340000000000000000e+03 1.278358836803483811e+01 3.988498765050035311e-01 1.447339370925173480e-02 -6.485732402843726874e-01
3.341000000000000000e+03 1.275535540238569787e+01 3.977153632329397115e-01 1.446223726486148449e-02 -6.452832473770978572e-01
3.342000000000000000e+03 1.272703390816317714e+01 3.965911417530968430e-01 1.445109044285068818e-02 -6.419986891110130989e-01
3.343000000000000000e+03 1.269869682796269572e+01 3.954777597308608561e-01 1.443995325645613080e-02 -6.387210133435504700e-01
3.344000000000000000e+03 1.267034266773681672e+01 3.943765156731303678e-01 1.442882572978050788e-02 -6.354501938337695499e-01
3.345000000000000000e+03 1.264189550381153460e+01 3.932850018810716275e-01 1.441770789731186379e-02 -6.321877020160210359e-01
3.346000000000000000e+03 1.261342784111706905e+01 3.922052755957050052e-01 1.440659980323167125e-02 -6.289335360839028999e-01
3.347000000000000000e+03 1.258501205454702543e+01 3.911364306051570150e-01 1.439550150075106366e-02 -6.256891927454361069e-01
3.348000000000000000e+03 1.255649754738605850e+01 3.900783113745914799e-01 1.438441305139085032e-02 -6.224546962888457546e-01
3.349000000000000000e+03 1.252803074525797911e+01 3.890307701634565518e-01 1.437333452406944385e-02 -6.192315703196671350e-01
3.350000000000000000e+03 1.249946083795327212e+01 3.879944098099860628e-01 1.436226599429185798e-02 -6.160206096440155044e-01
3.351000000000000000e+03 1.247085949377994396e+01 3.869683702771689049e-01 1.435120754322344143e-02 -6.128218278626257343e-01
3.352000000000000000e+03 1.244229717844237015e+01 3.859540880845679922e-01 1.434015925671639630e-02 -6.096357850548592694e-01
3.353000000000000000e+03 1.241369543968020572e+01 3.849493082574236835e-01 1.432912122437549930e-02 -6.064630036647770117e-01
3.354000000000000000e+03 1.238505004880088833e+01 3.839562403470232477e-01 1.431809353849270230e-02 -6.033040216425906710e-01
3.355000000000000000e+03 1.235635672784510852e+01 3.829733871819696600e-01 1.430707629309646914e-02 -6.001593927926603955e-01
3.356000000000000000e+03 1.232761116016172842e+01 3.820014874824448348e-01 1.429606958295012373e-02 -5.970296871141018702e-01
3.357000000000000000e+03 1.229888328430851452e+01 3.810405444516982154e-01 1.428507350252134107e-02 -5.939147482991160576e-01
3.358000000000000000e+03 1.227009445368458529e+01 3.800905685400748357e-01 1.427408814507114682e-02 -5.908159225644384893e-01
3.359000000000000000e+03 1.224131458034462305e+01 3.791508345366531585e-01 1.426311360163149550e-02 -5.877330876306350316e-01
3.360000000000000000e+03 1.221246501038319821e+01 3.782228528334251605e-01 1.425214996016008727e-02 -5.846668815401458996e-01
3.361000000000000000e+03 1.218361566685951480e+01 3.773051695018564411e-01 1.424119730465345235e-02 -5.816179601283696377e-01
3.362000000000000000e+03 1.215468792415863675e+01 3.763978232223446074e-01 1.423025571434180861e-02 -5.785877401587868896e-01
3.363000000000000000e+03 1.212582603327275699e+01 3.755023452011665430e-01 1.421932526292053224e-02 -5.755754282763181351e-01
3.364000000000000000e+03 1.209687714439806427e+01 3.746173020749187788e-01 1.420840601786409717e-02 -5.725832211399272120e-01
3.365000000000000000e+03 1.206791129786610561e+01 3.737434956679460685e-01 1.419749803982038074e-02 -5.696096201886926558e-01
3.366000000000000000e+03 1.203892429580888646e+01 3.728802487272279143e-01 1.418660138203411449e-02 -5.666561174321095296e-01
3.367000000000000000e+03 1.200991199056607428e+01 3.720276333351643094e-01 1.417571608990019286e-02 -5.637234815440417268e-01
3.368000000000000000e+03 1.198087028879570148e+01 3.711857279800677145e-01 1.416484220056607284e-02 -5.608102724555636964e-01
3.369000000000000000e+03 1.195179515477460086e+01 3.703538746244285917e-01 1.415397974266224303e-02 -5.579180414569032687e-01
3.370000000000000000e+03 1.192275689638307412e+01 3.695336499462352764e-01 1.414312873604280790e-02 -5.550476172727157875e-01
3.371000000000000000e+03 1.189360303275785569e+01 3.687229225578303460e-01 1.413228919167948752e-02 -5.521983634713436562e-01
3.372000000000000000e+03 1.186447827966098068e+01 3.679232812531706420e-01 1.412146111161842812e-02 -5.493704072074455658e-01
3.373000000000000000e+03 1.183537884851919486e+01 3.671333493876035026e-01 1.411064448902053271e-02 -5.465646394531407104e-01
3.374000000000000000e+03 1.180622672920579497e+01 3.663539846160711599e-01 1.409983930829085234e-02 -5.437819723871862854e-01
3.375000000000000000e+03 1.177701825557977422e+01 3.655845646090989387e-01 1.408904554528966901e-02 -5.410218539421934869e-01
3.376000000000000000e+03 1.174782410330976212e+01 3.648252154471075537e-01 1.407826316762337583e-02 -5.382844965198371190e-01
3.377000000000000000e+03 1.171864072002623125e+01 3.640760686727957940e-01 1.406749213503988988e-02 -5.355708771933970214e-01
3.378000000000000000e+03 1.168946460536160892e+01 3.633365183418635347e-01 1.405673239979255730e-02 -5.328812522326205059e-01
3.379000000000000000e+03 1.166021802342001656e+01 3.626067065769560394e-01 1.404598390722342285e-02 -5.302151572907727317e-01
3.380000000000000000e+03 1.163104613225183925e+01 3.618860377799827388e-01 1.403524659630151113e-02 -5.275736360883872544e-01
3.381000000000000000e+03 1.160179699435636991e+01 3.611754070179650222e-01 1.402452040023033364e-02 -5.249570120783779714e-01
3.382000000000000000e+03 1.157261583934293547e+01 3.604742285621826969e-01 1.401380524711580422e-02 -5.223648886075143993e-01
3.383000000000000000e+03 1.154335079024203381e+01 3.597819214360283291e-01 1.400310106067799779e-02 -5.197976347387556206e-01
3.384000000000000000e+03 1.151414712561796883e+01 3.590986521264257214e-01 1.399240776101970569e-02 -5.172563853941505307e-01
3.385000000000000000e+03 1.148500157248007625e+01 3.584245916239582885e-01 1.398172526535218160e-02 -5.147400701480026042e-01
3.386000000000000000e+03 1.145576230011650587e+01 3.577591724616744351e-01 1.397105348882093576e-02 -5.122498703603058923e-01
3.387000000000000000e+03 1.142657461492311377e+01 3.571018314228290302e-01 1.396039234528290846e-02 -5.097855051146746863e-01
3.388000000000000000e+03 1.139743525325638451e+01 3.564534950825160586e-01 1.394974174812012996e-02 -5.073467169908938423e-01
3.389000000000000000e+03 1.136834094243076621e+01 3.558136083381279180e-01 1.393910161104689599e-02 -5.049355006618559960e-01
3.390000000000000000e+03 1.133921411140318192e+01 3.551816199490263060e-01 1.392847184888173877e-02 -5.025501602941621071e-01
3.391000000000000000e+03 1.131012573572814262e+01 3.545577252402796753e-01 1.391785237832833533e-02 -5.001927379679963481e-01
3.392000000000000000e+03 1.128114676532554839e+01 3.539413803005257986e-01 1.390724311872372498e-02 -4.978623282201792288e-01
3.393000000000000000e+03 1.125212526912944355e+01 3.533335303542404215e-01 1.389664399272930520e-02 -4.955587922659882572e-01
3.394000000000000000e+03 1.122320641520139084e+01 3.527321526180728917e-01 1.388605492703362011e-02 -4.932835008692161849e-01
3.395000000000000000e+03 1.119431248229855314e+01 3.521389416820103202e-01 1.387547585296712051e-02 -4.910348773552715151e-01
3.396000000000000000e+03 1.116551427400570162e+01 3.515526238595448882e-01 1.386490670708625909e-02 -4.888143403026503075e-01
3.397000000000000000e+03 1.113665969841654046e+01 3.509734140627836507e-01 1.385434743169987326e-02 -4.866218465322281750e-01
3.398000000000000000e+03 1.110796803395385801e+01 3.504007871619524428e-01 1.384379797534007230e-02 -4.844573767647487594e-01
3.399000000000000000e+03 1.107928709277843993e+01 3.498349635197259833e-01 1.383325829315967294e-02 -4.823201927611959205e-01
3.400000000000000000e+03 1.105061320439427242e+01 3.492754231852330249e-01 1.382272834725738371e-02 -4.802110657914439584e-01
3.401000000000000000e+03 1.102201672258714105e+01 3.487216711949563397e-01 1.381220810699075943e-02 -4.781308184827745000e-01
3.402000000000000000e+03 1.099349283090683471e+01 3.481747909126929330e-01 1.380169754913919931e-02 -4.760781789552642196e-01
3.403000000000000000e+03 1.096511073871855579e+01 3.476329190769892330e-01 1.379119665809090851e-02 -4.740541550597034970e-01
3.404000000000000000e+03 1.093671675827893885e+01 3.470979085781976115e-01 1.378070542580190141e-02 -4.720582925522157081e-01
3.405000000000000000e+03 1.090838000817807085e+01 3.465678999719337683e-01 1.377022385194067583e-02 -4.700916463400560685e-01
3.406000000000000000e+03 1.088009528239179424e+01 3.460440068584499373e-01 1.375975194367749094e-02 -4.681538090358009496e-01
3.407000000000000000e+03 1.085193162095887054e+01 3.455258587366382139e-01 1.374928971561148634e-02 -4.662458821811439891e-01
3.408000000000000000e+03 1.082380946372453856e+01 3.450130865386032974e-01 1.373883718953593062e-02 -4.643667619447420791e-01
3.409000000000000000e+03 1.079579778914297528e+01 3.445060653294665376e-01 1.372839439420420887e-02 -4.625168531601090427e-01
3.410000000000000000e+03 1.076781698556010802e+01 3.440036856675500188e-01 1.371796136495079775e-02 -4.606973263433619681e-01
3.411000000000000000e+03 1.073993599096988305e+01 3.435070676450877047e-01 1.370753814334870618e-02 -4.589071461962332399e-01
3.412000000000000000e+03 1.071207516515388924e+01 3.430151037441862560e-01 1.369712477678198918e-02 -4.571475284499987857e-01
3.413000000000000000e+03 1.068430343018999196e+01 3.425289157136505724e-01 1.368672131793808103e-02 -4.554174826801695719e-01
3.414000000000000000e+03 1.065661542673614370e+01 3.420466545910337830e-01 1.367632782429461548e-02 -4.537182691328013329e-01
3.415000000000000000e+03 1.062900580455674771e+01 3.415694432506347633e-01 1.366594435761268357e-02 -4.520489415223626350e-01
3.416000000000000000e+03 1.060139494621618184e+01 3.410969192619245915e-01 1.365557098329900874e-02 -4.504100610069065036e-01
3.417000000000000000e+03 1.057392610839429103e+01 3.406287204287810622e-01 1.364520776984611342e-02 -4.488007246405955053e-01
3.418000000000000000e+03 1.054651972822360761e+01 3.401652274945124454e-01 1.363485478818307790e-02 -4.472222793342648939e-01
3.419000000000000000e+03 1.051924484813829785e+01 3.397060783425492891e-01 1.362451211107592978e-02 -4.456731217889247088e-01
3.420000000000000000e+03 1.049194770562009893e+01 3.392509107030708959e-01 1.361417981247873242e-02 -4.441546409483245195e-01
3.421000000000000000e+03 1.046477172483547236e+01 3.387993620254810545e-01 1.360385796687862969e-02 -4.426660179199278788e-01
3.422000000000000000e+03 1.043771182254294416e+01 3.383525550217391098e-01 1.359354664874616592e-02 -4.412071970756737405e-01
3.423000000000000000e+03 1.041068869826411358e+01 3.379093833656076629e-01 1.358324593183226486e-02 -4.397781429719709867e-01
3.424000000000000000e+03 1.038377169115238097e+01 3.374694829079372127e-01 1.357295588864232752e-02 -4.383788400999164558e-01
3.425000000000000000e+03 1.035688165198712163e+01 3.370332315529228628e-01 1.356267658985618220e-02 -4.370092926305350067e-01
3.426000000000000000e+03 1.033016236628757056e+01 3.366002634653506020e-01 1.355240810376647995e-02 -4.356687813205981641e-01
3.427000000000000000e+03 1.030346057495182777e+01 3.361702117839045489e-01 1.354215049582675572e-02 -4.343573489192780746e-01
3.428000000000000000e+03 1.027684596344965939e+01 3.357434513356622463e-01 1.353190382813129235e-02 -4.330757999006854542e-01
3.429000000000000000e+03 1.025031403197443680e+01 3.353196128465447123e-01 1.352166815902677149e-02 -4.318227288525925966e-01
3.430000000000000000e+03 1.022386038256811602e+01 3.348990684930414630e-01 1.351144354274144005e-02 -4.305982343766749376e-01
3.431000000000000000e+03 1.019748072218271595e+01 3.344807032800273805e-01 1.350123002901823521e-02 -4.294016903052148559e-01
3.432000000000000000e+03 1.017117086516596558e+01 3.340648862648818440e-01 1.349102766287145656e-02 -4.282332310895738958e-01
3.433000000000000000e+03 1.014500101866394743e+01 3.336512419377054006e-01 1.348083648435468782e-02 -4.270930086803992887e-01
3.434000000000000000e+03 1.011889293342441221e+01 3.332401357779241624e-01 1.347065652837402261e-02 -4.259797065697575325e-01
3.435000000000000000e+03 1.009284275502773554e+01 3.328311884720412395e-01 1.346048782459715112e-02 -4.248935108403516514e-01
3.436000000000000000e+03 1.006692102403087219e+01 3.324240186378597528e-01 1.345033039732902724e-02 -4.238338813666625016e-01
3.437000000000000000e+03 1.004104982503731414e+01 3.320182427148987703e-01 1.344018426556614285e-02 -4.228010371882023333e-01
3.438000000000000000e+03 1.001529991973708533e+01 3.316142176913294271e-01 1.343004944297860118e-02 -4.217944705397856375e-01
3.439000000000000000e+03 9.989667894904753709e+00 3.312115553271103296e-01 1.341992593806163626e-02 -4.208136893839759529e-01
3.440000000000000000e+03 9.964076160409650385e+00 3.308106077187861205e-01 1.340981375420174232e-02 -4.198582171054441869e-01
3.441000000000000000e+03 9.938595797270926013e+00 3.304102386904908539e-01 1.339971288991315644e-02 -4.189283350374332082e-01
3.442000000000000000e+03 9.913223704272025927e+00 3.300107950316835681e-01 1.338962333904440000e-02 -4.180235964800678716e-01
3.443000000000000000e+03 9.887956878200110822e+00 3.296118778912169867e-01 1.337954509102984475e-02 -4.171428263856197249e-01
3.444000000000000000e+03 9.862792410242327890e+00 3.292138283480168792e-01 1.336947813123370854e-02 -4.162856067105724089e-01
3.445000000000000000e+03 9.837653198584842329e+00 3.288162416433260127e-01 1.335942244123627075e-02 -4.154515332594791999e-01
3.446000000000000000e+03 9.812685078278981621e+00 3.284194527545927222e-01 1.334937799920291046e-02 -4.146409581953868773e-01
3.447000000000000000e+03 9.787811115887272706e+00 3.280223077958271949e-01 1.333934478032235312e-02 -4.138520183718534806e-01
3.448000000000000000e+03 9.763103022513512030e+00 3.276251352649246495e-01 1.332932275713201442e-02 -4.130858348465795138e-01
3.449000000000000000e+03 9.738409731716508588e+00 3.272282602823912701e-01 1.331931189999899581e-02 -4.123405698663290542e-01
3.450000000000000000e+03 9.713877379415002622e+00 3.268312616669246107e-01 1.330931217750968079e-02 -4.116158835383024184e-01
3.451000000000000000e+03 9.689429323744365163e+00 3.264337250037493421e-01 1.329932355691121684e-02 -4.109115148190888300e-01
3.452000000000000000e+03 9.665063301453276523e+00 3.260352735217045828e-01 1.328934600456163455e-02 -4.102274821726475951e-01
3.453000000000000000e+03 9.640851396557041042e+00 3.256362798812508785e-01 1.327937948631141389e-02 -4.095638822162774306e-01
3.454000000000000000e+03 9.616791460094221478e+00 3.252371129361601998e-01 1.326942396797188041e-02 -4.089193366957165066e-01
3.455000000000000000e+03 9.592807106067045453e+00 3.248366519831785704e-01 1.325947941567395642e-02 -4.082954491376984962e-01
3.456000000000000000e+03 9.568896274633058141e+00 3.244352580236436467e-01 1.324954579629526556e-02 -4.076908618085091085e-01
3.457000000000000000e+03 9.545131228575922222e+00 3.240332880169810026e-01 1.323962307778293185e-02 -4.071064551941287468e-01
3.458000000000000000e+03 9.521509983090018281e+00 3.236296091361115512e-01 1.322971122950553600e-02 -4.065408906212903961e-01
3.459000000000000000e+03 9.497956302919483562e+00 3.232253128700299794e-01 1.321981022258126269e-02 -4.059943240602502113e-01
3.460000000000000000e+03 9.474542550380201433e+00 3.228192579431640175e-01 1.320992003013810902e-02 -4.054669200788724726e-01
3.461000000000000000e+03 9.451266832763701942e+00 3.224117844220472651e-01 1.320004062755688462e-02 -4.049581086281447417e-01
3.462000000000000000e+03 9.428127284164741440e+00 3.220024851438520463e-01 1.319017199269818114e-02 -4.044688131648214169e-01
3.463000000000000000e+03 9.405047780729736573e+00 3.215916913221611440e-01 1.318031410607575782e-02 -4.039969932555075860e-01
3.464000000000000000e+03 9.382175073849754909e+00 3.211789868148063887e-01 1.317046695095360626e-02 -4.035435868682659688e-01
3.465000000000000000e+03 9.359358805260848513e+00 3.207646937338958781e-01 1.316063051347456971e-02 -4.031080529711770222e-01
3.466000000000000000e+03 9.336671491610355034e+00 3.203483867179099387e-01 1.315080478273752095e-02 -4.026898568087081132e-01
3.467000000000000000e+03 9.314111390918951017e+00 3.199303785461786731e-01 1.314098975076004663e-02 -4.022884695056906934e-01
3.468000000000000000e+03 9.291676786965902934e+00 3.195102344153659679e-01 1.313118541250460694e-02 -4.019048533395562228e-01
3.469000000000000000e+03 9.269365990564690350e+00 3.190875147233293019e-01 1.312139176579591761e-02 -4.015370043306379921e-01
3.470000000000000000e+03 9.247177341210170098e+00 3.186632606902139453e-01 1.311160881123753404e-02 -4.011858945216029704e-01
3.471000000000000000e+03 9.225109209071158389e+00 3.182355373016123035e-01 1.310183655209563348e-02 -4.008510145654727852e-01
3.472000000000000000e+03 9.203167425649294131e+00 3.178061187794149478e-01 1.309207499410798038e-02 -4.005318589931624595e-01
3.473000000000000000e+03 9.181343001319770991e+00 3.173738030244184216e-01 1.308232414533545482e-02 -4.002286686457929843e-01
3.474000000000000000e+03 9.159641841570566712e+00 3.169388685866676436e-01 1.307258401593584113e-02 -3.999402017668645115e-01
3.475000000000000000e+03 9.138055036647804386e+00 3.165015889578868258e-01 1.306285461791863861e-02 -3.996667049400343119e-01
3.476000000000000000e+03 9.116588578170386370e+00 3.160607468662081643e-01 1.305313596490000928e-02 -3.994084270176164742e-01
3.477000000000000000e+03 9.095248505767543179e+00 3.156166055833607986e-01 1.304342807184316784e-02 -3.991641330501323193e-01
3.478000000000000000e+03 9.074018625447163089e+00 3.151701660591074150e-01 1.303373095472848062e-02 -3.989333323925439156e-01
3.479000000000000000e+03 9.052912511502389847e+00 3.147209383878601385e-01 1.302404463031254025e-02 -3.987155354723454503e-01
3.480000000000000000e+03 9.031928939856651795e+00 3.142684274527873800e-01 1.301436911582220732e-02 -3.985109962299209774e-01
3.481000000000000000e+03 9.011059319806632217e+00 3.138128757372539712e-01 1.300470442861480398e-02 -3.983184832213328419e-01
3.482000000000000000e+03 8.990302554018549941e+00 3.133545204684148877e-01 1.299505058594509557e-02 -3.981375077343622948e-01
3.483000000000000000e+03 8.969672470034179668e+00 3.128935935982495309e-01 1.298540760462672979e-02 -3.979683234026226146e-01
3.484000000000000000e+03 8.949153253144057629e+00 3.124295789518157784e-01 1.297577550075743914e-02 -3.978096973182876916e-01
3.485000000000000000e+03 8.928758875944309281e+00 3.119619550478108794e-01 1.296615428948624457e-02 -3.976611381588444627e-01
3.486000000000000000e+03 8.908473674033441370e+00 3.114916807565013546e-01 1.295654398473876194e-02 -3.975228958128584345e-01
3.487000000000000000e+03 8.888304346672814660e+00 3.110174811147266016e-01 1.294694459896563940e-02 -3.973937325052400715e-01
3.488000000000000000e+03 8.868250245274916566e+00 3.105410471633773817e-01 1.293735614299954505e-02 -3.972738937722261610e-01
3.489000000000000000e+03 8.848303374946103972e+00 3.100603504268483190e-01 1.292777862579165028e-02 -3.971628795962041103e-01
3.490000000000000000e+03 8.828470680710822194e+00 3.095770712600443009e-01 1.291821205431681850e-02 -3.970601868855462291e-01
3.491000000000000000e+03 8.808744334897005146e+00 3.090899133322269621e-01 1.290865643339116596e-02 -3.969645662898438898e-01
3.492000000000000000e+03 8.789131450920937283e+00 3.085998034733344886e-01 1.289911176562558506e-02 -3.968769931954477248e-01
3.493000000000000000e+03 8.769631798209651663e+00 3.081054346672427169e-01 1.288957805130909462e-02 -3.967954675413881138e-01
3.494000000000000000e+03 8.750230373406159501e+00 3.076084659024154733e-01 1.288005528838555465e-02 -3.967194704961606311e-01
3.495000000000000000e+03 8.730949397959991032e+00 3.071075794992889074e-01 1.287054347248176370e-02 -3.966499641299816026e-01
3.496000000000000000e+03 8.711766604999455765e+00 3.066036809652328832e-01 1.286104259684840018e-02 -3.965849340826902436e-01
3.497000000000000000e+03 8.692696949504606252e+00 3.060961848311157252e-01 1.285155265249674807e-02 -3.965238462575252365e-01
3.498000000000000000e+03 8.673733179433680718e+00 3.055852431702169025e-01 1.284207362825756649e-02 -3.964676465106528047e-01
3.499000000000000000e+03 8.654875546677764930e+00 3.050710027790977663e-01 1.283260551082926991e-02 -3.964143033359802115e-01
3.500000000000000000e+03 8.636116947560608992e+00 3.045528623602850593e-01 1.282314828502165334e-02 -3.963640074111842160e-01
3.501000000000000000e+03 8.617465376315134762e+00 3.040309509071424388e-01 1.281370193381131325e-02 -3.963162439631962020e-01
3.502000000000000000e+03 8.598914722914914321e+00 3.035061058102678788e-01 1.280426643862350201e-02 -3.962714101483133522e-01
3.503000000000000000e+03 8.580466539771130385e+00 3.029769234563211566e-01 1.279484177944352312e-02 -3.962277114309413761e-01
3.504000000000000000e+03 8.562122437902544902e+00 3.024442235686686797e-01 1.278542793509950155e-02 -3.961863171518819615e-01
3.505000000000000000e+03 8.543876654463550935e+00 3.019080778946716115e-01 1.277602488345062383e-02 -3.961454175756727869e-01
3.506000000000000000e+03 8.525738333517800527e+00 3.013678102348303356e-01 1.276663260164391696e-02 -3.961069091383480067e-01
3.507000000000000000e+03 8.507701808245494490e+00 3.008234821437523188e-01 1.275725106639345914e-02 -3.960682229996339010e-01
3.508000000000000000e+03 8.489768881530526556e+00 3.002758929628949747e-01 1.274788025419517669e-02 -3.960304959702728445e-01
3.509000000000000000e+03 8.471941393117379704e+00 2.997243513499354139e-01 1.273852014157286772e-02 -3.959926275786168071e-01
3.510000000000000000e+03 8.454213786782123208e+00 2.991689038199519812e-01 1.272917070535331020e-02 -3.959549939968002863e-01
3.511000000000000000e+03 8.436595390961999286e+00 2.986095919482183447e-01 1.271983192289491242e-02 -3.959164764560999528e-01
3.512000000000000000e+03 8.419080701032250147e+00 2.980471952446637762e-01 1.271050377232747948e-02 -3.958774323466285328e-01
3.513000000000000000e+03 8.401671660175891176e+00 2.974802598548563770e-01 1.270118623274481620e-02 -3.958367236407038248e-01
3.514000000000000000e+03 8.384362798681932460e+00 2.969102984477880458e-01 1.269187928443175038e-02 -3.957954308355544626e-01
3.515000000000000000e+03 8.367148658512347126e+00 2.963358475798730240e-01 1.268258290903633359e-02 -3.957523957143015414e-01
3.516000000000000000e+03 8.350046074821591446e+00 2.957576675858469284e-01 1.267329708972134844e-02 -3.957079352961477836e-01
3.517000000000000000e+03 8.333042174258576296e+00 2.951750284508449229e-01 1.266402181130076368e-02 -3.956616131097762112e-01
3.518000000000000000e+03 8.316138942134855938e+00 2.945886811991921816e-01 1.265475706033489765e-02 -3.956122389755424851e-01
3.519000000000000000e+03 8.299330934779206359e+00 2.939986294393948096e-01 1.264550282525382999e-02 -3.955615829661782157e-01
3.520000000000000000e+03 8.282627562353539474e+00 2.934041294157510582e-01 1.263625909632326919e-02 -3.955069468456717252e-01
3.521000000000000000e+03 8.266023373594233448e+00 2.928059185662363340e-01 1.262702586575738944e-02 -3.954500778821993801e-01
3.522000000000000000e+03 8.249512911044766028e+00 2.922032442367503147e-01 1.261780312762085000e-02 -3.953897402940123595e-01
3.523000000000000000e+03 8.233105566687042298e+00 2.915975779118117894e-01 1.260859087780620384e-02 -3.953254292241561996e-01
3.524000000000000000e+03 8.216788439523227794e+00 2.909874154262279689e-01 1.259938911400359206e-02 -3.952581133788803935e-01
3.525000000000000000e+03 8.200563477061784567e+00 2.903734768685203305e-01 1.259019783551354119e-02 -3.951857778244555752e-01
3.526000000000000000e+03 8.184440047098201276e+00 2.897557353001976033e-01 1.258101704314707435e-02 -3.951093664780994108e-01
3.527000000000000000e+03 8.168405224831493783e+00 2.891341596514331869e-01 1.257184673905105930e-02 -3.950283249126782525e-01
3.528000000000000000e+03 8.152460935504523221e+00 2.885087147829276111e-01 1.256268692648408042e-02 -3.949420858454644745e-01
3.529000000000000000e+03 8.136609098945923435e+00 2.878793615488933755e-01 1.255353760962300488e-02 -3.948515546313633995e-01
3.530000000000000000e+03 8.120844202792099509e+00 2.872460568612144605e-01 1.254439879331650451e-02 -3.947553949152430297e-01
3.531000000000000000e+03 8.105160732713143190e+00 2.866094965897942326e-01 1.253527048276899605e-02 -3.946537426392530135e-01
3.532000000000000000e+03 8.089568031261290315e+00 2.859688871238024177e-01 1.252615268331580198e-02 -3.945467202097702186e-01
3.533000000000000000e+03 8.074053158506679040e+00 2.853241739442466396e-01 1.251704540006895287e-02 -3.944329506694918552e-01
3.534000000000000000e+03 8.058625464727436238e+00 2.846767845274604247e-01 1.250794863764289298e-02 -3.943140145549771658e-01
3.535000000000000000e+03 8.043279451409473424e+00 2.840251714044910725e-01 1.249886239980612171e-02 -3.941877642345489319e-01
3.536000000000000000e+03 8.028009630819141762e+00 2.833707549118139046e-01 1.248978668915879352e-02 -3.940557521172899924e-01
3.537000000000000000e+03 8.012817957302758032e+00 2.827134662526126219e-01 1.248072150685869408e-02 -3.939165450028855875e-01
3.538000000000000000e+03 7.997698973568451386e+00 2.820524904042857606e-01 1.247166685225571670e-02 -3.937709237980119292e-01
3.539000000000000000e+03 7.982662098707043796e+00 2.813892375318951533e-01 1.246262272257380593e-02 -3.936174263841975551e-01
3.540000000000000000e+03 7.967694489352785681e+00 2.807221432171927988e-01 1.245358911265713464e-02 -3.934568045127422309e-01
3.541000000000000000e+03 7.952798184243481394e+00 2.800533540490164897e-01 1.244456601463115979e-02 -3.932883095214756430e-01
3.542000000000000000e+03 7.937967821830661741e+00 2.793812993489144803e-01 1.243555341772095181e-02 -3.931119207392113069e-01
3.543000000000000000e+03 7.923205499449736955e+00 2.787066339282063820e-01 1.242655130792350536e-02 -3.929283453924600211e-01
3.544000000000000000e+03 7.908513347206499233e+00 2.780292668253571686e-01 1.241755966788491566e-02 -3.927360471801732977e-01
3.545000000000000000e+03 7.893886101591372828e+00 2.773491042194144995e-01 1.240857847663531972e-02 -3.925349603713562674e-01
3.546000000000000000e+03 7.879318535484884478e+00 2.766667923440059851e-01 1.239960770953209106e-02 -3.923257469009757137e-01
3.547000000000000000e+03 7.864812887820163745e+00 2.759814890621100081e-01 1.239064733807183905e-02 -3.921083106390396145e-01
3.548000000000000000e+03 7.850364007821579726e+00 2.752945781216090682e-01 1.238169732984279077e-02 -3.918817973382324737e-01
3.549000000000000000e+03 7.835974212244443571e+00 2.746052122262225836e-01 1.237275764851178926e-02 -3.916460802601501312e-01
3.550000000000000000e+03 7.821645857142251579e+00 2.739140272923896169e-01 1.236382825380350978e-02 -3.914017601401923452e-01
3.551000000000000000e+03 7.807366639894614657e+00 2.732208992953194526e-01 1.235490910155246334e-02 -3.911471855219282867e-01
3.552000000000000000e+03 7.793147217336656496e+00 2.725263858283292762e-01 1.234600014382004896e-02 -3.908843705223415399e-01
3.553000000000000000e+03 7.778976157265986124e+00 2.718295418747894709e-01 1.233710132900423147e-02 -3.906108485349376602e-01
3.554000000000000000e+03 7.764864347790182642e+00 2.711309059633479901e-01 1.232821260200770395e-02 -3.903278517138468184e-01
3.555000000000000000e+03 7.750800425059344079e+00 2.704302717472109041e-01 1.231933390449420872e-02 -3.900351111372070134e-01
3.556000000000000000e+03 7.736795340744770044e+00 2.697281737590704886e-01 1.231046517510388759e-02 -3.897323424941913084e-01
3.557000000000000000e+03 7.722837788870020148e+00 2.690244018262734627e-01 1.230160634976497358e-02 -3.894185032754556297e-01
3.558000000000000000e+03 7.708931344066392022e+00 2.683187439914440087e-01 1.229275736204665272e-02 -3.890955069821444012e-01
3.559000000000000000e+03 7.695079600970657907e+00 2.676117294335070840e-01 1.228391814347328838e-02 -3.887607948174875427e-01
3.560000000000000000e+03 7.681271313242749699e+00 2.669031428838328224e-01 1.227508862397936988e-02 -3.884162497570434192e-01
3.561000000000000000e+03 7.667524959036462029e+00 2.661927675478537592e-01 1.226626873226600856e-02 -3.880600254210209710e-01
3.562000000000000000e+03 7.653821880902556885e+00 2.654811280267986850e-01 1.225745839629307707e-02 -3.876932316545892432e-01
3.563000000000000000e+03 7.640165707371128434e+00 2.647680047346007703e-01 1.224865754373654671e-02 -3.873154775899926849e-01
3.564000000000000000e+03 7.626567490798866089e+00 2.640531768201055951e-01 1.223986610240069585e-02 -3.869256145607258279e-01
3.565000000000000000e+03 7.613008559978617917e+00 2.633364222541975663e-01 1.223108400081338899e-02 -3.865254503625683014e-01
3.566000000000000000e+03 7.599507369513541555e+00 2.626182607522420387e-01 1.222231116862275944e-02 -3.861123209953332136e-01
3.567000000000000000e+03 7.586045210448000731e+00 2.618984681913700263e-01 1.221354753712409341e-02 -3.856887476163104456e-01
3.568000000000000000e+03 7.572633059516657994e+00 2.611775623679022384e-01 1.220479303974587870e-02 -3.852527797886060590e-01
3.569000000000000000e+03 7.559267003156496578e+00 2.604545745796408851e-01 1.219604761250244265e-02 -3.848046811052980298e-01
3.570000000000000000e+03 7.545950516741275926e+00 2.597307638882670466e-01 1.218731119445661155e-02 -3.843454436333102464e-01
3.571000000000000000e+03 7.532672173838633967e+00 2.590059030313566768e-01 1.217858372817837848e-02 -3.838738166917174399e-01
3.572000000000000000e+03 7.519450210796958523e+00 2.582805070144839066e-01 1.216986516014347333e-02 -3.833915068196669385e-01
3.573000000000000000e+03 7.506273094657993639e+00 2.575536046929837175e-01 1.216115544109469711e-02 -3.828964923876452819e-01
3.574000000000000000e+03 7.493136659903254504e+00 2.568264530336374363e-01 1.215245452641699857e-02 -3.823904520778797500e-01
3.575000000000000000e+03 7.480044103777514941e+00 2.560980801908636084e-01 1.214376237642394475e-02 -3.818720795024230785e-01
3.576000000000000000e+03 7.466998553636480906e+00 2.553689997678530998e-01 1.213507895660695043e-02 -3.813422831845709182e-01
3.577000000000000000e+03 7.453995634711296780e+00 2.546397252321108695e-01 1.212640423791345665e-02 -3.808012153576641468e-01
3.578000000000000000e+03 7.441038323380029240e+00 2.539092843307109715e-01 1.211773819685866248e-02 -3.802475292712275134e-01
3.579000000000000000e+03 7.428122087528445938e+00 2.531789333502346695e-01 1.210908081564138206e-02 -3.796828363443989218e-01
3.580000000000000000e+03 7.415242312482869913e+00 2.524477001909131157e-01 1.210043208225593421e-02 -3.791065064659603912e-01
3.581000000000000000e+03 7.402401727489811734e+00 2.517160986256085642e-01 1.209179199045704554e-02 -3.785186394811442256e-01
3.582000000000000000e+03 7.389602976061969919e+00 2.509838998779975183e-01 1.208316053971397568e-02 -3.779193225049182758e-01
3.583000000000000000e+03 7.376833758556050391e+00 2.502516183752759860e-01 1.207453773511495826e-02 -3.773086300715376984e-01
3.584000000000000000e+03 7.364111402144214225e+00 2.495190261601573367e-01 1.206592358717845960e-02 -3.766866242852751068e-01
3.585000000000000000e+03 7.351416006126416214e+00 2.487866386422203369e-01 1.205731811169207315e-02 -3.760533549722543389e-01
3.586000000000000000e+03 7.338757298140357932e+00 2.480542290085673007e-01 1.204872132936519666e-02 -3.754096026683156895e-01
3.587000000000000000e+03 7.326137494052308519e+00 2.473223139737530107e-01 1.204013326551021078e-02 -3.747546502677386315e-01
3.588000000000000000e+03 7.313543871819356390e+00 2.465899253537588154e-01 1.203155394971519056e-02 -3.740892545182047391e-01
3.589000000000000000e+03 7.300978487653803306e+00 2.458590671545042294e-01 1.202298341533368856e-02 -3.734134176713626574e-01
3.590000000000000000e+03 7.288443322610985931e+00 2.451272872989596896e-01 1.201442169906887132e-02 -3.727263876397676756e-01
3.591000000000000000e+03 7.275932858021540106e+00 2.443965917239833419e-01 1.200586884045465492e-02 -3.720296294948364224e-01
3.592000000000000000e+03 7.263448936432419067e+00 2.436667589407494339e-01 1.199732488125724097e-02 -3.713231114509055186e-01
3.593000000000000000e+03 7.250993337914052539e+00 2.429375686144183977e-01 1.198878986494616126e-02 -3.706053050256138959e-01
3.594000000000000000e+03 7.238552928388465979e+00 2.422088016378602382e-01 1.198026383602697302e-02 -3.698783850470663825e-01
3.595000000000000000e+03 7.226136806730809603e+00 2.414802402042711404e-01 1.197174683944094396e-02 -3.691415443022146858e-01
3.596000000000000000e+03 7.213731740286217331e+00 2.407531535488098007e-01 1.196323891993626362e-02 -3.683947078774076345e-01
3.597000000000000000e+03 7.201346740801382929e+00 2.400273266790764193e-01 1.195474012136708147e-02 -3.676385333258026522e-01
3.598000000000000000e+03 7.188983357006035746e+00 2.393025461145737998e-01 1.194625048605766487e-02 -3.668736680020707186e-01
3.599000000000000000e+03 7.176635680686689334e+00 2.385793427900768093e-01 1.193777005412218796e-02 -3.661000063995438758e-01
3.600000000000000000e+03 7.164297781139085330e+00 2.378567636176661393e-01 1.192929886287542353e-02 -3.653174331600642089e-01
3.601000000000000000e+03 7.151971163297783818e+00 2.371368196633631964e-01 1.192083694613002565e-02 -3.645272677551532614e-01
3.602000000000000000e+03 7.139657416490587494e+00 2.364177739978621795e-01 1.191238433365189066e-02 -3.637284269919645041e-01
3.603000000000000000e+03 7.127358149108223628e+00 2.357015968092524005e-01 1.190394105052616953e-02 -3.629212628725890788e-01
3.604000000000000000e+03 7.115067542123601818e+00 2.349865460147000096e-01 1.189550711667435035e-02 -3.621068611135015436e-01
3.605000000000000000e+03 7.102779782738042336e+00 2.342731100018478063e-01 1.188708254631156216e-02 -3.612833271622473696e-01
3.606000000000000000e+03 7.090503926034341653e+00 2.335617791836318569e-01 1.187866734750429518e-02 -3.604524719083112561e-01
3.607000000000000000e+03 7.078234186128609551e+00 2.328523032219210198e-01 1.187026152174304634e-02 -3.596131263678475354e-01
3.608000000000000000e+03 7.065964796972700412e+00 2.321444339198451556e-01 1.186186506365573615e-02 -3.587655988980948951e-01
3.609000000000000000e+03 7.053697444306617825e+00 2.314394109479833983e-01 1.185347796066174922e-02 -3.579101897362234053e-01
3.610000000000000000e+03 7.041441268717831825e+00 2.307355048889601079e-01 1.184510019278578810e-02 -3.570457055425660386e-01
3.611000000000000000e+03 7.029183154718247728e+00 2.300339599711327399e-01 1.183673173249250032e-02 -3.561739166290666669e-01
3.612000000000000000e+03 7.016924874358391406e+00 2.293345371106313701e-01 1.182837254458502137e-02 -3.552943573369489183e-01
3.613000000000000000e+03 7.004668231748555129e+00 2.286377424672601244e-01 1.182002258622188995e-02 -3.544065547696973462e-01
3.614000000000000000e+03 6.992415063616939541e+00 2.279425989889807824e-01 1.181168180695682697e-02 -3.535115146956354648e-01
3.615000000000000000e+03 6.980159810840190104e+00 2.272496178002212652e-01 1.180335014887719768e-02 -3.526080076103395577e-01
3.616000000000000000e+03 6.967911802688731449e+00 2.265593125787117024e-01 1.179502754682566941e-02 -3.516977688239724675e-01
3.617000000000000000e+03 6.955658113583172764e+00 2.258714567660366213e-01 1.178671392866655586e-02 -3.507788131929513442e-01
3.618000000000000000e+03 6.943400702671266522e+00 2.251858264469101256e-01 1.177840921563912645e-02 -3.498536065566559272e-01
3.619000000000000000e+03 6.931148982633995814e+00 2.245029432271462566e-01 1.177011332275041539e-02 -3.489201519728525880e-01
3.620000000000000000e+03 6.918897531141072754e+00 2.238218457701374453e-01 1.176182615931312299e-02 -3.479794183280024988e-01
3.621000000000000000e+03 6.906640943432874380e+00 2.231438040123060462e-01 1.175354762944887804e-02 -3.470316264259961647e-01
3.622000000000000000e+03 6.894388684310484017e+00 2.224678621919045363e-01 1.174527763271220743e-02 -3.460769920908004504e-01
3.623000000000000000e+03 6.882135369470383068e+00 2.217952958968192056e-01 1.173701606474454942e-02 -3.451149836024468565e-01
3.624000000000000000e+03 6.869883044781787795e+00 2.211244122557620151e-01 1.172876281796327372e-02 -3.441458076411591516e-01
3.625000000000000000e+03 6.857626323353466447e+00 2.204564926534846314e-01 1.172051778232907800e-02 -3.431704095641013308e-01
3.626000000000000000e+03 6.845374663947588978e+00 2.197913357543772872e-01 1.171228084612037715e-02 -3.421882451795000835e-01
3.627000000000000000e+03 6.833122650597561965e+00 2.191287432049756900e-01 1.170405189672766265e-02 -3.412002523678206445e-01
3.628000000000000000e+03 6.820879698746982633e+00 2.184692625001484478e-01 1.169583082147189826e-02 -3.402058800242568348e-01
3.629000000000000000e+03 6.808640334373713188e+00 2.178127013428494130e-01 1.168761750850498375e-02 -3.392060596825839935e-01
3.630000000000000000e+03 6.796406471422021589e+00 2.171596133428231601e-01 1.167941184758461252e-02 -3.382009772944261083e-01
3.631000000000000000e+03 6.784172547412985921e+00 2.165090695387733022e-01 1.167121373097507187e-02 -3.371908163487849497e-01
3.632000000000000000e+03 6.771947800809563489e+00 2.158616297645350457e-01 1.166302305424036026e-02 -3.361750153213898251e-01
3.633000000000000000e+03 6.759733978357751027e+00 2.152171141687101441e-01 1.165483971709906259e-02 -3.351544964631583134e-01
3.634000000000000000e+03 6.747525327632001080e+00 2.145760889082436451e-01 1.164666362417714901e-02 -3.341294375774588321e-01
3.635000000000000000e+03 6.735323446508019174e+00 2.139376376655272305e-01 1.163849468581174169e-02 -3.331000151357225159e-01
3.636000000000000000e+03 6.723137276235724435e+00 2.133030758445436104e-01 1.163033281870099606e-02 -3.320664045558688882e-01
3.637000000000000000e+03 6.710953381482383406e+00 2.126714935803186990e-01 1.162217794667326845e-02 -3.310287804781693044e-01
3.638000000000000000e+03 6.698780514318158907e+00 2.120427270975575040e-01 1.161403000120247130e-02 -3.299873170379949983e-01
3.639000000000000000e+03 6.686612466853180337e+00 2.114173587277841104e-01 1.160588892199821386e-02 -3.289421881352178612e-01
3.640000000000000000e+03 6.674465207942689382e+00 2.107952312552343332e-01 1.159775465748151373e-02 -3.278943105345980547e-01
3.641000000000000000e+03 6.662324880310564801e+00 2.101769336015219258e-01 1.158962716524283149e-02 -3.268431156221491274e-01
3.642000000000000000e+03 6.650192366898163954e+00 2.095615723340641390e-01 1.158150641229343560e-02 -3.257895210017468512e-01
3.643000000000000000e+03 6.638075859479180885e+00 2.089497430182396809e-01 1.157339237541756861e-02 -3.247337022419569119e-01
3.644000000000000000e+03 6.625975999679984518e+00 2.083413017233030629e-01 1.156528504124514772e-02 -3.236758359576166200e-01
3.645000000000000000e+03 6.613878449138670845e+00 2.077361078669668903e-01 1.155718440642068516e-02 -3.226161000510840982e-01
3.646000000000000000e+03 6.601798458928631597e+00 2.071347670588647438e-01 1.154909047752814867e-02 -3.215554167827416876e-01
3.647000000000000000e+03 6.589728871259806553e+00 2.065371454375411753e-01 1.154100327106901899e-02 -3.204924816607282456e-01
3.648000000000000000e+03 6.577677262223500243e+00 2.059423696763754696e-01 1.153292281319606705e-02 -3.194297063448474083e-01
3.649000000000000000e+03 6.565628801877709364e+00 2.053517983281904768e-01 1.152484913950032469e-02 -3.183650476790305106e-01
3.650000000000000000e+03 6.553598255372463655e+00 2.047638219834104489e-01 1.151678229462352321e-02 -3.173009219232580946e-01
3.651000000000000000e+03 6.541570464528682294e+00 2.041805514102697228e-01 1.150872233182614890e-02 -3.162360004923957524e-01
3.652000000000000000e+03 6.529559493590364028e+00 2.036003970742683022e-01 1.150066931246129798e-02 -3.151710529914915071e-01
3.653000000000000000e+03 6.517556921195363451e+00 2.030232611138511056e-01 1.149262330536341727e-02 -3.141060759132859315e-01
3.654000000000000000e+03 6.505561654703032382e+00 2.024505347156005108e-01 1.148458438616955027e-02 -3.130418117769750985e-01
3.655000000000000000e+03 6.493572508346933780e+00 2.018813839359997198e-01 1.147655263656731373e-02 -3.119775208047557702e-01
3.656000000000000000e+03 6.481595638730963671e+00 2.013157210370989936e-01 1.146852814351523482e-02 -3.109139524377624308e-01
3.657000000000000000e+03 6.469622267510152902e+00 2.007542044808365289e-01 1.146051099835944213e-02 -3.098511170016053362e-01
3.658000000000000000e+03 6.457650974695992474e+00 2.001960104169282773e-01 1.145250129596146402e-02 -3.087897715415663935e-01
3.659000000000000000e+03 6.445687707365941321e+00 1.996425468497645961e-01 1.144449913368598970e-02 -3.077291914778491067e-01
3.660000000000000000e+03 6.433723503703643765e+00 1.990922537835684569e-01 1.143650461049749295e-02 -3.066693992664070167e-01
3.661000000000000000e+03 6.421771644146542002e+00 1.985458030567396892e-01 1.142851782589967766e-02 -3.056111645501680685e-01
3.662000000000000000e+03 6.409808234203909549e+00 1.980038698245298878e-01 1.142053887898612612e-02 -3.045545186363829981e-01
3.663000000000000000e+03 6.397853926071227271e+00 1.974656468755748850e-01 1.141256786735920202e-02 -3.034994974752431851e-01
3.664000000000000000e+03 6.385892216594532655e+00 1.969310731221310673e-01 1.140460488618653956e-02 -3.024453989651411101e-01
3.665000000000000000e+03 6.373928883859664829e+00 1.964008335841006259e-01 1.139665002711316016e-02 -3.013937544301724669e-01
3.666000000000000000e+03 6.361962283461263468e+00 1.958741308664969094e-01 1.138870337741144934e-02 -3.003431289097630019e-01
3.667000000000000000e+03 6.349990786320081959e+00 1.953509136460059303e-01 1.138076501892966268e-02 -2.992950639713667371e-01
3.668000000000000000e+03 6.338020216212585822e+00 1.948326194860675320e-01 1.137283502725193289e-02 -2.982496208310367325e-01
3.669000000000000000e+03 6.326034145178182300e+00 1.943177178055851273e-01 1.136491347084239538e-02 -2.972053804826869094e-01
3.670000000000000000e+03 6.314045900329175787e+00 1.938069097017292575e-01 1.135700041023646710e-02 -2.961646436712059849e-01
3.671000000000000000e+03 6.302046573230114745e+00 1.933001565861509341e-01 1.134909589736039608e-02 -2.951260026694917937e-01
3.672000000000000000e+03 6.290042168881612383e+00 1.927974229951910090e-01 1.134119997485013263e-02 -2.940902840853614197e-01
3.673000000000000000e+03 6.278031327237039605e+00 1.922979337287780421e-01 1.133331267548392217e-02 -2.930568348127814970e-01
3.674000000000000000e+03 6.266012757393484733e+00 1.918031451632502549e-01 1.132543402171883561e-02 -2.920272363335401633e-01
3.675000000000000000e+03 6.253985242652335685e+00 1.913122882127781810e-01 1.131756402528570973e-02 -2.910001049988244493e-01
3.676000000000000000e+03 6.241947644750473145e+00 1.908253396398859603e-01 1.130970268687921630e-02 -2.899762920015001022e-01
3.677000000000000000e+03 6.229898907223319959e+00 1.903422791896612620e-01 1.130184999598911680e-02 -2.889566549988590305e-01
3.678000000000000000e+03 6.217845486216679873e+00 1.898623467228932604e-01 1.129400593079646353e-02 -2.879398297362059100e-01
3.679000000000000000e+03 6.205786495322526797e+00 1.893870135232464669e-01 1.128617045816667462e-02 -2.869274300212136808e-01
3.680000000000000000e+03 6.193721134524573735e+00 1.889155252530800855e-01 1.127834353378126195e-02 -2.859188480092400009e-01
3.681000000000000000e+03 6.181648689845390621e+00 1.884478732585310734e-01 1.127052510232395312e-02 -2.849134828394440100e-01
3.682000000000000000e+03 6.169568532047341236e+00 1.879840516983526666e-01 1.126271509786870399e-02 -2.839129692720135378e-01
3.683000000000000000e+03 6.157487542748172338e+00 1.875240575069745952e-01 1.125491344418366561e-02 -2.829167208108363529e-01
3.684000000000000000e+03 6.145397826219396897e+00 1.870678903563933182e-01 1.124712005535086559e-02 -2.819241583421317476e-01
3.685000000000000000e+03 6.133306418748333932e+00 1.866155526172572077e-01 1.123933483634818008e-02 -2.809361959386742491e-01
3.686000000000000000e+03 6.121205570346991642e+00 1.861663064840396453e-01 1.123155768371555605e-02 -2.799530124891091432e-01
3.687000000000000000e+03 6.109109880806331994e+00 1.857209024393975116e-01 1.122378848635016170e-02 -2.789747946675719681e-01
3.688000000000000000e+03 6.097019151494277089e+00 1.852793507075150281e-01 1.121602712640877401e-02 -2.780009942331836958e-01
3.689000000000000000e+03 6.084925806561159334e+00 1.848416640468398264e-01 1.120827348018753680e-02 -2.770325566690121644e-01
3.690000000000000000e+03 6.072837170218349456e+00 1.844071148719598763e-01 1.120052741910470932e-02 -2.760689499753165022e-01
3.691000000000000000e+03 6.060753173361943524e+00 1.839764637147869586e-01 1.119278881079423596e-02 -2.751111361416891943e-01
3.692000000000000000e+03 6.048681201471639568e+00 1.835489878399842456e-01 1.118505752011939372e-02 -2.741585999375424909e-01
3.693000000000000000e+03 6.036621228717934606e+00 1.831254525397910393e-01 1.117733341036760732e-02 -2.732123203809133094e-01
3.694000000000000000e+03 6.024573236815794708e+00 1.827051397481334327e-01 1.116961634433618310e-02 -2.722717995245986788e-01
3.695000000000000000e+03 6.012537205316223599e+00 1.822880764992199920e-01 1.116190618553148176e-02 -2.713365482497546721e-01
3.696000000000000000e+03 6.000520530128785168e+00 1.818750348805591999e-01 1.115420279930414045e-02 -2.704083148912267975e-01
3.697000000000000000e+03 5.988515728621045753e+00 1.814645606453307025e-01 1.114650605399346295e-02 -2.694858855088453353e-01
3.698000000000000000e+03 5.976537571592188236e+00 1.810574301744603820e-01 1.113881582209392922e-02 -2.685695410099615543e-01
3.699000000000000000e+03 5.964578503564302636e+00 1.806536790880161891e-01 1.113113198135301692e-02 -2.676595715870873082e-01
3.700000000000000000e+03 5.952638346840344319e+00 1.802533450313001107e-01 1.112345441583355646e-02 -2.667555339854614793e-01
3.701000000000000000e+03 5.940716755727527776e+00 1.798557339276839473e-01 1.111578301694063353e-02 -2.658584791594898467e-01
3.702000000000000000e+03 5.928827739376816730e+00 1.794609330106268497e-01 1.110811768438976256e-02 -2.649679781868697348e-01
3.703000000000000000e+03 5.916962837356505744e+00 1.790697833619033785e-01 1.110045832708249011e-02 -2.640843536950999715e-01
3.704000000000000000e+03 5.905120934113390341e+00 1.786808993838045201e-01 1.109280486398185779e-02 -2.632071952149442340e-01
3.705000000000000000e+03 5.893315680636900034e+00 1.782958685936729126e-01 1.108515722477896974e-02 -2.623368449210118913e-01
3.706000000000000000e+03 5.881530918438593325e+00 1.779133088926958539e-01 1.107751535057220453e-02 -2.614743976950228976e-01
3.707000000000000000e+03 5.869780101266866446e+00 1.775340683598310154e-01 1.106987919443676305e-02 -2.606179870058437098e-01
3.708000000000000000e+03 5.858054292456967183e+00 1.771582538603108381e-01 1.106224872182063994e-02 -2.597687276369679554e-01
3.709000000000000000e+03 5.846359303422406839e+00 1.767852309939176025e-01 1.105462391095475561e-02 -2.589270015501994870e-01
3.710000000000000000e+03 5.834693406323975928e+00 1.764151097132835300e-01 1.104700475299816992e-02 -2.580924579160331911e-01
3.711000000000000000e+03 5.823062189501457375e+00 1.760480014368060453e-01 1.103939125221307244e-02 -2.572654988053165170e-01
3.712000000000000000e+03 5.811456272188959105e+00 1.756832761615407523e-01 1.103178342590655468e-02 -2.564457935321160509e-01
3.713000000000000000e+03 5.799881018730202342e+00 1.753225337509613235e-01 1.102418130438392874e-02 -2.556330214928322353e-01
3.714000000000000000e+03 5.788334255394029348e+00 1.749636612024614568e-01 1.101658493063411605e-02 -2.548283578313049746e-01
3.715000000000000000e+03 5.776821129987885328e+00 1.746082609450800294e-01 1.100899436002845608e-02 -2.540315020851953709e-01
3.716000000000000000e+03 5.765331830750353603e+00 1.742557081067619695e-01 1.100140965983923205e-02 -2.532414209986580955e-01
3.717000000000000000e+03 5.753871304701879907e+00 1.739061218018314314e-01 1.099383090867132699e-02 -2.524600626664686986e-01
3.718000000000000000e+03 5.742444406864604112e+00 1.735588794083000319e-01 1.098625819574213479e-02 -2.516856709794092484e-01
3.719000000000000000e+03 5.731041050409998228e+00 1.732148450201223266e-01 1.097869162019504338e-02 -2.509194710920034654e-01
3.720000000000000000e+03 5.719673356132993547e+00 1.728733980544251980e-01 1.097113129013476719e-02 -2.501612123566985812e-01
3.721000000000000000e+03 5.708323662537089227e+00 1.725346617037265551e-01 1.096357732174006033e-02 -2.494106539309248194e-01
3.722000000000000000e+03 5.697011390268636788e+00 1.721987600481257874e-01 1.095602983820410589e-02 -2.486683075416042665e-01
3.723000000000000000e+03 5.685718768565416248e+00 1.718650751674843657e-01 1.094848896861460794e-02 -2.479339517377441016e-01
3.724000000000000000e+03 5.674450272596296863e+00 1.715344755936512866e-01 1.094095484682607380e-02 -2.472081174767352396e-01
3.725000000000000000e+03 5.663202921095842335e+00 1.712063449175750263e-01 1.093342761023140611e-02 -2.464898595293692207e-01
3.726000000000000000e+03 5.651981144504476084e+00 1.708808102415526886e-01 1.092590739854942122e-02 -2.457789848895427509e-01
3.727000000000000000e+03 5.640781940014433893e+00 1.705579992914809939e-01 1.091839435250941889e-02 -2.450767955087131134e-01
3.728000000000000000e+03 5.629602311871453324e+00 1.702372975290855350e-01 1.091088861257030404e-02 -2.443831168507216989e-01
3.729000000000000000e+03 5.618446711778277702e+00 1.699188337692469908e-01 1.090339031765778961e-02 -2.436970406178115556e-01
3.730000000000000000e+03 5.607304765893440290e+00 1.696034801273896830e-01 1.089589960384961670e-02 -2.430191531429560237e-01
3.731000000000000000e+03 5.596181000172490982e+00 1.692898806267734979e-01 1.088841660312306857e-02 -2.423493067693218983e-01
3.732000000000000000e+03 5.585072567043099845e+00 1.689781653211303303e-01 1.088094144209536714e-02 -2.416873625672051329e-01
3.733000000000000000e+03 5.573976685162326028e+00 1.686692074071532987e-01 1.087347424087814832e-02 -2.410339330491952370e-01
3.734000000000000000e+03 5.562905507104546565e+00 1.683623946671302107e-01 1.086601511187099481e-02 -2.403874107088394274e-01
3.735000000000000000e+03 5.551841559729020936e+00 1.680578579217374136e-01 1.085856415872033486e-02 -2.397499105786587148e-01
3.736000000000000000e+03 5.540797180838649361e+00 1.677549853078159070e-01 1.085112147535386568e-02 -2.391198417574950941e-01
3.737000000000000000e+03 5.529762529884178157e+00 1.674546507315337329e-01 1.084368714496129239e-02 -2.384978499682783581e-01
3.738000000000000000e+03 5.518742738087152766e+00 1.671562424763292920e-01 1.083626123925081688e-02 -2.378838460961757995e-01
3.739000000000000000e+03 5.507735630900673307e+00 1.668591488213308771e-01 1.082884381764501712e-02 -2.372770060677293069e-01
3.740000000000000000e+03 5.496739162942335000e+00 1.665642436597751797e-01 1.082143492674534149e-02 -2.366779992364695384e-01
3.741000000000000000e+03 5.485751423587152509e+00 1.662709151076517955e-01 1.081403459972688982e-02 -2.360867597600891377e-01
3.742000000000000000e+03 5.474785498219558733e+00 1.659792939575849557e-01 1.080664285600629881e-02 -2.355032293197012461e-01
3.743000000000000000e+03 5.463824901599187989e+00 1.656902536279498128e-01 1.079925970093397261e-02 -2.349266141713189926e-01
3.744000000000000000e+03 5.452883007013110905e+00 1.654016959370891715e-01 1.079188512564922646e-02 -2.343576135399544624e-01
3.745000000000000000e+03 5.441951049033923127e+00 1.651152365681333722e-01 1.078451910706941692e-02 -2.337961910062567594e-01
3.746000000000000000e+03 5.431035265327957440e+00 1.648302623387223609e-01 1.077716160798068874e-02 -2.332423172359982810e-01
3.747000000000000000e+03 5.420127182156010193e+00 1.645461596563006224e-01 1.076981257726472400e-02 -2.326952270424333113e-01
3.748000000000000000e+03 5.409248182229186241e+00 1.642638001386978464e-01 1.076247195028911391e-02 -2.321549049566727363e-01
3.749000000000000000e+03 5.398382646182489530e+00 1.639833120600359129e-01 1.075513964933183172e-02 -2.316213422957670576e-01
3.750000000000000000e+03 5.387529946552428228e+00 1.637033374669892849e-01 1.074781558421091833e-02 -2.310952799038186734e-01
3.751000000000000000e+03 5.376704411847231135e+00 1.634247531782726526e-01 1.074049965301141288e-02 -2.305760036200665275e-01
3.752000000000000000e+03 5.365898087063065702e+00 1.631469771796734691e-01 1.073319174285879314e-02 -2.300629020535015778e-01
3.753000000000000000e+03 5.355110530769223054e+00 1.628709192988354593e-01 1.072589173088276532e-02 -2.295568799733800902e-01
3.754000000000000000e+03 5.344348837114699435e+00 1.625960029457390599e-01 1.071859948517099245e-02 -2.290573628204035928e-01
3.755000000000000000e+03 5.333612769927069230e+00 1.623216507363491046e-01 1.071131486595368158e-02 -2.285645251295836955e-01
3.756000000000000000e+03 5.322902181133013499e+00 1.620487701169974482e-01 1.070403772668971146e-02 -2.280785476142917767e-01
3.757000000000000000e+03 5.312217000188609539e+00 1.617767819790608408e-01 1.069676791535239743e-02 -2.275996170867300716e-01
3.758000000000000000e+03 5.301557222965949556e+00 1.615058491194932833e-01 1.068950527570311330e-02 -2.271271835440430986e-01
3.759000000000000000e+03 5.290937756897166722e+00 1.612361333619116710e-01 1.068224964859975507e-02 -2.266607029250013450e-01
3.760000000000000000e+03 5.280336410628209798e+00 1.609670526782776834e-01 1.067500087340423308e-02 -2.262011227016242632e-01
3.761000000000000000e+03 5.269775593748164511e+00 1.606987668164163996e-01 1.066775878933723908e-02 -2.257479104602179987e-01
3.762000000000000000e+03 5.259248021045079824e+00 1.604314344231707878e-01 1.066052323686417745e-02 -2.253020251617728065e-01
3.763000000000000000e+03 5.248761270359923792e+00 1.601644701683012650e-01 1.065329405905090197e-02 -2.248622028856815114e-01
3.764000000000000000e+03 5.238308057045037991e+00 1.598987732092089498e-01 1.064607110297546497e-02 -2.244286709220419673e-01
3.765000000000000000e+03 5.227895935443090281e+00 1.596344986463762716e-01 1.063885422101570888e-02 -2.240016620163104710e-01
3.766000000000000000e+03 5.217525002243887045e+00 1.593703146496195933e-01 1.063164327215309832e-02 -2.235814142815089611e-01
3.767000000000000000e+03 5.207195313678536941e+00 1.591063737603353456e-01 1.062443812319485009e-02 -2.231666854370563668e-01
3.768000000000000000e+03 5.196906874903882922e+00 1.588435700194800737e-01 1.061723864992608450e-02 -2.227584668892956254e-01
3.769000000000000000e+03 5.186659630026899670e+00 1.585813104263451845e-01 1.061004473820489034e-02 -2.223570122927554793e-01
3.770000000000000000e+03 5.176468309562244130e+00 1.583197434083765121e-01 1.060285628498878162e-02 -2.219610946121833850e-01
3.771000000000000000e+03 5.166310423558050147e+00 1.580590159518799331e-01 1.059567319916210858e-02 -2.215717201899878586e-01
3.772000000000000000e+03 5.156207965926099313e+00 1.577985307334968390e-01 1.058849540242517290e-02 -2.211876716234400242e-01
3.773000000000000000e+03 5.146153124388122890e+00 1.575384317578349680e-01 1.058132282991910110e-02 -2.208099646568892349e-01
3.774000000000000000e+03 5.136145416710469647e+00 1.572788614908911253e-01 1.057415543080033639e-02 -2.204381338830345149e-01
3.775000000000000000e+03 5.126184257925473275e+00 1.570199608294584881e-01 1.056699316869251157e-02 -2.200717182838886343e-01
3.776000000000000000e+03 5.116268957034531439e+00 1.567611262364661251e-01 1.055983602199916591e-02 -2.197117467657268008e-01
3.777000000000000000e+03 5.106406143227141037e+00 1.565024953823549447e-01 1.055268398409172671e-02 -2.193562810078625580e-01
3.778000000000000000e+03 5.096587479886802718e+00 1.562442042823654897e-01 1.054553706333866830e-02 -2.190071008308037415e-01
3.779000000000000000e+03 5.086819378248816470e+00 1.559863872698005194e-01 1.053839528301717815e-02 -2.186630185279527239e-01
3.780000000000000000e+03 5.077100713807737087e+00 1.557291769702118800e-01 1.053125868112825964e-02 -2.183250785516976378e-01
3.781000000000000000e+03 5.067422828966297033e+00 1.554719614416212869e-01 1.052412730998890725e-02 -2.179913575032574602e-01
3.782000000000000000e+03 5.057799250255596846e+00 1.552148698207095612e-01 1.051700123575815583e-02 -2.176629066422008374e-01
3.783000000000000000e+03 5.048221123191368953e+00 1.549580294648482126e-01 1.050988053787330415e-02 -2.173392947000485631e-01
3.784000000000000000e+03 5.038686931728165064e+00 1.547008230951719132e-01 1.050276530827842607e-02 -2.170208362038456573e-01
3.785000000000000000e+03 5.029202505356525243e+00 1.544448601156716283e-01 1.049565565057479499e-02 -2.167071056195169765e-01
3.786000000000000000e+03 5.019766170480762568e+00 1.541880339129113042e-01 1.048855167908079380e-02 -2.163984228308121760e-01
3.787000000000000000e+03 5.010361331056481404e+00 1.539319501871087570e-01 1.048145351779464218e-02 -2.160936244386928995e-01
3.788000000000000000e+03 5.001008476860402396e+00 1.536752414187169125e-01 1.047436129920450987e-02 -2.157930349021379701e-01
3.789000000000000000e+03 4.991690910547801785e+00 1.534195095312263779e-01 1.046727516312114144e-02 -2.154969806653288245e-01
3.790000000000000000e+03 4.982406757311292012e+00 1.531633831945525825e-01 1.046019525534233781e-02 -2.152043042819606067e-01
3.791000000000000000e+03 4.973161548283976607e+00 1.529069748195537315e-01 1.045312172635254160e-02 -2.149160783823538812e-01
3.792000000000000000e+03 4.963953376032339548e+00 1.526503948733119731e-01 1.044605472987089959e-02 -2.146311484533231784e-01
3.793000000000000000e+03 4.954780335428584870e+00 1.523937518652029588e-01 1.043899442147593927e-02 -2.143505896372602526e-01
3.794000000000000000e+03 4.945633108038295589e+00 1.521371523338621579e-01 1.043194095713953495e-02 -2.140725066749454841e-01
3.795000000000000000e+03 4.936524688357870616e+00 1.518807008349762899e-01 1.042489449174808201e-02 -2.137979763737636596e-01
3.796000000000000000e+03 4.927438398180948198e+00 1.516237570947883695e-01 1.041785517768947095e-02 -2.135265903860378567e-01
3.797000000000000000e+03 4.918379897731893102e+00 1.513671645045588099e-01 1.041082316339754163e-02 -2.132586835036000827e-01
3.798000000000000000e+03 4.909347484693905805e+00 1.511095359355591750e-01 1.040379859195956873e-02 -2.129931049439449109e-01
3.799000000000000000e+03 4.900346962970529852e+00 1.508524535751613604e-01 1.039678159974290542e-02 -2.127301894837044516e-01
3.800000000000000000e+03 4.891361940866742586e+00 1.505945262382332728e-01 1.038977231514206200e-02 -2.124695287499375751e-01
3.801000000000000000e+03 4.882398464415325989e+00 1.503365889825003243e-01 1.038277085730287402e-02 -2.122107375695291565e-01
3.802000000000000000e+03 4.873455470971639336e+00 1.500779882597925718e-01 1.037577733500030103e-02 -2.119550105871943757e-01
3.803000000000000000e+03 4.864532070392157515e+00 1.498195539167120616e-01 1.036879184553408245e-02 -2.117005939188902341e-01
3.804000000000000000e+03 4.855627501447550287e+00 1.495606280712465097e-01 1.036181447381214794e-02 -2.114487039300967375e-01
3.805000000000000000e+03 4.846733711157479085e+00 1.493012936131050405e-01 1.035484529146133738e-02 -2.111990700438595436e-01
3.806000000000000000e+03 4.837865074845736579e+00 1.490408885295688435e-01 1.034788435610460057e-02 -2.109506773997023021e-01
3.807000000000000000e+03 4.829006403246662416e+00 1.487809772421636034e-01 1.034093171077077669e-02 -2.107047380236578560e-01
3.808000000000000000e+03 4.820164945365512210e+00 1.485201507588340686e-01 1.033398738334132504e-02 -2.104602336544575680e-01
3.809000000000000000e+03 4.811340678291449180e+00 1.482584836819957064e-01 1.032705138624877804e-02 -2.102176297616534517e-01
3.810000000000000000e+03 4.802533737534496971e+00 1.479967913721405015e-01 1.032012371626151934e-02 -2.099766468904251948e-01
3.811000000000000000e+03 4.793736989411726768e+00 1.477344014421032026e-01 1.031320435436279201e-02 -2.097377461883735417e-01
3.812000000000000000e+03 4.784958315573436316e+00 1.474721250970983943e-01 1.030629326585058222e-02 -2.094999007645652611e-01
3.813000000000000000e+03 4.776198326166632313e+00 1.472085429602471573e-01 1.029939040053475148e-02 -2.092635669008000854e-01
3.814000000000000000e+03 4.767457785150660321e+00 1.469452049190896892e-01 1.029249569305759442e-02 -2.090291982598893317e-01
3.815000000000000000e+03 4.758730177685899676e+00 1.466806874473855216e-01 1.028560906336252988e-02 -2.087950172661708625e-01
3.816000000000000000e+03 4.750023989731293916e+00 1.464165362879520649e-01 1.027873041734689991e-02 -2.085629576782098982e-01
3.817000000000000000e+03 4.741332988043155616e+00 1.461505809408633894e-01 1.027185964752821978e-02 -2.083319789731380434e-01
3.818000000000000000e+03 4.732665925884092850e+00 1.458851058527306233e-01 1.026499663394953368e-02 -2.081010375928828426e-01
3.819000000000000000e+03 4.724016820903447211e+00 1.456179364012209765e-01 1.025814124507419371e-02 -2.078720581968700465e-01
3.820000000000000000e+03 4.715387230518021333e+00 1.453506100857117345e-01 1.025129333893245835e-02 -2.076432480656639767e-01
3.821000000000000000e+03 4.706778813023241526e+00 1.450831766883613760e-01 1.024445276420795671e-02 -2.074157825407036693e-01
3.822000000000000000e+03 4.698193316277849974e+00 1.448141982809530992e-01 1.023761936152497824e-02 -2.071886051093658476e-01
3.823000000000000000e+03 4.689632565710040168e+00 1.445452062426661466e-01 1.023079296475836071e-02 -2.069613986800688810e-01
3.824000000000000000e+03 4.681098451750024481e+00 1.442747585882755701e-01 1.022397340236563812e-02 -2.067353283571947142e-01
3.825000000000000000e+03 4.672592916798712359e+00 1.440043826573676466e-01 1.021716049888981778e-02 -2.065100700448626314e-01
3.826000000000000000e+03 4.664110513497005783e+00 1.437326324440785785e-01 1.021035407632413065e-02 -2.062845532295897732e-01
3.827000000000000000e+03 4.655668104514351313e+00 1.434610312878048244e-01 1.020355395568974671e-02 -2.060591894362367449e-01
3.828000000000000000e+03 4.647245422022547423e+00 1.431881292044344389e-01 1.019675995846034897e-02 -2.058336436764215127e-01
3.829000000000000000e+03 4.638866765832683647e+00 1.429147027436283302e-01 1.018997190808159162e-02 -2.056083200742570560e-01
3.830000000000000000e+03 4.630511849606560482e+00 1.426400408266148001e-01 1.018318963143396982e-02 -2.053828761535852754e-01
3.831000000000000000e+03 4.622190071022903801e+00 1.423649160999493901e-01 1.017641296030306550e-02 -2.051577084666074691e-01
3.832000000000000000e+03 4.613910785406943660e+00 1.420893564449692004e-01 1.016964173272089447e-02 -2.049317240477745161e-01
3.833000000000000000e+03 4.605661008191882289e+00 1.418126449930095789e-01 1.016287579435103117e-02 -2.047053117131342193e-01
3.834000000000000000e+03 4.597449973123946876e+00 1.415355486465378343e-01 1.015611499974224119e-02 -2.044788563491762301e-01
3.835000000000000000e+03 4.589279407660766807e+00 1.412573467558636831e-01 1.014935921354963994e-02 -2.042512532008659842e-01
3.836000000000000000e+03 4.581143522565678694e+00 1.409788024768640902e-01 1.014260831161886527e-02 -2.040236220036264203e-01
3.837000000000000000e+03 4.573051287438108403e+00 1.406991914492816687e-01 1.013586218199287459e-02 -2.037948499283709358e-01
3.838000000000000000e+03 4.564996708761277056e+00 1.404192731559710527e-01 1.012912072582500787e-02 -2.035653057098883167e-01
3.839000000000000000e+03 4.556981107445145618e+00 1.401390624377854555e-01 1.012238385813517272e-02 -2.033353539277271138e-01
3.840000000000000000e+03 4.549005684076727896e+00 1.398578295142708372e-01 1.011565150847083643e-02 -2.031038692844702731e-01
3.841000000000000000e+03 4.541071513684070027e+00 1.395755856751598467e-01 1.010892362143403674e-02 -2.028712078912620065e-01
3.842000000000000000e+03 4.533179541707748506e+00 1.392930833025473047e-01 1.010220015708658201e-02 -2.026384643753463555e-01
3.843000000000000000e+03 4.525323152863787612e+00 1.390103302237847560e-01 1.009548109117067508e-02 -2.024037576441237440e-01
3.844000000000000000e+03 4.517510454670317088e+00 1.387273325701164628e-01 1.008876641523836007e-02 -2.021674306663906184e-01
3.845000000000000000e+03 4.509734563797030304e+00 1.384433519659596379e-01 1.008205613663388373e-02 -2.019298218998936134e-01
3.846000000000000000e+03 4.501995892139072808e+00 1.381583912239770784e-01 1.007535027829426985e-02 -2.016912652207874523e-01
3.847000000000000000e+03 4.494294720750569461e+00 1.378739372057477541e-01 1.006864887844842980e-02 -2.014506041795912084e-01
3.848000000000000000e+03 4.486631203365254450e+00 1.375885038379093539e-01 1.006195199016191380e-02 -2.012081632643114015e-01
3.849000000000000000e+03 4.479005371118182310e+00 1.373020891491696094e-01 1.005525968079413503e-02 -2.009635193153520016e-01
3.850000000000000000e+03 4.471402281722483885e+00 1.370154324628385101e-01 1.004857203121555659e-02 -2.007177299476945453e-01
3.851000000000000000e+03 4.463836668642723993e+00 1.367285234300595342e-01 1.004188913504123516e-02 -2.004696238000476527e-01
3.852000000000000000e+03 4.456301166940199288e+00 1.364413289193166512e-01 1.003521109765615274e-02 -2.002195281509162317e-01
3.853000000000000000e+03 4.448795819348139169e+00 1.361538090196455220e-01 1.002853803517234944e-02 -1.999677696304565933e-01
3.854000000000000000e+03 4.441320585659512155e+00 1.358659223949001404e-01 1.002187007329949885e-02 -1.997131839499312889e-01
3.855000000000000000e+03 4.433875353340253511e+00 1.355776263138396831e-01 1.001520734604148706e-02 -1.994568299846251336e-01
3.856000000000000000e+03 4.426445092120448344e+00 1.352881338454321458e-01 1.000854999450537589e-02 -1.991982755060009158e-01
3.857000000000000000e+03 4.419044435960550743e+00 1.349988852298942277e-01 1.000189816541294067e-02 -1.989378255937112594e-01
3.858000000000000000e+03 4.411665696925903823e+00 1.347090908996390612e-01 9.995252009778561250e-03 -1.986742940379251920e-01
3.859000000000000000e+03 4.404308591260602590e+00 1.344187028509503945e-01 9.988611681384814561e-03 -1.984087174224739014e-01
3.860000000000000000e+03 4.396957967237491438e+00 1.341276718407181379e-01 9.981977335351209860e-03 -1.981406408592990831e-01
3.861000000000000000e+03 4.389635816618319808e+00 1.338366902535775560e-01 9.975349126601676733e-03 -1.978703464047353311e-01
3.862000000000000000e+03 4.382319575795540878e+00 1.335442207941081316e-01 9.968727208383921373e-03 -1.975966244683024509e-01
3.863000000000000000e+03 4.375023850504344836e+00 1.332524391995593416e-01 9.962111730780542906e-03 -1.973204879044566651e-01
3.864000000000000000e+03 4.367733573274939829e+00 1.329590630871994583e-01 9.955502839333571150e-03 -1.970422005927283116e-01
3.865000000000000000e+03 4.360456014115901446e+00 1.326662660075232369e-01 9.948900673556214380e-03 -1.967605345269332340e-01
3.866000000000000000e+03 4.353183650507701508e+00 1.323725062919237638e-01 9.942305365601726216e-03 -1.964764839189545864e-01
3.867000000000000000e+03 4.345916463601974478e+00 1.320784697659044826e-01 9.935717039003951270e-03 -1.961895509574111962e-01
3.868000000000000000e+03 4.338661948668913304e+00 1.317840984421139450e-01 9.929135807456223803e-03 -1.958999742519088039e-01
3.869000000000000000e+03 4.331405411345571110e+00 1.314893333884905591e-01 9.922561773719740935e-03 -1.956072431081541385e-01
3.870000000000000000e+03 4.324161974847866574e+00 1.311941147614932857e-01 9.915995028550571994e-03 -1.953123259843793369e-01
3.871000000000000000e+03 4.316909732607250305e+00 1.308983818392146226e-01 9.909435649843971461e-03 -1.950139562743618549e-01
3.872000000000000000e+03 4.309664038517786011e+00 1.306020730545351116e-01 9.902883701829793411e-03 -1.947130892826557935e-01
3.873000000000000000e+03 4.302418085770255196e+00 1.303058688632972861e-01 9.896339234354657732e-03 -1.944084451867519048e-01
3.874000000000000000e+03 4.295172624727279675e+00 1.300089632721930510e-01 9.889802282419904791e-03 -1.941017088621949105e-01
3.875000000000000000e+03 4.287928537841882104e+00 1.297120352118920905e-01 9.883272865714089195e-03 -1.937908443548948811e-01
3.876000000000000000e+03 4.280679413339272266e+00 1.294142772297955379e-01 9.876750988370722184e-03 -1.934775232267759992e-01
3.877000000000000000e+03 4.273433831041683284e+00 1.291163668629433658e-01 9.870236638807306645e-03 -1.931611818789549795e-01
3.878000000000000000e+03 4.266178220124254850e+00 1.288182381655593733e-01 9.863729789786524274e-03 -1.928412500680613817e-01
3.879000000000000000e+03 4.258928855809091196e+00 1.285198245766812075e-01 9.857230398511537817e-03 -1.925186365955905421e-01
3.880000000000000000e+03 4.251672429555156896e+00 1.282203161175244910e-01 9.850738406953827783e-03 -1.921927579948690679e-01
3.881000000000000000e+03 4.244418043276256824e+00 1.279218735989096078e-01 9.844253742267420129e-03 -1.918637670709967824e-01
3.882000000000000000e+03 4.237160062167074415e+00 1.276222003031757257e-01 9.837776317344412366e-03 -1.915318101083264002e-01
3.883000000000000000e+03 4.229907821539912405e+00 1.273227132014933261e-01 9.831306031483572419e-03 -1.911962840851975931e-01
3.884000000000000000e+03 4.222655905775500429e+00 1.270226003055004993e-01 9.824842771240750380e-03 -1.908580652359615493e-01
3.885000000000000000e+03 4.215398996358796779e+00 1.267225348741954916e-01 9.818386411328806213e-03 -1.905165377745465793e-01
3.886000000000000000e+03 4.208146718975257272e+00 1.264224469405073603e-01 9.811936815600294168e-03 -1.901718224696451742e-01
3.887000000000000000e+03 4.200901348001687907e+00 1.261222661777436360e-01 9.805493838219356967e-03 -1.898240338858832033e-01
3.888000000000000000e+03 4.193657795286349632e+00 1.258219219309048287e-01 9.799057324895719609e-03 -1.894732804655606395e-01
3.889000000000000000e+03 4.186418454968336533e+00 1.255213432480135061e-01 9.792627114049044443e-03 -1.891196646155374472e-01
3.890000000000000000e+03 4.179193191041231437e+00 1.252212017461066806e-01 9.786203038276184568e-03 -1.887632827988022510e-01
3.891000000000000000e+03 4.171962182720498014e+00 1.249206831371879184e-01 9.779784925693575312e-03 -1.884034827951989455e-01
3.892000000000000000e+03 4.164750194735272082e+00 1.246204585992067987e-01 9.773372601355337710e-03 -1.880403494706978096e-01
3.893000000000000000e+03 4.157544852052627249e+00 1.243197134666795406e-01 9.766965888742443203e-03 -1.876747048799023987e-01
3.894000000000000000e+03 4.150348624814164999e+00 1.240198614364971946e-01 9.760564611208675037e-03 -1.873058798657769863e-01
3.895000000000000000e+03 4.143163958148130099e+00 1.237193447532963647e-01 9.754168593467539561e-03 -1.869339426716378205e-01
3.896000000000000000e+03 4.135985830479808278e+00 1.234195769201364423e-01 9.747777663038583243e-03 -1.865596990493771923e-01
3.897000000000000000e+03 4.128831453859486800e+00 1.231190000486913211e-01 9.741391651674827235e-03 -1.861817210285084678e-01
3.898000000000000000e+03 4.121680834469999333e+00 1.228197704047587629e-01 9.735010396774369107e-03 -1.858015468706908646e-01
3.899000000000000000e+03 4.114551043933452945e+00 1.225195872532751223e-01 9.728633742654198974e-03 -1.854177384987343857e-01
3.900000000000000000e+03 4.107444209266348345e+00 1.222206069087043712e-01 9.722261541899073628e-03 -1.850318242852619921e-01
3.901000000000000000e+03 4.100347530983733613e+00 1.219220095015181582e-01 9.715893656503679296e-03 -1.846438286597099077e-01
3.902000000000000000e+03 4.093270501739850076e+00 1.216236984431245810e-01 9.709529958975865460e-03 -1.842522317438725354e-01
3.903000000000000000e+03 4.086215096750764886e+00 1.213255723609582282e-01 9.703170333404098277e-03 -1.838592097705596395e-01
3.904000000000000000e+03 4.079183164922178584e+00 1.210275300418104522e-01 9.696814676325739984e-03 -1.834624774892005539e-01
3.905000000000000000e+03 4.072168993308936003e+00 1.207302132966615732e-01 9.690462897511863821e-03 -1.830634594492392686e-01
3.906000000000000000e+03 4.065181586077562415e+00 1.204335213203457655e-01 9.684114920659434717e-03 -1.826620902498445609e-01
3.907000000000000000e+03 4.058214946170054738e+00 1.201373535562049871e-01 9.677770683951942426e-03 -1.822575574664451470e-01
3.908000000000000000e+03 4.051262928263864360e+00 1.198408668906463942e-01 9.671430140448862567e-03 -1.818505302436019544e-01
3.909000000000000000e+03 4.044334092956053617e+00 1.195454470226508664e-01 9.665093258414090074e-03 -1.814409308740009275e-01
3.910000000000000000e+03 4.037429420439775818e+00 1.192502514830312971e-01 9.658760021405877680e-03 -1.810279348783921660e-01
3.911000000000000000e+03 4.030542310482621460e+00 1.189559238387117857e-01 9.652430428356584616e-03 -1.806129424218466950e-01
3.912000000000000000e+03 4.023680868703086055e+00 1.186616223818039995e-01 9.646104493364563576e-03 -1.801943785403891385e-01
3.913000000000000000e+03 4.016830767277387970e+00 1.183672486635201360e-01 9.639782245537478755e-03 -1.797736358892254582e-01
3.914000000000000000e+03 4.010007247055328072e+00 1.180741903580612984e-01 9.633463728520724745e-03 -1.793498749614732268e-01
3.915000000000000000e+03 4.003195695591787562e+00 1.177808642810556639e-01 9.627148999985776778e-03 -1.789237383233581447e-01
3.916000000000000000e+03 3.996403651553041669e+00 1.174886590981283202e-01 9.620838131017718856e-03 -1.784943793305446003e-01
3.917000000000000000e+03 3.989631098334462056e+00 1.171967355079457374e-01 9.614531205314425996e-03 -1.780624335211695997e-01
3.918000000000000000e+03 3.982870472075631607e+00 1.169057404452351484e-01 9.608228318365380841e-03 -1.776270473253986903e-01
3.919000000000000000e+03 3.976121527296125446e+00 1.166148357684438502e-01 9.601929576398283636e-03 -1.771895922873416851e-01
3.920000000000000000e+03 3.969383918317204607e+00 1.163246696271718200e-01 9.595635095379863658e-03 -1.767492080990253622e-01
3.921000000000000000e+03 3.962657209777640244e+00 1.160351479842244987e-01 9.589344999826105234e-03 -1.763065168173084118e-01
3.922000000000000000e+03 3.955940887796081551e+00 1.157454346423704566e-01 9.583059421585594234e-03 -1.758606515638795886e-01
3.923000000000000000e+03 3.949234371675304001e+00 1.154569226108531216e-01 9.576778498551185778e-03 -1.754122279037607646e-01
3.924000000000000000e+03 3.942529597690640486e+00 1.151687771212296096e-01 9.570502373360387574e-03 -1.749611153777906325e-01
3.925000000000000000e+03 3.935825888249838922e+00 1.148816498282133614e-01 9.564231191933027926e-03 -1.745071803744719374e-01
3.926000000000000000e+03 3.929129964560198918e+00 1.145947074946784133e-01 9.557965102161454507e-03 -1.740502861666949064e-01
3.927000000000000000e+03 3.922433674334337983e+00 1.143086033565470366e-01 9.551704252456653943e-03 -1.735917786188759249e-01
3.928000000000000000e+03 3.915736289572025353e+00 1.140232486419780755e-01 9.545448790337569475e-03 -1.731307720496628455e-01
3.929000000000000000e+03 3.909037090797507386e+00 1.137378125951210017e-01 9.539198861041646438e-03 -1.726671206111191070e-01
3.930000000000000000e+03 3.902342807740347919e+00 1.134536938394583305e-01 9.532954606146937931e-03 -1.722014183295609291e-01
3.931000000000000000e+03 3.895637917895812929e+00 1.131708062253322239e-01 9.526716162275924646e-03 -1.717335134784570838e-01
3.932000000000000000e+03 3.888936656460114438e+00 1.128875788521388757e-01 9.520483659738799773e-03 -1.712632514589874089e-01
3.933000000000000000e+03 3.882223600431551347e+00 1.126061559349741115e-01 9.514257221363828232e-03 -1.707912176836023366e-01
3.934000000000000000e+03 3.875505677285793205e+00 1.123249684753011984e-01 9.508036961352278257e-03 -1.703172519578962096e-01
3.935000000000000000e+03 3.868782461028676067e+00 1.120446769614770050e-01 9.501822984172562936e-03 -1.698411913712692678e-01
3.936000000000000000e+03 3.862046180795622785e+00 1.117644572132471953e-01 9.495615383609512863e-03 -1.693636131916463894e-01
3.937000000000000000e+03 3.855296585221513972e+00 1.114857145758211820e-01 9.489414241922395146e-03 -1.688843492594071516e-01
3.938000000000000000e+03 3.848540949112701615e+00 1.112076269281116886e-01 9.483219629000916653e-03 -1.684024860560498771e-01
3.939000000000000000e+03 3.841771794013301378e+00 1.109308588754279595e-01 9.477031601762480467e-03 -1.679193361177160893e-01
3.940000000000000000e+03 3.834996606120423479e+00 1.106538475912558911e-01 9.470850203643584042e-03 -1.674347239384040842e-01
3.941000000000000000e+03 3.828208126256806398e+00 1.103787455137435203e-01 9.464675464126187654e-03 -1.669492145585499410e-01
3.942000000000000000e+03 3.821399208777790157e+00 1.101039920109008891e-01 9.458507398517512071e-03 -1.664618851485983875e-01
3.943000000000000000e+03 3.814585107644456130e+00 1.098302560756473090e-01 9.452346007740242834e-03 -1.659732964428554391e-01
3.944000000000000000e+03 3.807766334506549999e+00 1.095574649997118899e-01 9.446191278385356049e-03 -1.654840071685427794e-01
3.945000000000000000e+03 3.800928657353152662e+00 1.092855472220647522e-01 9.440043182767064028e-03 -1.649938313147901459e-01
3.946000000000000000e+03 3.794080239748634842e+00 1.090144323415362104e-01 9.433901679170245830e-03 -1.645025810768267205e-01
3.947000000000000000e+03 3.787221923776832089e+00 1.087447939637174038e-01 9.427766712249997447e-03 -1.640100669699390001e-01
3.948000000000000000e+03 3.780354653635588313e+00 1.084758212071431638e-01 9.421638213463286518e-03 -1.635175836179882936e-01
3.949000000000000000e+03 3.773479469827345056e+00 1.082081900538056363e-01 9.415516101744526509e-03 -1.630241957014138265e-01
3.950000000000000000e+03 3.766597502353555615e+00 1.079410920189098899e-01 9.409400284160126041e-03 -1.625304522593011280e-01
3.951000000000000000e+03 3.759702505708037101e+00 1.076752047270837370e-01 9.403290656763058780e-03 -1.620361417883241506e-01
3.952000000000000000e+03 3.752803048574333999e+00 1.074104610968696916e-01 9.397187105515746736e-03 -1.615409856314195813e-01
3.953000000000000000e+03 3.745892877824571698e+00 1.071460516673332225e-01 9.391089507282008100e-03 -1.610461733657117256e-01
3.954000000000000000e+03 3.738988079145263654e+00 1.068833967182004907e-01 9.384997730922219408e-03 -1.605506652941575685e-01
3.955000000000000000e+03 3.732067639600661124e+00 1.066216892661806664e-01 9.378911638423293590e-03 -1.600541639275810391e-01
3.956000000000000000e+03 3.725155148363022750e+00 1.063608664108482565e-01 9.372831086153039434e-03 -1.595578569634743260e-01
3.957000000000000000e+03 3.718237073354574207e+00 1.061016093399071158e-01 9.366755926075222630e-03 -1.590614460907730510e-01
3.958000000000000000e+03 3.711322176268796458e+00 1.058431148286828744e-01 9.360686007095097086e-03 -1.585653756404564740e-01
3.959000000000000000e+03 3.704411787223290009e+00 1.055860665843326440e-01 9.354621176313870218e-03 -1.580686042262348379e-01
3.960000000000000000e+03 3.697507221110419628e+00 1.053296639091748504e-01 9.348561280422822140e-03 -1.575715762301151401e-01
3.961000000000000000e+03 3.690602337304132341e+00 1.050745930438220233e-01 9.342506166945215018e-03 -1.570747362767915822e-01
3.962000000000000000e+03 3.683705812936381108e+00 1.048207986644188322e-01 9.336455685668680268e-03 -1.565777865420063808e-01
3.963000000000000000e+03 3.676818846347725600e+00 1.045682267197495102e-01 9.330409689786453228e-03 -1.560804297287428644e-01
3.964000000000000000e+03 3.669935145971401358e+00 1.043168244325459043e-01 9.324368037280159408e-03 -1.555838548764232332e-01
3.965000000000000000e+03 3.663063204751960455e+00 1.040665403005559542e-01 9.318330592043807745e-03 -1.550862804869132250e-01
3.966000000000000000e+03 3.656204005043510730e+00 1.038173240970401701e-01 9.312297225059325972e-03 -1.545888973376704223e-01
3.967000000000000000e+03 3.649351009231053933e+00 1.035691268708738566e-01 9.306267815475487495e-03 -1.540921544358672957e-01
3.968000000000000000e+03 3.642512436160268763e+00 1.033226437812955756e-01 9.300242251569763516e-03 -1.535950163086017006e-01
3.969000000000000000e+03 3.635681539950290642e+00 1.030770855920493390e-01 9.294220431726835444e-03 -1.530979344637456996e-01
3.970000000000000000e+03 3.628866316513383872e+00 1.028324071754317115e-01 9.288202265187669310e-03 -1.526013618359028379e-01
3.971000000000000000e+03 3.622067212588623519e+00 1.025893075107878888e-01 9.282187672797446998e-03 -1.521042672273753560e-01
3.972000000000000000e+03 3.615284549194713648e+00 1.023477440126392551e-01 9.276176587604562790e-03 -1.516085924240192784e-01
3.973000000000000000e+03 3.608511089442392628e+00 1.021068582450277151e-01 9.270168955339446945e-03 -1.511125667801344330e-01
3.974000000000000000e+03 3.601761749191400686e+00 1.018673529910259778e-01 9.264164734839879997e-03 -1.506166499933401237e-01
3.975000000000000000e+03 3.595021596969810496e+00 1.016291151778973695e-01 9.258163898229794173e-03 -1.501213036881959562e-01
3.976000000000000000e+03 3.588297851924338033e+00 1.013921072758921516e-01 9.252166431130429136e-03 -1.496269914991809058e-01
3.977000000000000000e+03 3.581590171047372539e+00 1.011562930112885894e-01 9.246172332644905095e-03 -1.491326934778101354e-01
3.978000000000000000e+03 3.574898079274717144e+00 1.009217116461387925e-01 9.240181615227653633e-03 -1.486388775038628707e-01
3.979000000000000000e+03 3.568220972335368835e+00 1.006884036906342261e-01 9.234194304488170177e-03 -1.481460136809066297e-01
3.980000000000000000e+03 3.561558120672835503e+00 1.004562623317178521e-01 9.228210438831895013e-03 -1.476530887260491254e-01
3.981000000000000000e+03 3.554908674399828605e+00 1.002254048459063629e-01 9.222230068990325269e-03 -1.471613201992749975e-01
3.982000000000000000e+03 3.548271669238401760e+00 9.999580117675517521e-02 9.216253257469511628e-03 -1.466704423773624866e-01
3.983000000000000000e+03 3.541653461738153652e+00 9.976734821304585055e-02 9.210280077882620001e-03 -1.461801919678454853e-01
3.984000000000000000e+03 3.535045451956134510e+00 9.954009263370831861e-02 9.204310614148138864e-03 -1.456910509829838218e-01
3.985000000000000000e+03 3.528446377027695480e+00 9.931408233483170200e-02 9.198344959685314515e-03 -1.452020182693112282e-01
3.986000000000000000e+03 3.521854892046413887e+00 9.908929213996253704e-02 9.192383216428101286e-03 -1.447150665480179121e-01
3.987000000000000000e+03 3.515277008267235548e+00 9.886569807700987256e-02 9.186425493845578813e-03 -1.442284569262794192e-01
3.988000000000000000e+03 3.508711246791083038e+00 9.864320308786579672e-02 9.180471907844777596e-03 -1.437426816004174213e-01
3.989000000000000000e+03 3.502148649385551593e+00 9.842200843865840654e-02 9.174522579675213271e-03 -1.432582353707926581e-01
3.990000000000000000e+03 3.495587646342063426e+00 9.820194516064803536e-02 9.168577634759183387e-03 -1.427756156591014902e-01
3.991000000000000000e+03 3.489041496216610749e+00 9.798306831037452425e-02 9.162637201446941979e-03 -1.422938368533553932e-01
3.992000000000000000e+03 3.482501155598609621e+00 9.776535982726383689e-02 9.156701409886135179e-03 -1.418134016612701276e-01
3.993000000000000000e+03 3.475965004057102625e+00 9.754887709203949320e-02 9.150770390737663490e-03 -1.413340726171030404e-01
3.994000000000000000e+03 3.469431427256373102e+00 9.733353006715898814e-02 9.144844273965779813e-03 -1.408571005976005097e-01
3.995000000000000000e+03 3.462898828239017845e+00 9.711937842140662414e-02 9.138923187631384573e-03 -1.403815106574150540e-01
3.996000000000000000e+03 3.456373066775827674e+00 9.690640866953374732e-02 9.133007256738037358e-03 -1.399078162145305781e-01
3.997000000000000000e+03 3.449845184933063358e+00 9.669460844558802615e-02 9.127096602039684939e-03 -1.394357905558545607e-01
3.998000000000000000e+03 3.443321130616063375e+00 9.648389220876769923e-02 9.121191338943308163e-03 -1.389659525186493494e-01
3.999000000000000000e+03 3.436799482096826619e+00 9.627424979930547522e-02 9.115291576544547539e-03 -1.384980808328858115e-01
4.000000000000000000e+03 3.430271456944454567e+00 9.606582071060067174e-02 9.109397416534638359e-03 -1.380319569700583227e-01
4.001000000000000000e+03 3.423743155617509526e+00 9.585845131242606842e-02 9.103508952361435980e-03 -1.375681023388711233e-01
4.002000000000000000e+03 3.417213134831566634e+00 9.565214934819264714e-02 9.097626268399043592e-03 -1.371062756681118711e-01
4.003000000000000000e+03 3.410687419807905574e+00 9.544700083009678704e-02 9.091749439200083951e-03 -1.366462328260300563e-01
4.004000000000000000e+03 3.404149846182183747e+00 9.524294423920175168e-02 9.085878528847686486e-03 -1.361892181673060032e-01
4.005000000000000000e+03 3.397614063145643737e+00 9.503999336227611505e-02 9.080013590423154438e-03 -1.357335075478644515e-01
4.006000000000000000e+03 3.391071538692251863e+00 9.483816299419564610e-02 9.074154665559266628e-03 -1.352810938675070296e-01
4.007000000000000000e+03 3.384521275700480558e+00 9.463746892336753758e-02 9.068301784131906074e-03 -1.348302587500656846e-01
4.008000000000000000e+03 3.377977241930388175e+00 9.443785363326812066e-02 9.062454964020172019e-03 -1.343822580919927512e-01
4.009000000000000000e+03 3.371423800526860415e+00 9.423940913753568738e-02 9.056614210983630897e-03 -1.339361222532830520e-01
4.010000000000000000e+03 3.364867708037374339e+00 9.404207983006672433e-02 9.050779518707032303e-03 -1.334923702717644434e-01
4.011000000000000000e+03 3.358300971199921658e+00 9.384581103577981087e-02 9.044950868876959482e-03 -1.330515242348664084e-01
4.012000000000000000e+03 3.351737986228337629e+00 9.365069756090807496e-02 9.039128231418889700e-03 -1.326126236541209369e-01
4.013000000000000000e+03 3.345170965271336172e+00 9.345668654189226432e-02 9.033311564826812523e-03 -1.321769396875218938e-01
4.014000000000000000e+03 3.338599645439508823e+00 9.326380027840631970e-02 9.027500816574244788e-03 -1.317435181787521281e-01
4.015000000000000000e+03 3.332031283546298628e+00 9.307198764846540129e-02 9.021695923650444038e-03 -1.313121510489890786e-01
4.016000000000000000e+03 3.325450936618866482e+00 9.288134694065695862e-02 9.015896813200871898e-03 -1.308841191854263897e-01
4.017000000000000000e+03 3.318880881846616226e+00 9.269175441803918780e-02 9.010103403219990592e-03 -1.304584783212647814e-01
4.018000000000000000e+03 3.312306325531233053e+00 9.250323571670095169e-02 9.004315603332861684e-03 -1.300350304322393513e-01
4.019000000000000000e+03 3.305734821723451233e+00 9.231581725950083195e-02 8.998533315638915578e-03 -1.296150666289608011e-01
4.020000000000000000e+03 3.299166550121420904e+00 9.212952623646282480e-02 8.992756435649755173e-03 -1.291976530397560829e-01
4.021000000000000000e+03 3.292601735271917907e+00 9.194431630139957012e-02 8.986984853272133450e-03 -1.287826022089619826e-01
4.022000000000000000e+03 3.286040637062903169e+00 9.176021611881424178e-02 8.981218453790419318e-03 -1.283704731548869216e-01
4.023000000000000000e+03 3.279490969301313452e+00 9.157718077651243183e-02 8.975457118914882335e-03 -1.279610857571342186e-01
4.024000000000000000e+03 3.272945604720338242e+00 9.139524033195965680e-02 8.969700727897683690e-03 -1.275542636481016012e-01
4.025000000000000000e+03 3.266412278365114830e+00 9.121435122449905730e-02 8.963949158582392579e-03 -1.271505771029768361e-01
4.026000000000000000e+03 3.259891292549250252e+00 9.103447053782687259e-02 8.958202288520469847e-03 -1.267498574230181418e-01
4.027000000000000000e+03 3.253375506981157184e+00 9.085563026235897455e-02 8.952459996037217399e-03 -1.263519398215031120e-01
4.028000000000000000e+03 3.246880042503614838e+00 9.067786299039228004e-02 8.946722161332680556e-03 -1.259574063071966510e-01
4.029000000000000000e+03 3.240397701634805561e+00 9.050112761122212912e-02 8.940988667490459146e-03 -1.255648372402330681e-01
4.030000000000000000e+03 3.233921244653632066e+00 9.032530928959695005e-02 8.935259401506285767e-03 -1.251754912348524151e-01
4.031000000000000000e+03 3.227465666160805657e+00 9.015059086163677848e-02 8.929534255265563283e-03 -1.247890710382000973e-01
4.032000000000000000e+03 3.221031045392213521e+00 8.997678426170260813e-02 8.923813126407642224e-03 -1.244055063687218576e-01
4.033000000000000000e+03 3.214609967261682577e+00 8.980392476868431784e-02 8.918095919238373803e-03 -1.240248796628227734e-01
4.034000000000000000e+03 3.208209800798324185e+00 8.963204813381135672e-02 8.912382545495126443e-03 -1.236470546829063211e-01
4.035000000000000000e+03 3.201830408236757908e+00 8.946111627554882706e-02 8.906672924971081526e-03 -1.232721222390434357e-01
4.036000000000000000e+03 3.195471568314593114e+00 8.929116582483159759e-02 8.900966986257044522e-03 -1.229001030707273234e-01
4.037000000000000000e+03 3.189125543720245481e+00 8.912208525297632411e-02 8.895264667238521328e-03 -1.225309478574696243e-01
4.038000000000000000e+03 3.182806791178750316e+00 8.895391198420003753e-02 8.889565915487228007e-03 -1.221646857909983314e-01
4.039000000000000000e+03 3.176514817299806559e+00 8.878660952355972580e-02 8.883870688679788852e-03 -1.218012760081766399e-01
4.040000000000000000e+03 3.170241605459839462e+00 8.862014171908860760e-02 8.878178954841591669e-03 -1.214406818689121870e-01
4.041000000000000000e+03 3.163986471977173753e+00 8.845447274055034947e-02 8.872490692465226023e-03 -1.210830195121538611e-01
4.042000000000000000e+03 3.157763494879821664e+00 8.828971562524071115e-02 8.866805890606638957e-03 -1.207281864219216516e-01
4.043000000000000000e+03 3.151556945156492429e+00 8.812568655595627576e-02 8.861124548834075146e-03 -1.203763071065617474e-01
4.044000000000000000e+03 3.145373287478657520e+00 8.796242482464895762e-02 8.855446677052463897e-03 -1.200272130870838894e-01
4.045000000000000000e+03 3.139211469961789014e+00 8.779989567763503422e-02 8.849772295309706049e-03 -1.196809628495578148e-01
4.046000000000000000e+03 3.133070356535913703e+00 8.763813886203970782e-02 8.844101433443572746e-03 -1.193376189574805180e-01
4.047000000000000000e+03 3.126956160132007057e+00 8.747712003832643080e-02 8.838434130702696109e-03 -1.189970251594244938e-01
4.048000000000000000e+03 3.120860163233900586e+00 8.731680504363714679e-02 8.832770435160113009e-03 -1.186592520436933473e-01
4.049000000000000000e+03 3.114795865942355579e+00 8.715708558810583706e-02 8.827110403234195157e-03 -1.183243741372263097e-01
4.050000000000000000e+03 3.108746994482903148e+00 8.699815065256497060e-02 8.821454098939196520e-03 -1.179922470006827678e-01
4.051000000000000000e+03 3.102719480181585165e+00 8.683982129070003109e-02 8.815801593247679993e-03 -1.176628854499811166e-01
4.052000000000000000e+03 3.096711673063944570e+00 8.668208071454173991e-02 8.810152963230148335e-03 -1.173363355145784631e-01
4.053000000000000000e+03 3.090721859717344255e+00 8.652506415459650102e-02 8.804508291290823879e-03 -1.170126537866800071e-01
4.054000000000000000e+03 3.084755727469377984e+00 8.636860976621928143e-02 8.798867664253823967e-03 -1.166917519251666063e-01
4.055000000000000000e+03 3.078804088411306594e+00 8.621277859510327601e-02 8.793231172478566463e-03 -1.163738422877401840e-01
4.056000000000000000e+03 3.072872602047305612e+00 8.605755742447247780e-02 8.787598908894899211e-03 -1.160586950252612964e-01
4.057000000000000000e+03 3.066952071227478704e+00 8.590300732337419198e-02 8.781970968118226264e-03 -1.157466036952193439e-01
4.058000000000000000e+03 3.061048164881585265e+00 8.574896649428055684e-02 8.776347445395951338e-03 -1.154374195031724198e-01
4.059000000000000000e+03 3.055166570561778094e+00 8.559557023920501273e-02 8.770728435741731097e-03 -1.151311454973137777e-01
4.060000000000000000e+03 3.049290718460663463e+00 8.544280524058590898e-02 8.765114032935800853e-03 -1.148278622111530145e-01
4.061000000000000000e+03 3.043426360322222912e+00 8.529058382676082961e-02 8.759504328636138690e-03 -1.145275790229688256e-01
4.062000000000000000e+03 3.037579292861697144e+00 8.513896680466116751e-02 8.753899411453458859e-03 -1.142302340827850010e-01
4.063000000000000000e+03 3.031740509118627802e+00 8.498786630808081999e-02 8.748299366121245479e-03 -1.139359170907225938e-01
4.064000000000000000e+03 3.025915919422819567e+00 8.483734291418358608e-02 8.742704272631490747e-03 -1.136446463755840797e-01
4.065000000000000000e+03 3.020104073351971952e+00 8.468738277553801430e-02 8.737114205527220928e-03 -1.133563688253884372e-01
4.066000000000000000e+03 3.014296166121832599e+00 8.453797188636330562e-02 8.731529233174080765e-03 -1.130711826702362199e-01
4.067000000000000000e+03 3.008498329354007961e+00 8.438909606540652419e-02 8.725949417109498188e-03 -1.127890402826218358e-01
4.068000000000000000e+03 3.002709351019774875e+00 8.424074093892361392e-02 8.720374811474548501e-03 -1.125098966810063467e-01
4.069000000000000000e+03 2.996920679671819521e+00 8.409281764027734529e-02 8.714805462533231281e-03 -1.122338580358089311e-01
4.070000000000000000e+03 2.991146141279427795e+00 8.394545992721913485e-02 8.709241408224188338e-03 -1.119608844769169331e-01
4.071000000000000000e+03 2.985377371738568097e+00 8.379857846418115042e-02 8.703682677870777651e-03 -1.116910128884178038e-01
4.072000000000000000e+03 2.979620960393428941e+00 8.365215793982203052e-02 8.698129291881006100e-03 -1.114242825719979624e-01
4.073000000000000000e+03 2.973861309205324321e+00 8.350618276708224319e-02 8.692581261619531166e-03 -1.111605123462099526e-01
4.074000000000000000e+03 2.968120059622640916e+00 8.336063706689772479e-02 8.687038589336826960e-03 -1.108998204835405788e-01
4.075000000000000000e+03 2.962381808301168817e+00 8.321557893560170560e-02 8.681501268114757280e-03 -1.106421046811811304e-01
4.076000000000000000e+03 2.956646103948100013e+00 8.307099186181429729e-02 8.675969282033881014e-03 -1.103873391531259435e-01
4.077000000000000000e+03 2.950927444906705333e+00 8.292678471057057799e-02 8.670442606308148212e-03 -1.101355745907948158e-01
4.078000000000000000e+03 2.945210705861984302e+00 8.278294027452282045e-02 8.664921207566095296e-03 -1.098867895592119115e-01
4.079000000000000000e+03 2.939510560709817089e+00 8.263958954181734040e-02 8.659405044164259282e-03 -1.096408161789881180e-01
4.080000000000000000e+03 2.933812051126806431e+00 8.249664026301591069e-02 8.653894066659043385e-03 -1.093977857951018567e-01
4.081000000000000000e+03 2.928130008099316228e+00 8.235399978631836870e-02 8.648388218196047944e-03 -1.091576089618632311e-01
4.082000000000000000e+03 2.922457047610629299e+00 8.221179789279133010e-02 8.642887435128981596e-03 -1.089201982649677242e-01
4.083000000000000000e+03 2.916800706005332255e+00 8.206986679680661201e-02 8.637391647604179823e-03 -1.086856168611825268e-01
4.084000000000000000e+03 2.911146291391259577e+00 8.192833539917504515e-02 8.631900780214776109e-03 -1.084537813185107308e-01
4.085000000000000000e+03 2.905508874855562862e+00 8.178718357142272799e-02 8.626414752693073451e-03 -1.082246844414864045e-01
4.086000000000000000e+03 2.899888712812401348e+00 8.164624214123022972e-02 8.620933480679370334e-03 -1.079982466799131735e-01
4.087000000000000000e+03 2.894286095913122470e+00 8.150571286266720950e-02 8.615456876438250602e-03 -1.077744646716466415e-01
4.088000000000000000e+03 2.888693912745178505e+00 8.136542556698567186e-02 8.609984849698149728e-03 -1.075532626515304374e-01
4.089000000000000000e+03 2.883112498499476484e+00 8.122543241671438541e-02 8.604517308471280532e-03 -1.073344924270093897e-01
4.090000000000000000e+03 2.877557055284569287e+00 8.108571075801981887e-02 8.599054159801432576e-03 -1.071182304870628571e-01
4.091000000000000000e+03 2.872013074065214777e+00 8.094623739071567237e-02 8.593595310623626526e-03 -1.069043322752588759e-01
4.092000000000000000e+03 2.866495753657163803e+00 8.080698855505645539e-02 8.588140668567617250e-03 -1.066928035800454172e-01
4.093000000000000000e+03 2.860990566346325981e+00 8.066801420234054332e-02 8.582690142707008127e-03 -1.064835033720988450e-01
4.094000000000000000e+03 2.855512677412580747e+00 8.052928941518570916e-02 8.577243644369311401e-03 -1.062765151913267619e-01
4.095000000000000000e+03 2.850054939769528506e+00 8.039071439518397089e-02 8.571801087834285404e-03 -1.060716271298398627e-01
4.096000000000000000e+03 2.844617600891107045e+00 8.025233730132673438e-02 8.566362391022116704e-03 -1.058688517816452762e-01
4.097000000000000000e+03 2.839200868481279727e+00 8.011420567118797409e-02 8.560927476169686440e-03 -1.056681290714111821e-01
4.098000000000000000e+03 2.833812333393473715e+00 7.997621784250784349e-02 8.555496270385987145e-03 -1.054693262143919785e-01
4.099000000000000000e+03 2.828444679746398016e+00 7.983834579251514185e-02 8.550068706245422465e-03 -1.052725348077342138e-01
4.100000000000000000e+03 2.823097965782215724e+00 7.970070941070826753e-02 8.544644722197741391e-03 -1.050775508000731245e-01
4.101000000000000000e+03 2.817779631700525478e+00 7.956313182760689495e-02 8.539224263042969124e-03 -1.048844054025564604e-01
4.102000000000000000e+03 2.812482245847628182e+00 7.942566250999547051e-02 8.533807280258187342e-03 -1.046930265454354969e-01
4.103000000000000000e+03 2.807213181982632921e+00 7.928835127993362486e-02 8.528393732254684403e-03 -1.045034287471669904e-01
4.104000000000000000e+03 2.801972321534419219e+00 7.915109869813488630e-02 8.522983584586975650e-03 -1.043156277970371665e-01
4.105000000000000000e+03 2.796752053007764971e+00 7.901395318897494469e-02 8.517576810128144049e-03 -1.041296406936597224e-01
4.106000000000000000e+03 2.791559557188593832e+00 7.887688818147378655e-02 8.512173389065205015e-03 -1.039454855801240085e-01
4.107000000000000000e+03 2.786387094637762019e+00 7.873987638459883920e-02 8.506773308906588268e-03 -1.037630331090254182e-01
4.108000000000000000e+03 2.781249149061533643e+00 7.860288977949490830e-02 8.501376564370048683e-03 -1.035823777893568748e-01
4.109000000000000000e+03 2.776130431181861979e+00 7.846604817909803853e-02 8.495983157249729217e-03 -1.034034664952957205e-01
4.110000000000000000e+03 2.771037880183284230e+00 7.832924780367347961e-02 8.490593096151428237e-03 -1.032263212405059721e-01
4.111000000000000000e+03 2.765970953944711042e+00 7.819253269171014264e-02 8.485206396255638023e-03 -1.030507419655675300e-01
4.112000000000000000e+03 2.760929061617747315e+00 7.805587184339331241e-02 8.479823078824694216e-03 -1.028769007250707884e-01
4.113000000000000000e+03 2.755911568403535572e+00 7.791923349818742628e-02 8.474443170953985249e-03 -1.027046730533917318e-01
4.114000000000000000e+03 2.750917800824361770e+00 7.778273369667038084e-02 8.469066704940207690e-03 -1.025341578646259549e-01
4.115000000000000000e+03 2.745947052433741931e+00 7.764626485795740607e-02 8.463693717904613792e-03 -1.023651573823386729e-01
4.116000000000000000e+03 2.740998589903394400e+00 7.750979290931392374e-02 8.458324251096150520e-03 -1.021978456040116556e-01
4.117000000000000000e+03 2.736071659421983160e+00 7.737335728195053608e-02 8.452958349396294882e-03 -1.020320996618016285e-01
4.118000000000000000e+03 2.731165493338784334e+00 7.723699662385261067e-02 8.447596060632667214e-03 -1.018679454353168118e-01
4.119000000000000000e+03 2.726279316982747059e+00 7.710052594592371744e-02 8.442237434966514201e-03 -1.017054088962391079e-01
4.120000000000000000e+03 2.721412355585981935e+00 7.696413088710946093e-02 8.436882524187241938e-03 -1.015443674531195800e-01
4.121000000000000000e+03 2.716563841240548616e+00 7.682769916029583146e-02 8.431531381077111628e-03 -1.013849212812283490e-01
4.122000000000000000e+03 2.711740448167228479e+00 7.669126625116769180e-02 8.426184058728249451e-03 -1.012270218182493575e-01
4.123000000000000000e+03 2.706926586125059320e+00 7.655471828247009669e-02 8.420840609806272067e-03 -1.010706202454985242e-01
4.124000000000000000e+03 2.702136405496060156e+00 7.641823771350142458e-02 8.415501085993717933e-03 -1.009156674038240581e-01
4.125000000000000000e+03 2.697354376872377557e+00 7.628170907112141741e-02 8.410165537252356147e-03 -1.007621879945883037e-01
4.126000000000000000e+03 2.692594723939523149e+00 7.614509036649473595e-02 8.404834011268335139e-03 -1.006101319322687815e-01
4.127000000000000000e+03 2.687842002387881291e+00 7.600848737823852341e-02 8.399506552850119143e-03 -1.004595228334000806e-01
4.128000000000000000e+03 2.683110532003695425e+00 7.587178223492148377e-02 8.394183203339409052e-03 -1.003102350904520323e-01
4.129000000000000000e+03 2.678392403030447344e+00 7.573507911630641964e-02 8.388864000176235111e-03 -1.001623652166098721e-01
4.130000000000000000e+03 2.673687193860827094e+00 7.559825855303968500e-02 8.383548976346157783e-03 -1.000157860749070204e-01
4.131000000000000000e+03 2.668994546413910207e+00 7.546134884500296791e-02 8.378238160070682061e-03 -9.987044394556618410e-02
4.132000000000000000e+03 2.664314169264285326e+00 7.532437749563022922e-02 8.372931574359280746e-03 -9.972643274605037800e-02
4.133000000000000000e+03 2.659638411794075452e+00 7.518729692987381752e-02 8.367629236776934556e-03 -9.958354827005574950e-02
4.134000000000000000e+03 2.654981979446612961e+00 7.505013306309375742e-02 8.362331159145143869e-03 -9.944188239899853787e-02
4.135000000000000000e+03 2.650337364813180940e+00 7.491283673610525662e-02 8.357037347414350212e-03 -9.930130306441904697e-02
4.136000000000000000e+03 2.645704561548319678e+00 7.477550656810262597e-02 8.351747801514122077e-03 -9.916189989952343964e-02
4.137000000000000000e+03 2.641076207508711526e+00 7.463809182524742958e-02 8.346462515344727634e-03 -9.902346420874146016e-02
4.138000000000000000e+03 2.636467297323084491e+00 7.450054099059344459e-02 8.341181476781015305e-03 -9.888600890986312675e-02
4.139000000000000000e+03 2.631863182450922878e+00 7.436302461780237849e-02 8.335904667694177608e-03 -9.874954564441343341e-02
4.140000000000000000e+03 2.627271567504859018e+00 7.422534106644337881e-02 8.330632064180923738e-03 -9.861393617503023956e-02
4.141000000000000000e+03 2.622700222455355057e+00 7.408765934074013071e-02 8.325363636680250742e-03 -9.847911520355612236e-02
4.142000000000000000e+03 2.618127265901074807e+00 7.394992482537747491e-02 8.320099350290443424e-03 -9.834516462510876911e-02
4.143000000000000000e+03 2.613575444695354300e+00 7.381215642367690288e-02 8.314839165024472470e-03 -9.821194208407311999e-02
4.144000000000000000e+03 2.609030417712221439e+00 7.367429799487425213e-02 8.309583036225257763e-03 -9.807937808435190918e-02
4.145000000000000000e+03 2.604500177809279116e+00 7.353636692572579348e-02 8.304330914935023969e-03 -9.794740168456624041e-02
4.146000000000000000e+03 2.599985333180461655e+00 7.339837985178371271e-02 8.299082748346212415e-03 -9.781608904594539522e-02
4.147000000000000000e+03 2.595479101759063489e+00 7.326035266239531996e-02 8.293838480280113848e-03 -9.768521771428721745e-02
4.148000000000000000e+03 2.590989590378618423e+00 7.312222622238796765e-02 8.288598051722124299e-03 -9.755486087268860906e-02
4.149000000000000000e+03 2.586510075250938456e+00 7.298401494452232130e-02 8.283361401332817175e-03 -9.742494162667303392e-02
4.150000000000000000e+03 2.582048709078203164e+00 7.284580679509683465e-02 8.278128466024445645e-03 -9.729538155855388393e-02
4.151000000000000000e+03 2.577598833085376295e+00 7.270753895066077443e-02 8.272899181500686233e-03 -9.716610615650693450e-02
4.152000000000000000e+03 2.573168779467499778e+00 7.256914187506867397e-02 8.267673482874974070e-03 -9.703720969275872466e-02
4.153000000000000000e+03 2.568752056111633930e+00 7.243076667218270592e-02 8.262451305235510995e-03 -9.690856747316170527e-02
4.154000000000000000e+03 2.564349593513772785e+00 7.229226660652057768e-02 8.257232584138742351e-03 -9.678020180325225263e-02
4.155000000000000000e+03 2.559962310276771014e+00 7.215379137776624374e-02 8.252017256319660321e-03 -9.665213341047730611e-02
4.156000000000000000e+03 2.555598535527235704e+00 7.201519285972442230e-02 8.246805260097321566e-03 -9.652423286602174191e-02
4.157000000000000000e+03 2.551244289858565217e+00 7.187647080829032142e-02 8.241596535979498969e-03 -9.639651770697298117e-02
4.158000000000000000e+03 2.546915278460363918e+00 7.173769858523112997e-02 8.236391027106144611e-03 -9.626907814005083996e-02
4.159000000000000000e+03 2.542604887730012919e+00 7.159887459862301906e-02 8.231188679698561717e-03 -9.614170561025327244e-02
4.160000000000000000e+03 2.538313894171122076e+00 7.145992231043811482e-02 8.225989443520096908e-03 -9.601448705388274107e-02
4.161000000000000000e+03 2.534035603667758707e+00 7.132083881138730208e-02 8.220793272243809638e-03 -9.588735918093280186e-02
4.162000000000000000e+03 2.529785561375348379e+00 7.118162054548730910e-02 8.215600123729278545e-03 -9.576025702409499130e-02
4.163000000000000000e+03 2.525549550307434110e+00 7.104233760172122547e-02 8.210409960368630217e-03 -9.563318820248122021e-02
4.164000000000000000e+03 2.521335587400460820e+00 7.090298515546664126e-02 8.205222749284601241e-03 -9.550615861665619211e-02
4.165000000000000000e+03 2.517144208321951737e+00 7.076348347709772446e-02 8.200038462507894602e-03 -9.537917242534435514e-02
4.166000000000000000e+03 2.512968466289634328e+00 7.062390079129447773e-02 8.194857077088281774e-03 -9.525215773681611209e-02
4.167000000000000000e+03 2.508816216559573320e+00 7.048415615200140372e-02 8.189678575165400265e-03 -9.512511514889723796e-02
4.168000000000000000e+03 2.504687831433006995e+00 7.034439086908658711e-02 8.184502944000388025e-03 -9.499796915323151236e-02
4.169000000000000000e+03 2.500576200928138704e+00 7.020452281674235961e-02 8.179330175865065847e-03 -9.487071667184719670e-02
4.170000000000000000e+03 2.496481590756732150e+00 7.006461786050297014e-02 8.174160267965475957e-03 -9.474342702492401236e-02
4.171000000000000000e+03 2.492404215835271497e+00 6.992459273294963917e-02 8.168993222289911565e-03 -9.461601904669467156e-02
4.172000000000000000e+03 2.488351671059334524e+00 6.978443789411716003e-02 8.163829045387002367e-03 -9.448848390079758741e-02
4.173000000000000000e+03 2.484316649209876271e+00 6.964421754156283062e-02 8.158667748116014973e-03 -9.436081076059202322e-02
4.174000000000000000e+03 2.480299229458349242e+00 6.950392105360622685e-02 8.153509345330826191e-03 -9.423291248816068055e-02
4.175000000000000000e+03 2.476299452929178191e+00 6.936346299977284857e-02 8.148353855498677648e-03 -9.410484844669633753e-02
4.176000000000000000e+03 2.472317327024878164e+00 6.922298028531989611e-02 8.143201300369124623e-03 -9.397660161121761113e-02
4.177000000000000000e+03 2.468352830115593477e+00 6.908231217751409359e-02 8.138051704493404898e-03 -9.384807852933145511e-02
4.178000000000000000e+03 2.464398488189444514e+00 6.894159458449308775e-02 8.132905094812724681e-03 -9.371940641604961653e-02
4.179000000000000000e+03 2.460469093509468852e+00 6.880074008180885048e-02 8.127761500164662131e-03 -9.359041313010720009e-02
4.180000000000000000e+03 2.456549711615232834e+00 6.865980934110088585e-02 8.122620950812262791e-03 -9.346122140323283312e-02
4.181000000000000000e+03 2.452640257013975589e+00 6.851878829093797918e-02 8.117483477903799857e-03 -9.333180310121876044e-02
4.182000000000000000e+03 2.448748070495400775e+00 6.837773669526726883e-02 8.112349112973586684e-03 -9.320205347037728572e-02
4.183000000000000000e+03 2.444873068108746494e+00 6.823656531446765927e-02 8.107217887452984259e-03 -9.307208823586043955e-02
4.184000000000000000e+03 2.441000318440616823e+00 6.809525876759356389e-02 8.102089832120119156e-03 -9.294179786640754948e-02
4.185000000000000000e+03 2.437144618233348492e+00 6.795394982769484282e-02 8.096964976608497094e-03 -9.281121895961216839e-02
4.186000000000000000e+03 2.433298499278331750e+00 6.781262229971904421e-02 8.091843348939057809e-03 -9.268038564459575579e-02
4.187000000000000000e+03 2.429469375281891885e+00 6.767118531603506792e-02 8.086724975063030313e-03 -9.254910670363411529e-02
4.188000000000000000e+03 2.425642404942575769e+00 6.752969619912706223e-02 8.081609878379658954e-03 -9.241755981479242432e-02
4.189000000000000000e+03 2.421825066541921867e+00 6.738813762322379275e-02 8.076498079400461563e-03 -9.228562297789701108e-02
4.190000000000000000e+03 2.418017448644002698e+00 6.724656619368599153e-02 8.071389595305471579e-03 -9.215332019602121005e-02
4.191000000000000000e+03 2.414219682112513254e+00 6.710488960883793930e-02 8.066284439657341737e-03 -9.202059860858791129e-02
4.192000000000000000e+03 2.410424514953239505e+00 6.696323808991226645e-02 8.061182622126784186e-03 -9.188755132888647148e-02
4.193000000000000000e+03 2.406639600047407956e+00 6.682159297611213467e-02 8.056084148198619857e-03 -9.175404601692301043e-02
4.194000000000000000e+03 2.402865212243887161e+00 6.668000958761521879e-02 8.050989019052800719e-03 -9.162017057454101276e-02
4.195000000000000000e+03 2.399094249937803625e+00 6.653839438776903981e-02 8.045897231347454853e-03 -9.148586172539011074e-02
4.196000000000000000e+03 2.395327092766752486e+00 6.639687641319919065e-02 8.040808777207239522e-03 -9.135112786691527986e-02
4.197000000000000000e+03 2.391571602011841158e+00 6.625536158553252397e-02 8.035723644158224849e-03 -9.121597479176203616e-02
4.198000000000000000e+03 2.387820835346873949e+00 6.611397842515397139e-02 8.030641815145782292e-03 -9.108047998007548496e-02
4.199000000000000000e+03 2.384075331088384431e+00 6.597263236295322630e-02 8.025563268624080759e-03 -9.094449547776822795e-02
4.200000000000000000e+03 2.380335678451370729e+00 6.583137717060959238e-02 8.020487978694479381e-03 -9.080801933004371829e-02
4.201000000000000000e+03 2.376595109531581151e+00 6.569026418261410261e-02 8.015415915271360131e-03 -9.067119276959061114e-02
4.202000000000000000e+03 2.372869277094373786e+00 6.554926135422470268e-02 8.010347044302658023e-03 -9.053392032809687295e-02
4.203000000000000000e+03 2.369151614475913714e+00 6.540825994556760670e-02 8.005281328131927387e-03 -9.039610120651393743e-02
4.204000000000000000e+03 2.365435594747486103e+00 6.526744817584767544e-02 8.000218725723807350e-03 -9.025778070218060112e-02
4.205000000000000000e+03 2.361729583368306962e+00 6.512664268455049810e-02 7.995159193119846450e-03 -9.011892739011161113e-02
4.206000000000000000e+03 2.358034548658777041e+00 6.498595709584960300e-02 7.990102683744492243e-03 -8.997958172438300095e-02
4.207000000000000000e+03 2.354344056942570873e+00 6.484535633023441603e-02 7.985049148976776368e-03 -8.983963322439383892e-02
4.208000000000000000e+03 2.350659124056935223e+00 6.470487946787122080e-02 7.979998538515130357e-03 -8.969911764765493845e-02
4.209000000000000000e+03 2.346988209883668297e+00 6.456449119430682226e-02 7.974950800881971599e-03 -8.955799417992328648e-02
4.210000000000000000e+03 2.343317499257384195e+00 6.442415609661161779e-02 7.969905883983958300e-03 -8.941621976078222012e-02
4.211000000000000000e+03 2.339662894563025120e+00 6.428398724309146439e-02 7.964863735579391646e-03 -8.927382341058351378e-02
4.212000000000000000e+03 2.336025439678547144e+00 6.414394906184077427e-02 7.959824303855774635e-03 -8.913075770774679663e-02
4.213000000000000000e+03 2.332391313979123915e+00 6.400393163690093479e-02 7.954787537869906222e-03 -8.898697311704435731e-02
4.214000000000000000e+03 2.328768968115062510e+00 6.386412213818951078e-02 7.949753388166726567e-03 -8.884256660199682520e-02
4.215000000000000000e+03 2.325159404723322609e+00 6.372433628249699056e-02 7.944721807234277761e-03 -8.869748453598862159e-02
4.216000000000000000e+03 2.321556172687473385e+00 6.358476118085122641e-02 7.939692750063688173e-03 -8.855167131430616290e-02
4.217000000000000000e+03 2.317975075006531771e+00 6.344528679943009508e-02 7.934666174513979597e-03 -8.840514368194525574e-02
4.218000000000000000e+03 2.314402165077330320e+00 6.330587738924295382e-02 7.929642041863037977e-03 -8.825791649374602199e-02
4.219000000000000000e+03 2.310838311853081084e+00 6.316664578189509771e-02 7.924620317151163246e-03 -8.811000275676099391e-02
4.220000000000000000e+03 2.307291766925215537e+00 6.302755626763514862e-02 7.919600969604929930e-03 -8.796133938790369478e-02
4.221000000000000000e+03 2.303763303679304819e+00 6.288849889097551660e-02 7.914583972893341618e-03 -8.781186153689354845e-02
4.222000000000000000e+03 2.300238785269794750e+00 6.274966088001550368e-02 7.909569305543444687e-03 -8.766165119116285653e-02
4.223000000000000000e+03 2.296733731556082514e+00 6.261093239039278169e-02 7.904556951058464703e-03 -8.751071436104157497e-02
4.224000000000000000e+03 2.293241318028447662e+00 6.247227793450243344e-02 7.899546898148038926e-03 -8.735890683001426571e-02
4.225000000000000000e+03 2.289762087159866510e+00 6.233373639313273540e-02 7.894539140874581862e-03 -8.720630560369134476e-02
4.226000000000000000e+03 2.286296518602975780e+00 6.219534674350818415e-02 7.889533678723735857e-03 -8.705298608856086584e-02
4.227000000000000000e+03 2.282845028350581451e+00 6.205714807074695638e-02 7.884530516593615812e-03 -8.689887355170576588e-02
4.228000000000000000e+03 2.279407968520819949e+00 6.191903101214514538e-02 7.879529664774814757e-03 -8.674396599567431310e-02
4.229000000000000000e+03 2.275985627771061282e+00 6.178110918586118133e-02 7.874531138864439631e-03 -8.658833418049718955e-02
4.230000000000000000e+03 2.272570803988251509e+00 6.164334778448481850e-02 7.869534959588093959e-03 -8.643204735965726027e-02
4.231000000000000000e+03 2.269171090998464813e+00 6.150571215294161481e-02 7.864541152615178374e-03 -8.627502473040862818e-02
4.232000000000000000e+03 2.265786595778171097e+00 6.136839064984784403e-02 7.859549748220289941e-03 -8.611725829902525109e-02
4.233000000000000000e+03 2.262409941297571780e+00 6.123120039003921572e-02 7.854560781067896139e-03 -8.595888717735070128e-02
4.234000000000000000e+03 2.259048554969014244e+00 6.109418152318286943e-02 7.849574289733310048e-03 -8.579982617591776217e-02
4.235000000000000000e+03 2.255694959164480817e+00 6.095744867699311176e-02 7.844590316414672485e-03 -8.564013723046932924e-02
4.236000000000000000e+03 2.252356489016193120e+00 6.082081954999134926e-02 7.839608906377309658e-03 -8.547973227533843532e-02
4.237000000000000000e+03 2.249025583853780041e+00 6.068448347301938495e-02 7.834630107490489145e-03 -8.531874466676217517e-02
4.238000000000000000e+03 2.245694649130618892e+00 6.054833286756508559e-02 7.829653969696547672e-03 -8.515715777010599008e-02
4.239000000000000000e+03 2.242385775387049307e+00 6.041240895642294162e-02 7.824680544492227871e-03 -8.499487924715255771e-02
4.240000000000000000e+03 2.239076460588565798e+00 6.027667892271829780e-02 7.819709884314303416e-03 -8.483203819318894945e-02
4.241000000000000000e+03 2.235773899687835353e+00 6.014125876971471163e-02 7.814742041974616013e-03 -8.466861372218194293e-02
4.242000000000000000e+03 2.232477849089369304e+00 6.000596762890511582e-02 7.809777070080039379e-03 -8.450473210342658581e-02
4.243000000000000000e+03 2.229188061307410873e+00 5.987107060403387693e-02 7.804815020381847789e-03 -8.434029534675312190e-02
4.244000000000000000e+03 2.225904291299694915e+00 5.973631309422717389e-02 7.799855943257993050e-03 -8.417542690694293506e-02
4.245000000000000000e+03 2.222626302761266714e+00 5.960188648817356383e-02 7.794899887046420790e-03 -8.401010027026803439e-02
4.246000000000000000e+03 2.219346445961491110e+00 5.946775962087887113e-02 7.789946897536310748e-03 -8.384443609354999549e-02
4.247000000000000000e+03 2.216071948810370618e+00 5.933397591588979170e-02 7.784997017378739170e-03 -8.367840507693907748e-02
4.248000000000000000e+03 2.212802637587395704e+00 5.920043054267715849e-02 7.780050285619397217e-03 -8.351197653896891282e-02
4.249000000000000000e+03 2.209530942423640010e+00 5.906716755845610456e-02 7.775106737162674163e-03 -8.334519271026978593e-02
4.250000000000000000e+03 2.206264187477564143e+00 5.893430563217381957e-02 7.770166402377607154e-03 -8.317816874593966792e-02
4.251000000000000000e+03 2.203002309140550619e+00 5.880166559508931412e-02 7.765229306657596246e-03 -8.301086311462700651e-02
4.252000000000000000e+03 2.199730427565710578e+00 5.866936159805873768e-02 7.760295470069953835e-03 -8.284320585738970399e-02
4.253000000000000000e+03 2.196463424874295800e+00 5.853743281873828586e-02 7.755364907143508582e-03 -8.267526750054177143e-02
4.254000000000000000e+03 2.193201379691937181e+00 5.840577022422741016e-02 7.750437626491201576e-03 -8.250696871985842284e-02
4.255000000000000000e+03 2.189929569739199611e+00 5.827441371148371629e-02 7.745513630747737771e-03 -8.233837750103832620e-02
4.256000000000000000e+03 2.186663043901752257e+00 5.814347783021362598e-02 7.740592916377452351e-03 -8.216941203520683468e-02
4.257000000000000000e+03 2.183394625099830400e+00 5.801285465488682097e-02 7.735675473704578184e-03 -8.200028645283610751e-02
4.258000000000000000e+03 2.180124624345246787e+00 5.788251092477767618e-02 7.730761286819107583e-03 -8.183076802503418123e-02
4.259000000000000000e+03 2.176853412370458596e+00 5.775263661655177100e-02 7.725850333787335697e-03 -8.166106860521714361e-02
4.260000000000000000e+03 2.173588847276231029e+00 5.762305068189595841e-02 7.720942586669722087e-03 -8.149102755351825267e-02
4.261000000000000000e+03 2.170316559748466823e+00 5.749386960429031523e-02 7.716038011816311534e-03 -8.132070605117330819e-02
4.262000000000000000e+03 2.167051949457813098e+00 5.736506170315863046e-02 7.711136570117934144e-03 -8.115009001604252259e-02
4.263000000000000000e+03 2.163780755551085733e+00 5.723666998933871208e-02 7.706238217334655284e-03 -8.097923872230186615e-02
4.264000000000000000e+03 2.160511051765117152e+00 5.710858931933223553e-02 7.701342904509828925e-03 -8.080798772199558611e-02
4.265000000000000000e+03 2.157243529086199985e+00 5.698086353392745051e-02 7.696450578401516432e-03 -8.063654317148949424e-02
4.266000000000000000e+03 2.153986347944791380e+00 5.685353689557110651e-02 7.691561182027600863e-03 -8.046466477390538941e-02
4.267000000000000000e+03 2.150717991434344167e+00 5.672665409269642828e-02 7.686674655139816639e-03 -8.029248296102163562e-02
4.268000000000000000e+03 2.147461543307061849e+00 5.660003739322828908e-02 7.681790934882735435e-03 -8.011997897405516433e-02
4.269000000000000000e+03 2.144210398540643769e+00 5.647388091655682063e-02 7.676909956377917822e-03 -7.994713349796331303e-02
4.270000000000000000e+03 2.140957970441246250e+00 5.634808208574056121e-02 7.672031653420327557e-03 -7.977400101358393669e-02
4.271000000000000000e+03 2.137712540740747347e+00 5.622268733219164261e-02 7.667155959085149991e-03 -7.960056130055279122e-02
4.272000000000000000e+03 2.134467539351865728e+00 5.609774353202812147e-02 7.662282806513397160e-03 -7.942686807504151236e-02
4.273000000000000000e+03 2.131231250752269712e+00 5.597314944242725437e-02 7.657412129560257213e-03 -7.925282621039007880e-02
4.274000000000000000e+03 2.128004521814454986e+00 5.584895283878066330e-02 7.652543863503421910e-03 -7.907848894254913830e-02
4.275000000000000000e+03 2.124788183005097864e+00 5.572512766717211546e-02 7.647677945771128374e-03 -7.890390937421547235e-02
4.276000000000000000e+03 2.121575612925273191e+00 5.560179689778104589e-02 7.642814316598516011e-03 -7.872906626185929846e-02
4.277000000000000000e+03 2.118375016365383168e+00 5.547878682652185311e-02 7.637952919767386321e-03 -7.855393836891665094e-02
4.278000000000000000e+03 2.115179704093759661e+00 5.535622134573905256e-02 7.633093703164276454e-03 -7.837850453406473850e-02
4.279000000000000000e+03 2.111990371353116736e+00 5.523400196206972035e-02 7.628236619452865783e-03 -7.820289230494910371e-02
4.280000000000000000e+03 2.108822519980708243e+00 5.511225349978480376e-02 7.623381626631391128e-03 -7.802693230192743468e-02
4.281000000000000000e+03 2.105654454117473762e+00 5.499087840192899701e-02 7.618528688573347057e-03 -7.785075254853583704e-02
4.282000000000000000e+03 2.102501558322823261e+00 5.486985386637826395e-02 7.613677775488575383e-03 -7.767440711383757912e-02
4.283000000000000000e+03 2.099364294246788276e+00 5.474930613124465162e-02 7.608828864331796879e-03 -7.749780188591032237e-02
4.284000000000000000e+03 2.096235624667588837e+00 5.462921334259032702e-02 7.603981939186372878e-03 -7.732099175977001637e-02
4.285000000000000000e+03 2.093115866492258892e+00 5.450947983952155601e-02 7.599136991576186002e-03 -7.714403212097445395e-02
4.286000000000000000e+03 2.090012687711467976e+00 5.439015900621420319e-02 7.594294020627364097e-03 -7.696697889254855429e-02
4.287000000000000000e+03 2.086918819994645791e+00 5.427123042266667613e-02 7.589453033285606387e-03 -7.678988857833027315e-02
4.288000000000000000e+03 2.083841770457917075e+00 5.415282271641076034e-02 7.584614044342250297e-03 -7.661266973545058367e-02
4.289000000000000000e+03 2.080774107373220438e+00 5.403476786246998176e-02 7.579777076473331356e-03 -7.643538014394857250e-02
4.290000000000000000e+03 2.077715745088242638e+00 5.391719545226018179e-02 7.574942160136479904e-03 -7.625815255466840414e-02
4.291000000000000000e+03 2.074673944662661196e+00 5.380001270976667721e-02 7.570109333404767549e-03 -7.608082329933724131e-02
4.292000000000000000e+03 2.071648458571287765e+00 5.368327590951958023e-02 7.565278641796257565e-03 -7.590360086563573139e-02
4.293000000000000000e+03 2.068624104517770679e+00 5.356689324299875044e-02 7.560450137893518462e-03 -7.572639736509736985e-02
4.294000000000000000e+03 2.065615338445914606e+00 5.345099623629897406e-02 7.555623880992578395e-03 -7.554919996628510492e-02
4.295000000000000000e+03 2.062621688071451409e+00 5.333556833254737839e-02 7.550799936695645059e-03 -7.537214519011205260e-02
4.296000000000000000e+03 2.059627757209231191e+00 5.322051917527657189e-02 7.545978376333036843e-03 -7.519522178407406221e-02
4.297000000000000000e+03 2.056647800859666919e+00 5.310583317499793787e-02 7.541159276413827127e-03 -7.501841929401820153e-02
4.298000000000000000e+03 2.053681160706221753e+00 5.299164379208371606e-02 7.536342718014661310e-03 -7.484180234919454722e-02
4.299000000000000000e+03 2.050719699629115045e+00 5.287786211853871127e-02 7.531528786011579615e-03 -7.466543637723978277e-02
4.300000000000000000e+03 2.047762665078592725e+00 5.276454829437177141e-02 7.526717568468902636e-03 -7.448938760013434912e-02
4.301000000000000000e+03 2.044816678553117217e+00 5.265161502172695934e-02 7.521909155767169362e-03 -7.431357008166988853e-02
4.302000000000000000e+03 2.041873405124630558e+00 5.253912664515578146e-02 7.517103639867649123e-03 -7.413810399987409705e-02
4.303000000000000000e+03 2.038931899231169353e+00 5.242707435168104946e-02 7.512301113463004491e-03 -7.396295735545889427e-02
4.304000000000000000e+03 2.035998630373087259e+00 5.231544980312669707e-02 7.507501669137964413e-03 -7.378809890593729381e-02
4.305000000000000000e+03 2.033072634628172004e+00 5.220424513398506938e-02 7.502705398524658724e-03 -7.361357243618496526e-02
4.306000000000000000e+03 2.030138094601146026e+00 5.209345294904392520e-02 7.497912391443929160e-03 -7.343934817786071378e-02
4.307000000000000000e+03 2.027208917828416279e+00 5.198314060425373445e-02 7.493122735095361815e-03 -7.326547136260384840e-02
4.308000000000000000e+03 2.024284174903153044e+00 5.187330163691219326e-02 7.488336513190336531e-03 -7.309191364127225199e-02
4.309000000000000000e+03 2.021355535894935329e+00 5.176385576252807291e-02 7.483553805193755848e-03 -7.291872163751382530e-02
4.310000000000000000e+03 2.018422134883522734e+00 5.165487172204248634e-02 7.478774685507789954e-03 -7.274586836832580561e-02
4.311000000000000000e+03 2.015490577477919931e+00 5.154627014413853958e-02 7.473999222848699830e-03 -7.257332751631510870e-02
4.312000000000000000e+03 2.012560091246165417e+00 5.143819495907522854e-02 7.469227479433014280e-03 -7.240122198683739130e-02
4.313000000000000000e+03 2.009622532384812921e+00 5.133056769351304616e-02 7.464459510449327449e-03 -7.222952676611689438e-02
4.314000000000000000e+03 2.006677248560778448e+00 5.122338460022384660e-02 7.459695363504834434e-03 -7.205821748249365000e-02
4.315000000000000000e+03 2.003731084461013445e+00 5.111664237015182272e-02 7.454935078046597170e-03 -7.188734468662850985e-02
4.316000000000000000e+03 2.000783529992713916e+00 5.101041241106238355e-02 7.450178685028464518e-03 -7.171695956745485767e-02
4.317000000000000000e+03 1.997826724483297900e+00 5.090454370864632566e-02 7.445426206491555406e-03 -7.154696538744736989e-02
4.318000000000000000e+03 1.994867745184804253e+00 5.079925708925142613e-02 7.440677655380344320e-03 -7.137748890571440907e-02
4.319000000000000000e+03 1.991906324892693370e+00 5.069432809603827139e-02 7.435933035288562476e-03 -7.120843468574761248e-02
4.320000000000000000e+03 1.988934853799894764e+00 5.058990410183344943e-02 7.431192340438411495e-03 -7.103985652512657956e-02
4.321000000000000000e+03 1.985960665563071936e+00 5.048591003537067357e-02 7.426455555613769612e-03 -7.087173462076147568e-02
4.322000000000000000e+03 1.982983752413622236e+00 5.038241979278772903e-02 7.421722656286962663e-03 -7.070412415518449734e-02
4.323000000000000000e+03 1.979996764458557656e+00 5.027935909749228077e-02 7.416993608768729200e-03 -7.053693246888800839e-02
4.324000000000000000e+03 1.977014721523014940e+00 5.017680262783825312e-02 7.412268370487170091e-03 -7.037029050433955824e-02
4.325000000000000000e+03 1.974023012289953360e+00 5.007467687660054068e-02 7.407546890386943091e-03 -7.020403285135934368e-02
4.326000000000000000e+03 1.971021961161235403e+00 4.997298299499566832e-02 7.402829109248030420e-03 -7.003836633181213800e-02
4.327000000000000000e+03 1.968026824211120074e+00 4.987179678582747550e-02 7.398114960315975951e-03 -6.987312720128907584e-02
4.328000000000000000e+03 1.965023214266741425e+00 4.977097156269073147e-02 7.393404369837256428e-03 -6.970844974008762185e-02
4.329000000000000000e+03 1.962026522161819386e+00 4.967065812750909304e-02 7.388697257747636228e-03 -6.954424631114325406e-02
4.330000000000000000e+03 1.959022483705321171e+00 4.957085906254476287e-02 7.383993538337571723e-03 -6.938057882252070263e-02
4.331000000000000000e+03 1.956019171279475666e+00 4.947142872317846635e-02 7.379293121145140237e-03 -6.921743592424837999e-02
4.332000000000000000e+03 1.953017273021996347e+00 4.937244464832383356e-02 7.374595911712054225e-03 -6.905488162465570068e-02
4.333000000000000000e+03 1.950024941615609908e+00 4.927391041914054581e-02 7.369901812518031038e-03 -6.889283249069304282e-02
4.334000000000000000e+03 1.947028072555685663e+00 4.917582993532658431e-02 7.365210723845811921e-03 -6.873128055076906107e-02
4.335000000000000000e+03 1.944034865577059845e+00 4.907813312427947161e-02 7.360522544773479350e-03 -6.857036763138640856e-02
4.336000000000000000e+03 1.941053530667996130e+00 4.898089878429293803e-02 7.355837174152946023e-03 -6.840993970978678784e-02
4.337000000000000000e+03 1.938069993907801436e+00 4.888413172678102853e-02 7.351154511548323167e-03 -6.825006695222540776e-02
4.338000000000000000e+03 1.935099886718031570e+00 4.878776276897010822e-02 7.346474458230685574e-03 -6.809082091694433625e-02
4.339000000000000000e+03 1.932136538209455079e+00 4.869179729362960868e-02 7.341796918150365024e-03 -6.793205175635622095e-02
4.340000000000000000e+03 1.929180679470555715e+00 4.859624095830358814e-02 7.337121798912483311e-03 -6.777390825304835387e-02
4.341000000000000000e+03 1.926233006281834248e+00 4.850109968817678530e-02 7.332449012629287804e-03 -6.761624360180837345e-02
4.342000000000000000e+03 1.923301598795801759e+00 4.840637966885661531e-02 7.327778476879398019e-03 -6.745920972553989814e-02
4.343000000000000000e+03 1.920372199816307690e+00 4.831201305578615435e-02 7.323110115533373529e-03 -6.730266305273635563e-02
4.344000000000000000e+03 1.917460205363952008e+00 4.821808081772903376e-02 7.318443859529232508e-03 -6.714668454489007565e-02
4.345000000000000000e+03 1.914566087200970657e+00 4.812451559582034410e-02 7.313779647571571306e-03 -6.699128260186086592e-02
4.346000000000000000e+03 1.911682814395368801e+00 4.803132454709686805e-02 7.309117426871496008e-03 -6.683639309810848750e-02
4.347000000000000000e+03 1.908810703892542593e+00 4.793851505424223669e-02 7.304457153654062875e-03 -6.668217654884793510e-02
4.348000000000000000e+03 1.905957415106747987e+00 4.784609471878478043e-02 7.299798793720940239e-03 -6.652849815368737374e-02
4.349000000000000000e+03 1.903115660240339846e+00 4.775399707098738206e-02 7.295142322797341927e-03 -6.637537352134051383e-02
4.350000000000000000e+03 1.900292913882737134e+00 4.766230441369299214e-02 7.290487726932515927e-03 -6.622296868873681075e-02
4.351000000000000000e+03 1.897489109542864316e+00 4.757095205988080833e-02 7.285835002658563528e-03 -6.607108091891036872e-02
4.352000000000000000e+03 1.894696591166130428e+00 4.747988102724807341e-02 7.281184157170122843e-03 -6.591995813317212682e-02
4.353000000000000000e+03 1.891922443547660926e+00 4.738925674831374890e-02 7.276535208318185392e-03 -6.576940520912333277e-02
4.354000000000000000e+03 1.889158794271317721e+00 4.729894770152801020e-02 7.271888184583049156e-03 -6.561945176331226981e-02
4.355000000000000000e+03 1.886419956271687903e+00 4.720897110607831515e-02 7.267243124857890139e-03 -6.547020357834336390e-02
4.356000000000000000e+03 1.883690431150144562e+00 4.711941863217945781e-02 7.262600078193570674e-03 -6.532161974124034431e-02
4.357000000000000000e+03 1.880976910340193653e+00 4.703015926095451688e-02 7.257959103392129518e-03 -6.517366119443794570e-02
4.358000000000000000e+03 1.878271136997739843e+00 4.694121069576115413e-02 7.253320268609647278e-03 -6.502636499815840632e-02
4.359000000000000000e+03 1.875587052293672619e+00 4.685266507268227160e-02 7.248683650735890209e-03 -6.487977002111422475e-02
4.360000000000000000e+03 1.872908802366330505e+00 4.676446610394995040e-02 7.244049334755815750e-03 -6.473384262656799171e-02
4.361000000000000000e+03 1.870250171345928081e+00 4.667663192241159470e-02 7.239417413022422414e-03 -6.458869948796848448e-02
4.362000000000000000e+03 1.867595161540188897e+00 4.658918079198882262e-02 7.234787984446994745e-03 -6.444416184908743905e-02
4.363000000000000000e+03 1.864949999577864226e+00 4.650198253460822995e-02 7.230161153644189959e-03 -6.430034974929312031e-02
4.364000000000000000e+03 1.862320859686952046e+00 4.641520422519605782e-02 7.225537029950347516e-03 -6.415731055984168207e-02
4.365000000000000000e+03 1.859691587534815227e+00 4.632879020106138446e-02 7.220915726441535891e-03 -6.401494465109877630e-02
4.366000000000000000e+03 1.857075708054198193e+00 4.624268490620501992e-02 7.216297358970173020e-03 -6.387337675816272264e-02
4.367000000000000000e+03 1.854464436763271218e+00 4.615690716876466593e-02 7.211682044968757525e-03 -6.373258450900048944e-02
4.368000000000000000e+03 1.851856403246678884e+00 4.607147591117640578e-02 7.207069902465066194e-03 -6.359254693537544356e-02
4.369000000000000000e+03 1.849250233101723762e+00 4.598633586044552357e-02 7.202461048887505435e-03 -6.345317013185827748e-02
4.370000000000000000e+03 1.846651986705549087e+00 4.590158039220467584e-02 7.197855600027579237e-03 -6.331465861488615177e-02
4.371000000000000000e+03 1.844052884605009046e+00 4.581715439032880977e-02 7.193253668840350439e-03 -6.317684671236355187e-02
4.372000000000000000e+03 1.841451602934537801e+00 4.573307709078487659e-02 7.188655364456879998e-03 -6.303986705623626507e-02
4.373000000000000000e+03 1.838846855261421442e+00 4.564929350808847458e-02 7.184060791008542446e-03 -6.290363053960461304e-02
4.374000000000000000e+03 1.836244830863941413e+00 4.556582299546368953e-02 7.179470046681943329e-03 -6.276819767672177364e-02
4.375000000000000000e+03 1.833636919246202091e+00 4.548268495453337140e-02 7.174883222681224110e-03 -6.263355569634911080e-02
4.376000000000000000e+03 1.831029432650953304e+00 4.539989882831264867e-02 7.170300402338507240e-03 -6.249969277108582966e-02
4.377000000000000000e+03 1.828413901229004601e+00 4.531733552715049018e-02 7.165721660211915416e-03 -6.236667224873403137e-02
4.378000000000000000e+03 1.825796794385989852e+00 4.523516312254142330e-02 7.161147061302376021e-03 -6.223440975247927776e-02
4.379000000000000000e+03 1.823177242974838963e+00 4.515332685524914985e-02 7.156576660388085792e-03 -6.210304455208121022e-02
4.380000000000000000e+03 1.820547045765651628e+00 4.507169769498529238e-02 7.152010501304957926e-03 -6.197241953615114513e-02
4.381000000000000000e+03 1.817912960127399113e+00 4.499044375024798675e-02 7.147448616558533217e-03 -6.184267544104273678e-02
4.382000000000000000e+03 1.815266993362855574e+00 4.490943599279938886e-02 7.142891026761235759e-03 -6.171373083075687438e-02
4.383000000000000000e+03 1.812623548251461658e+00 4.482876823438132485e-02 7.138337740377456199e-03 -6.158557919968492972e-02
4.384000000000000000e+03 1.809967427404544305e+00 4.474838570135091648e-02 7.133788753524599770e-03 -6.145821466220869472e-02
4.385000000000000000e+03 1.807305833508205284e+00 4.466823359381182773e-02 7.129244049839045944e-03 -6.133170621376051596e-02
4.386000000000000000e+03 1.804631228325890513e+00 4.458840564464549433e-02 7.124703600468316154e-03 -6.120597486236879076e-02
4.387000000000000000e+03 1.801958474153359857e+00 4.450884697742255036e-02 7.120167364224188299e-03 -6.108101646606560464e-02
4.388000000000000000e+03 1.799272834018663447e+00 4.442957694879633851e-02 7.115635287832559365e-03 -6.095682744077317305e-02
4.389000000000000000e+03 1.796589396091368807e+00 4.435054057339802430e-02 7.111107306241344107e-03 -6.083340475639095746e-02
4.390000000000000000e+03 1.793893643459887555e+00 4.427175708269451282e-02 7.106583343067013683e-03 -6.071074593732967567e-02
4.391000000000000000e+03 1.791193448162931690e+00 4.419324563327329397e-02 7.102063311193621692e-03 -6.058877478405255701e-02
4.392000000000000000e+03 1.788489352403923371e+00 4.411502529866870997e-02 7.097547113447786812e-03 -6.046756423275980591e-02
4.393000000000000000e+03 1.785789418949053076e+00 4.403704077781508963e-02 7.093034643265366986e-03 -6.034703923468218156e-02
4.394000000000000000e+03 1.783079510560704906e+00 4.395923667035686599e-02 7.088525785630419261e-03 -6.022727390694282423e-02
4.395000000000000000e+03 1.780367852132660911e+00 4.388170603568047196e-02 7.084020417941609173e-03 -6.010812013553735317e-02
4.396000000000000000e+03 1.777662736943109278e+00 4.380439325091614600e-02 7.079518411037781858e-03 -5.998965329993944523e-02
4.397000000000000000e+03 1.774950232256532479e+00 4.372731685363693416e-02 7.075019630213567196e-03 -5.987180088175317327e-02
4.398000000000000000e+03 1.772246167860023203e+00 4.365042096701654550e-02 7.070523936420779892e-03 -5.975463962748835817e-02
4.399000000000000000e+03 1.769544127218887875e+00 4.357379814279394720e-02 7.066031187360060153e-03 -5.963794987804582615e-02
4.400000000000000000e+03 1.766845150102654749e+00 4.349731793628232313e-02 7.061541238691760106e-03 -5.952195843581267742e-02
4.401000000000000000e+03 1.764157719818031156e+00 4.342107345002108737e-02 7.057053945258399096e-03 -5.940645114361808865e-02
4.402000000000000000e+03 1.761468033442942893e+00 4.334493817551409583e-02 7.052569162291614027e-03 -5.929152759675183904e-02
4.403000000000000000e+03 1.758791994085497468e+00 4.326908342092746634e-02 7.048086746707855552e-03 -5.917721791578992030e-02
4.404000000000000000e+03 1.756123202851295639e+00 4.319338318651598507e-02 7.043606558256271070e-03 -5.906340454846565474e-02
4.405000000000000000e+03 1.753470089438530666e+00 4.311793414260611801e-02 7.039128460779182569e-03 -5.895011943589836129e-02
4.406000000000000000e+03 1.750826187819549906e+00 4.304260992241469574e-02 7.034652323331069997e-03 -5.883746976017235897e-02
4.407000000000000000e+03 1.748192410714897838e+00 4.296750681707640213e-02 7.030178021318785053e-03 -5.872541512274079972e-02
4.408000000000000000e+03 1.745577039458714008e+00 4.289257235241742544e-02 7.025705437593929119e-03 -5.861391613824364771e-02
4.409000000000000000e+03 1.742973429350909598e+00 4.281782813406529581e-02 7.021234463424787589e-03 -5.850293445846085905e-02
4.410000000000000000e+03 1.740389714090974094e+00 4.274329555883711607e-02 7.016764999411024412e-03 -5.839250707639255522e-02
4.411000000000000000e+03 1.737819084126166258e+00 4.266899580982922574e-02 7.012296956386864129e-03 -5.828267205996803813e-02
4.412000000000000000e+03 1.735262064247636404e+00 4.259480128489567113e-02 7.007830256150977648e-03 -5.817331999819499999e-02
4.413000000000000000e+03 1.732726507004943128e+00 4.252080700992484641e-02 7.003364832110287562e-03 -5.806456542754354772e-02
4.414000000000000000e+03 1.730212730354152129e+00 4.244703350087965232e-02 6.998900629834031023e-03 -5.795637541868621512e-02
4.415000000000000000e+03 1.727713512997778533e+00 4.237335247662921134e-02 6.994437607512433638e-03 -5.784864385948128296e-02
4.416000000000000000e+03 1.725228947463293361e+00 4.229993255663300200e-02 6.989975736269073321e-03 -5.774148858334979262e-02
4.417000000000000000e+03 1.722773865908258761e+00 4.222664498984080722e-02 6.985515000391902089e-03 -5.763487994104396495e-02
4.418000000000000000e+03 1.720325840228188685e+00 4.215350935297976220e-02 6.981055397385574866e-03 -5.752878935149628725e-02
4.419000000000000000e+03 1.717906893591712780e+00 4.208054498104552704e-02 6.976596937956840508e-03 -5.742318928032916214e-02
4.420000000000000000e+03 1.715497332390496954e+00 4.200769668157028347e-02 6.972139645879654908e-03 -5.731805321299830724e-02
4.421000000000000000e+03 1.713109288847064038e+00 4.193505758326700888e-02 6.967683557629517771e-03 -5.721350418942941496e-02
4.422000000000000000e+03 1.710738439792825583e+00 4.186257200021532149e-02 6.963228722101511524e-03 -5.710944334907657599e-02
4.423000000000000000e+03 1.708384810192860037e+00 4.179025828100954576e-02 6.958775199991577495e-03 -5.700584702216938970e-02
4.424000000000000000e+03 1.706046835666800598e+00 4.171806024042911537e-02 6.954323063271822779e-03 -5.690284096550601856e-02
4.425000000000000000e+03 1.703724340040896790e+00 4.164607000903840922e-02 6.949872394334174856e-03 -5.680025460895472833e-02
4.426000000000000000e+03 1.701415571179024644e+00 4.157415661475491464e-02 6.945423285250149938e-03 -5.669814098314784195e-02
4.427000000000000000e+03 1.699120180388259627e+00 4.150241168325324859e-02 6.940975836798021770e-03 -5.659655380769644528e-02
4.428000000000000000e+03 1.696836259968939720e+00 4.143077801995046633e-02 6.936530157452313987e-03 -5.649547314290807171e-02
4.429000000000000000e+03 1.694564067023979437e+00 4.135927246012946479e-02 6.932086362320715595e-03 -5.639487960484811102e-02
4.430000000000000000e+03 1.692300833906001500e+00 4.128791158519643650e-02 6.927644571988279820e-03 -5.629475429399069530e-02
4.431000000000000000e+03 1.690046721754700387e+00 4.121663743911353067e-02 6.923204911227483736e-03 -5.619507872123735009e-02
4.432000000000000000e+03 1.687799631975160475e+00 4.114554037874898484e-02 6.918767507840026254e-03 -5.609590901546369912e-02
4.433000000000000000e+03 1.685558189264164231e+00 4.107456193991556453e-02 6.914332491320298278e-03 -5.599722727889418911e-02
4.434000000000000000e+03 1.683321753552369682e+00 4.100371768791151450e-02 6.909899991546035111e-03 -5.589901579192139286e-02
4.435000000000000000e+03 1.681088946422514496e+00 4.093294865056129606e-02 6.905470137481502235e-03 -5.580125693395000114e-02
4.436000000000000000e+03 1.678857663232047548e+00 4.086234416886964232e-02 6.901043055780531170e-03 -5.570400738764792747e-02
4.437000000000000000e+03 1.676627313662579111e+00 4.079177047947489532e-02 6.896618869573310252e-03 -5.560724949329563099e-02
4.438000000000000000e+03 1.674396605069968347e+00 4.072139069924037014e-02 6.892197697147510807e-03 -5.551089117116790594e-02
4.439000000000000000e+03 1.672163554038212041e+00 4.065114484074536239e-02 6.887779650681844466e-03 -5.541506297955117732e-02
4.440000000000000000e+03 1.669927726030391302e+00 4.058097266267224335e-02 6.883364835109775058e-03 -5.531959805630707466e-02
4.441000000000000000e+03 1.667688017515735366e+00 4.051088795320047231e-02 6.878953346956205236e-03 -5.522462631561105700e-02
4.442000000000000000e+03 1.665443408822789850e+00 4.044090424630617658e-02 6.874545273259176706e-03 -5.513005439528260998e-02
4.443000000000000000e+03 1.663192230614205513e+00 4.037103482139069166e-02 6.870140690649380842e-03 -5.503593700957432749e-02
4.444000000000000000e+03 1.660933658068406427e+00 4.030129270291030186e-02 6.865739664430090851e-03 -5.494225403799996715e-02
4.445000000000000000e+03 1.658668461347718281e+00 4.023161637638504595e-02 6.861342247760035887e-03 -5.484891046895001843e-02
4.446000000000000000e+03 1.656393812432812584e+00 4.016209263819006670e-02 6.856948481073754480e-03 -5.475595919860380689e-02
4.447000000000000000e+03 1.654111461969758334e+00 4.009258517740054567e-02 6.852558391415475465e-03 -5.466337813370149984e-02
4.448000000000000000e+03 1.651819572672357017e+00 4.002325455943428478e-02 6.848171992031597613e-03 -5.457114443363812739e-02
4.449000000000000000e+03 1.649517922635090894e+00 3.995396395706254933e-02 6.843789282048216675e-03 -5.447923447465229801e-02
4.450000000000000000e+03 1.647207164809025404e+00 3.988479913386572956e-02 6.839410246287351385e-03 -5.438762381947925134e-02
4.451000000000000000e+03 1.644887352280836268e+00 3.981569683683389149e-02 6.835034855180540346e-03 -5.429629037809670378e-02
4.452000000000000000e+03 1.642557224827651430e+00 3.974674136287335152e-02 6.830663064874768590e-03 -5.420529822805751630e-02
4.453000000000000000e+03 1.640219378041005927e+00 3.967779370622368657e-02 6.826294817359181318e-03 -5.411463947920802653e-02
4.454000000000000000e+03 1.637872079865452690e+00 3.960901173020213439e-02 6.821930040880490320e-03 -5.402423108165147619e-02
4.455000000000000000e+03 1.635517438153768488e+00 3.954025589778722982e-02 6.817568650303886674e-03 -5.393413767489632638e-02
4.456000000000000000e+03 1.633155453213136044e+00 3.947160925455316799e-02 6.813210547748426577e-03 -5.384434874178608416e-02
4.457000000000000000e+03 1.630786983268806889e+00 3.940300600959125571e-02 6.808855623276713169e-03 -5.375485290177509784e-02
4.458000000000000000e+03 1.628412251864475246e+00 3.933452866801809278e-02 6.804503755630917153e-03 -5.366571220938098907e-02
4.459000000000000000e+03 1.626033811281130337e+00 3.926611089524088133e-02 6.800154813284110290e-03 -5.357676503999250772e-02
4.460000000000000000e+03 1.623650591012787192e+00 3.919776036607410669e-02 6.795808655294455387e-03 -5.348814609874916887e-02
4.461000000000000000e+03 1.621266059264357962e+00 3.912948447960883092e-02 6.791465132505957597e-03 -5.339969218110381111e-02
4.462000000000000000e+03 1.618879298486235907e+00 3.906129035781190362e-02 6.787124088681209359e-03 -5.331161075668219840e-02
4.463000000000000000e+03 1.616492422615972258e+00 3.899318484418418107e-02 6.782785361711342678e-03 -5.322366288642560450e-02
4.464000000000000000e+03 1.614106851230724615e+00 3.892510021888498373e-02 6.778448785033131668e-03 -5.313598037981188960e-02
4.465000000000000000e+03 1.611724040252532797e+00 3.885704276473686547e-02 6.774114188829108082e-03 -5.304847156759424226e-02
4.466000000000000000e+03 1.609344726634985623e+00 3.878909276616156893e-02 6.769781401486158444e-03 -5.296119276225123851e-02
4.467000000000000000e+03 1.606971886991293230e+00 3.872125594132194010e-02 6.765450251024003776e-03 -5.287412545165963429e-02
4.468000000000000000e+03 1.604605524918208737e+00 3.865338915806990072e-02 6.761120566419549088e-03 -5.278717634393239461e-02
4.469000000000000000e+03 1.602247115174656011e+00 3.858572041796928115e-02 6.756792179083733266e-03 -5.270047454673269793e-02
4.470000000000000000e+03 1.599898848131688922e+00 3.851803173762689825e-02 6.752464924197500336e-03 -5.261385162760266049e-02
4.471000000000000000e+03 1.597561388786057357e+00 3.845040198374588547e-02 6.748138642085766380e-03 -5.252743592604487005e-02
4.472000000000000000e+03 1.595236093132254895e+00 3.838290973939932627e-02 6.743813179566063819e-03 -5.244113261175300383e-02
4.473000000000000000e+03 1.592924996490102441e+00 3.831541045420419622e-02 6.739488391122603998e-03 -5.235492085931458400e-02
4.474000000000000000e+03 1.590627088225638808e+00 3.824798214611442593e-02 6.735164140211035572e-03 -5.226885388668736643e-02
4.475000000000000000e+03 1.588344986833889472e+00 3.818062826871296972e-02 6.730840300263944004e-03 -5.218283614011025306e-02
4.476000000000000000e+03 1.586079730429697410e+00 3.811335199614109687e-02 6.726516755803557852e-03 -5.209692046039104962e-02
4.477000000000000000e+03 1.583830767942340012e+00 3.804615622499299410e-02 6.722193403318176171e-03 -5.201108526083275674e-02
4.478000000000000000e+03 1.581599665426566492e+00 3.797896929291863510e-02 6.717870152141633411e-03 -5.192530883506591560e-02
4.479000000000000000e+03 1.579387127872933450e+00 3.791186783169964852e-02 6.713546925105224120e-03 -5.183956937687264621e-02
4.480000000000000000e+03 1.577192993438038204e+00 3.784477963602343731e-02 6.709223659183628959e-03 -5.175384499540233024e-02
4.481000000000000000e+03 1.575018457314394160e+00 3.777778080070069017e-02 6.704900305931099647e-03 -5.166818800872659267e-02
4.482000000000000000e+03 1.572862354098747639e+00 3.771079859017795882e-02 6.700576831812090316e-03 -5.158257638170723330e-02
4.483000000000000000e+03 1.570726355393264440e+00 3.764390857633104909e-02 6.696253218455982571e-03 -5.149691372561251285e-02
4.484000000000000000e+03 1.568609768951974237e+00 3.757703750872004589e-02 6.691929462633670195e-03 -5.141132642624007820e-02
4.485000000000000000e+03 1.566512510258044610e+00 3.751026045294452577e-02 6.687605576321553093e-03 -5.132571793140349586e-02
4.486000000000000000e+03 1.564432875502921316e+00 3.744357794505785014e-02 6.683281586362201966e-03 -5.124014015161239971e-02
4.487000000000000000e+03 1.562372001313919512e+00 3.737684171305013375e-02 6.678957534208892523e-03 -5.115449630369887229e-02
4.488000000000000000e+03 1.560328668838720789e+00 3.731027466676560544e-02 6.674633475408014299e-03 -5.106891230068856535e-02
4.489000000000000000e+03 1.558301537356100663e+00 3.724372806841731720e-02 6.670309479063637852e-03 -5.098329101797633572e-02
4.490000000000000000e+03 1.556290636183221165e+00 3.717720152300320324e-02 6.665985627061654477e-03 -5.089768367305579772e-02
4.491000000000000000e+03 1.554294400648719598e+00 3.711069441736424696e-02 6.661662013231203945e-03 -5.081206693264115476e-02
4.492000000000000000e+03 1.552311908920505301e+00 3.704428020989147113e-02 6.657338742440112485e-03 -5.072641714944328001e-02
4.493000000000000000e+03 1.550341405592797095e+00 3.697795786994789030e-02 6.653015929559253326e-03 -5.064071031133480366e-02
4.494000000000000000e+03 1.548382540299392485e+00 3.691165188446818290e-02 6.648693698280975367e-03 -5.055507055404964006e-02
4.495000000000000000e+03 1.546434150074720959e+00 3.684543511515030179e-02 6.644372179917242514e-03 -5.046947296956779544e-02
4.496000000000000000e+03 1.544493528044641240e+00 3.677930595470751268e-02 6.640051512129030269e-03 -5.038381782944744564e-02
4.497000000000000000e+03 1.542561635351632932e+00 3.671326261719486811e-02 6.635731837604290362e-03 -5.029815337288349314e-02
4.498000000000000000e+03 1.540634199657950898e+00 3.664722886140483332e-02 6.631413302655289783e-03 -5.021252717553646022e-02
4.499000000000000000e+03 1.538712127687790865e+00 3.658135113180026321e-02 6.627096055763793611e-03 -5.012691180076822572e-02
4.500000000000000000e+03 1.536792604269707985e+00 3.651555286430748642e-02 6.622780246207104170e-03 -5.004127901731347805e-02
4.501000000000000000e+03 1.534875058378464274e+00 3.644983082527479545e-02 6.618466022568894602e-03 -4.995574841230605856e-02
4.502000000000000000e+03 1.532956749874649471e+00 3.638417842895874665e-02 6.614153531313543728e-03 -4.987014196101547531e-02
4.503000000000000000e+03 1.531037208857184639e+00 3.631858814995553297e-02 6.609842915339923103e-03 -4.978457789443441889e-02
4.504000000000000000e+03 1.529114523977414652e+00 3.625305233157642693e-02 6.605534312672269731e-03 -4.969909910735462177e-02
4.505000000000000000e+03 1.527187583253176051e+00 3.618763747585455187e-02 6.601227854997096002e-03 -4.961359881416015777e-02
4.506000000000000000e+03 1.525255343039536804e+00 3.612233568264135858e-02 6.596923666491765620e-03 -4.952811762541779739e-02
4.507000000000000000e+03 1.523316839221598995e+00 3.605699037217031250e-02 6.592621862570055211e-03 -4.944269492628310808e-02
4.508000000000000000e+03 1.521370454855320187e+00 3.599181627543749512e-02 6.588322548699818842e-03 -4.935722025885617981e-02
4.509000000000000000e+03 1.519415415498987842e+00 3.592665660470723693e-02 6.584025819419426703e-03 -4.927187897661835375e-02
4.510000000000000000e+03 1.517451055134906746e+00 3.586157732686284794e-02 6.579731757413930307e-03 -4.918655793455366243e-02
4.511000000000000000e+03 1.515476823939543749e+00 3.579657003455961189e-02 6.575440432614788715e-03 -4.910121686967548055e-02
4.512000000000000000e+03 1.513491552158918729e+00 3.573162623452434683e-02 6.571151901515062156e-03 -4.901596265289389492e-02
4.513000000000000000e+03 1.511494941366283040e+00 3.566681163561468554e-02 6.566866206579526251e-03 -4.893075212894765214e-02
4.514000000000000000e+03 1.509486826039101226e+00 3.560196901908498079e-02 6.562583375786652969e-03 -4.884554066324799104e-02
4.515000000000000000e+03 1.507466433917544979e+00 3.553723822708269864e-02 6.558303422315022065e-03 -4.876035641126341691e-02
4.516000000000000000e+03 1.505433873619499430e+00 3.547261046540315516e-02 6.554026344304237153e-03 -4.867522602697484796e-02
4.517000000000000000e+03 1.503389392481436548e+00 3.540800259038868331e-02 6.549752124835802984e-03 -4.859010037767667184e-02
4.518000000000000000e+03 1.501333375958094019e+00 3.534347996263337288e-02 6.545480731987920152e-03 -4.850492883208570166e-02
4.519000000000000000e+03 1.499264860079208894e+00 3.527895931576623817e-02 6.541212119158986739e-03 -4.841980783825209494e-02
4.520000000000000000e+03 1.497185985329571034e+00 3.521458017671885016e-02 6.536946225310642615e-03 -4.833468380651589208e-02
4.521000000000000000e+03 1.495096049608968469e+00 3.515018488355334259e-02 6.532682975503521436e-03 -4.824950169959679735e-02
4.522000000000000000e+03 1.492996702525933861e+00 3.508591285561958595e-02 6.528422281546283554e-03 -4.816427934517931997e-02
4.523000000000000000e+03 1.490887481694606942e+00 3.502168061097085672e-02 6.524164042743465716e-03 -4.807910747046193617e-02
4.524000000000000000e+03 1.488771004805171216e+00 3.495755318565735292e-02 6.519908146729798924e-03 -4.799385260809966441e-02
4.525000000000000000e+03 1.486647760992667822e+00 3.489344700124780846e-02 6.515654470472322622e-03 -4.790860284224097293e-02
4.526000000000000000e+03 1.484519072458683642e+00 3.482950128375078558e-02 6.511402881344211489e-03 -4.782329644061018847e-02
4.527000000000000000e+03 1.482385598239329472e+00 3.476555808040127094e-02 6.507153238272036545e-03 -4.773794475889622801e-02
4.528000000000000000e+03 1.480248808565341800e+00 3.470175652880258532e-02 6.502905393013484400e-03 -4.765248373131432402e-02
4.529000000000000000e+03 1.478110230071928433e+00 3.463801287352364505e-02 6.498659191455258277e-03 -4.756707106559449061e-02
4.530000000000000000e+03 1.475971433308040259e+00 3.457431760112877894e-02 6.494414474986305065e-03 -4.748149203856294465e-02
4.531000000000000000e+03 1.473833276988093521e+00 3.451073544118656716e-02 6.490171081909805635e-03 -4.739582811365786186e-02
4.532000000000000000e+03 1.471697380444995540e+00 3.444718251671340103e-02 6.485928848933309246e-03 -4.731008559090449372e-02
4.533000000000000000e+03 1.469565367394354283e+00 3.438372347929041090e-02 6.481687612557116875e-03 -4.722426995922061888e-02
4.534000000000000000e+03 1.467438109638020238e+00 3.432034865954635555e-02 6.477447210625917641e-03 -4.713838596564651207e-02
4.535000000000000000e+03 1.465317942169869214e+00 3.425712263538786828e-02 6.473207483727155473e-03 -4.705236340097784103e-02
4.536000000000000000e+03 1.463205678621587236e+00 3.419388709917962205e-02 6.468968276700883847e-03 -4.696620573547299199e-02
4.537000000000000000e+03 1.461102826859369541e+00 3.413085512720965414e-02 6.464729439994406149e-03 -4.687999018613904501e-02
4.538000000000000000e+03 1.459010833664929674e+00 3.406779406268575783e-02 6.460490831043226578e-03 -4.679364493201254582e-02
4.539000000000000000e+03 1.456931072789825254e+00 3.400491691947249429e-02 6.456252315590040210e-03 -4.670709774447443646e-02
4.540000000000000000e+03 1.454864090823017264e+00 3.394206526553717601e-02 6.452013768859922276e-03 -4.662049889833377175e-02
4.541000000000000000e+03 1.452811082315111024e+00 3.387937777657546584e-02 6.447775076747501791e-03 -4.653377552821904434e-02
4.542000000000000000e+03 1.450773137245750632e+00 3.381677025391317121e-02 6.443536136820105301e-03 -4.644692881610401614e-02
4.543000000000000000e+03 1.448751232263209010e+00 3.375423276104155823e-02 6.439296859376874085e-03 -4.635995975730335811e-02
4.544000000000000000e+03 1.446746222941486248e+00 3.369182962663033742e-02 6.435057168155461013e-03 -4.627286920538521003e-02
4.545000000000000000e+03 1.444757351455880245e+00 3.362955088061497788e-02 6.430817001127107219e-03 -4.618573219567270738e-02
4.546000000000000000e+03 1.442786698087938912e+00 3.356731225768552068e-02 6.426576311044897988e-03 -4.609840084617183170e-02
4.547000000000000000e+03 1.440833234239934812e+00 3.350525233498578836e-02 6.422335065951944796e-03 -4.601095008819786059e-02
4.548000000000000000e+03 1.438898019213774138e+00 3.344328683517716616e-02 6.418093249449435649e-03 -4.592345483968128528e-02
4.549000000000000000e+03 1.436980484236695110e+00 3.338148004822451276e-02 6.413850860926930894e-03 -4.583584145656065950e-02
4.550000000000000000e+03 1.435081403285522361e+00 3.331974770201121677e-02 6.409607915580664561e-03 -4.574811059563157339e-02
4.551000000000000000e+03 1.433199924812406989e+00 3.325815347963828605e-02 6.405364444327861159e-03 -4.566033497291963755e-02
4.552000000000000000e+03 1.431335809183477359e+00 3.319668430929306746e-02 6.401120493595139314e-03 -4.557250405246629499e-02
4.553000000000000000e+03 1.429487939441719035e+00 3.313532651798237194e-02 6.396876124887522323e-03 -4.548460507003679321e-02
4.554000000000000000e+03 1.427657294897680229e+00 3.307414074218446159e-02 6.392631414368832830e-03 -4.539662527118564633e-02
4.555000000000000000e+03 1.425841757017491274e+00 3.301303908334077969e-02 6.388386452126495335e-03 -4.530855189557233403e-02
4.556000000000000000e+03 1.424041316136616331e+00 3.295208224789607232e-02 6.384141341474330010e-03 -4.522044643949127418e-02
4.557000000000000000e+03 1.422253622390661443e+00 3.289125670309013538e-02 6.379896198071628027e-03 -4.513222177986102313e-02
4.558000000000000000e+03 1.420479194499831399e+00 3.283054896690687507e-02 6.375651148945565491e-03 -4.504401356144954044e-02
4.559000000000000000e+03 1.418716229780103477e+00 3.277001989823664224e-02 6.371406331343600592e-03 -4.495566017816955695e-02
4.560000000000000000e+03 1.416963586164750488e+00 3.270958185297511561e-02 6.367161891658213932e-03 -4.486729700310767427e-02
4.561000000000000000e+03 1.415219307942828353e+00 3.264922154140714045e-02 6.362917984090858334e-03 -4.477891064627354673e-02
4.562000000000000000e+03 1.413482866294985429e+00 3.258907431853190484e-02 6.358674769358330439e-03 -4.469048747775158925e-02
4.563000000000000000e+03 1.411752200495054010e+00 3.252897848990839863e-02 6.354432413320439642e-03 -4.460193929796332085e-02
4.564000000000000000e+03 1.410025959352744218e+00 3.246906958652427677e-02 6.350191085574180376e-03 -4.451347470724322658e-02
4.565000000000000000e+03 1.408302771592783165e+00 3.240926038711876983e-02 6.345950957982458493e-03 -4.442493050535240712e-02
4.566000000000000000e+03 1.406580516389247304e+00 3.234953805896077783e-02 6.341712203178176757e-03 -4.433636590972623442e-02
4.567000000000000000e+03 1.404859308107553995e+00 3.228996416440960832e-02 6.337474993179172643e-03 -4.424776537187280478e-02
4.568000000000000000e+03 1.403135566934920142e+00 3.223052610047674738e-02 6.333239497845395173e-03 -4.415918709516195723e-02
4.569000000000000000e+03 1.401409460328546741e+00 3.217121138861468721e-02 6.329005883491913703e-03 -4.407061441974017418e-02
4.570000000000000000e+03 1.399678973099664603e+00 3.211200768087052460e-02 6.324774311445506558e-03 -4.398203005967054463e-02
4.571000000000000000e+03 1.397943633902955396e+00 3.205297704926424185e-02 6.320544936713700518e-03 -4.389349034220909468e-02
4.572000000000000000e+03 1.396200812812586678e+00 3.199403314089003386e-02 6.316317906701608004e-03 -4.380490231572976151e-02
4.573000000000000000e+03 1.394450189412372421e+00 3.193523831726818168e-02 6.312093359994562329e-03 -4.371639512900473562e-02
4.574000000000000000e+03 1.392690048929323909e+00 3.187650652538438767e-02 6.307871425197187840e-03 -4.362794857898604634e-02
4.575000000000000000e+03 1.390921005850776604e+00 3.181797471987355547e-02 6.303652219900605404e-03 -4.353954164729649523e-02
4.576000000000000000e+03 1.389140069734387195e+00 3.175955716627869296e-02 6.299435849799162393e-03 -4.345115247422069726e-02
4.577000000000000000e+03 1.387348081019129875e+00 3.170124257911322713e-02 6.295222407762189956e-03 -4.336283262095023266e-02
4.578000000000000000e+03 1.385543774708617448e+00 3.164309412534282301e-02 6.291011973197327412e-03 -4.327448420304056548e-02
4.579000000000000000e+03 1.383726756920444334e+00 3.158502657702732391e-02 6.286804611471710075e-03 -4.318623129737044625e-02
4.580000000000000000e+03 1.381896023224106873e+00 3.152717773158563580e-02 6.282600373433983552e-03 -4.309804851955659211e-02
4.581000000000000000e+03 1.380052189916955774e+00 3.146938842960114030e-02 6.278399295089723102e-03 -4.300990959179733925e-02
4.582000000000000000e+03 1.378194524193810278e+00 3.141172254116465778e-02 6.274201397466687251e-03 -4.292178734959854053e-02
4.583000000000000000e+03 1.376323915723138169e+00 3.135416983337586949e-02 6.270006686516554385e-03 -4.283372803782937305e-02
4.584000000000000000e+03 1.374439904268323076e+00 3.129679453830204461e-02 6.265815153276973679e-03 -4.274570276245107103e-02
4.585000000000000000e+03 1.372542905890669296e+00 3.123951250313658501e-02 6.261626774037199958e-03 -4.265775608183068612e-02
4.586000000000000000e+03 1.370634209406256243e+00 3.118238832434793231e-02 6.257441510758875169e-03 -4.256993175367387167e-02
4.587000000000000000e+03 1.368714485965891958e+00 3.112541249696811410e-02 6.253259311555986466e-03 -4.248212420375908210e-02
4.588000000000000000e+03 1.366783783143337150e+00 3.106857569746996131e-02 6.249080111341914594e-03 -4.239452426832250598e-02
4.589000000000000000e+03 1.364843746422550907e+00 3.101186878283843096e-02 6.244903832527255033e-03 -4.230695068891249938e-02
4.590000000000000000e+03 1.362895382634963903e+00 3.095528278915660875e-02 6.240730385963348843e-03 -4.221944443166641969e-02
4.591000000000000000e+03 1.360939793772268924e+00 3.089888321349389469e-02 6.236559671860928029e-03 -4.213212017597159353e-02
4.592000000000000000e+03 1.358977424248944521e+00 3.084258716146125526e-02 6.232391580826607616e-03 -4.204486924026377970e-02
4.593000000000000000e+03 1.357010278717359020e+00 3.078646047890568407e-02 6.228225995083117895e-03 -4.195773106293131799e-02
4.594000000000000000e+03 1.355038939349205940e+00 3.073049489896785211e-02 6.224062789633358524e-03 -4.187067041835614706e-02
4.595000000000000000e+03 1.353065525214828257e+00 3.067468232282436272e-02 6.219901833599029116e-03 -4.178380033666233284e-02
4.596000000000000000e+03 1.351090708510665817e+00 3.061894053331759222e-02 6.215742991533820989e-03 -4.169693647412876097e-02
4.597000000000000000e+03 1.349115930275774256e+00 3.056341032590920506e-02 6.211586124806192134e-03 -4.161026573766226505e-02
4.598000000000000000e+03 1.347142644530395117e+00 3.050800980447281735e-02 6.207431093031925279e-03 -4.152367780728810631e-02
4.599000000000000000e+03 1.345173047967238134e+00 3.045280579553654235e-02 6.203277755507408467e-03 -4.143721091175182197e-02
4.600000000000000000e+03 1.343207838306567314e+00 3.039771671101293773e-02 6.199125972592527990e-03 -4.135082905237687928e-02
4.601000000000000000e+03 1.341248423919532362e+00 3.034273538461213296e-02 6.194975607137178340e-03 -4.126456839234352719e-02
4.602000000000000000e+03 1.339296893458124860e+00 3.028800331975244411e-02 6.190826525905632378e-03 -4.117845629099397414e-02
4.603000000000000000e+03 1.337354535378150411e+00 3.023336501758596209e-02 6.186678600897901024e-03 -4.109244384588168347e-02
4.604000000000000000e+03 1.335421089039651399e+00 3.017888796911567112e-02 6.182531710657450212e-03 -4.100655677984620107e-02
4.605000000000000000e+03 1.333499190371683740e+00 3.012463980165578509e-02 6.178385741493128830e-03 -4.092082122310201214e-02
4.606000000000000000e+03 1.331589904206113895e+00 3.007046542541702214e-02 6.174240588682877728e-03 -4.083511520872023376e-02
4.607000000000000000e+03 1.329693457243144472e+00 3.001650701535862886e-02 6.170096157507231130e-03 -4.074946586513416430e-02
4.608000000000000000e+03 1.327811457563361719e+00 2.996260974058509441e-02 6.165952364329494242e-03 -4.066397518718516818e-02
4.609000000000000000e+03 1.325943915253005256e+00 2.990899031376074990e-02 6.161809137328796634e-03 -4.057852295187623637e-02
4.610000000000000000e+03 1.324091463904725430e+00 2.985549415393251929e-02 6.157666417419282306e-03 -4.049313818085111677e-02
4.611000000000000000e+03 1.322256097542274800e+00 2.980211536938372902e-02 6.153524158840390119e-03 -4.040785061315053245e-02
4.612000000000000000e+03 1.320436708846319585e+00 2.974892247268782347e-02 6.149382329702549228e-03 -4.032261645592283977e-02
4.613000000000000000e+03 1.318633542589166652e+00 2.969590981257338655e-02 6.145240912387553260e-03 -4.023746698009547651e-02
4.614000000000000000e+03 1.316848193278706614e+00 2.964307185659848659e-02 6.141099903843552643e-03 -4.015243425966645574e-02
4.615000000000000000e+03 1.315079889866959562e+00 2.959032890718018768e-02 6.136959315709531425e-03 -4.006747690502162479e-02
4.616000000000000000e+03 1.313329210055510510e+00 2.953782423545173522e-02 6.132819174315949987e-03 -3.998255435744139941e-02
4.617000000000000000e+03 1.311594367495684699e+00 2.948547838040042890e-02 6.128679520586481633e-03 -3.989777546106320488e-02
4.618000000000000000e+03 1.309876414237426179e+00 2.943328628341639053e-02 6.124540409740721753e-03 -3.981310132801994112e-02
4.619000000000000000e+03 1.308174787526469984e+00 2.938124300559237165e-02 6.120401910935146031e-03 -3.972856818225238562e-02
4.620000000000000000e+03 1.306488057612196219e+00 2.932941801239545912e-02 6.116264106720357974e-03 -3.964406449679813010e-02
4.621000000000000000e+03 1.304815419508318364e+00 2.927773232462448777e-02 6.112127092390043717e-03 -3.955970239364584029e-02
4.622000000000000000e+03 1.303156700143033975e+00 2.922618137062076016e-02 6.107990975261253473e-03 -3.947544620354474093e-02
4.623000000000000000e+03 1.301510880830739181e+00 2.917483498826239918e-02 6.103855873826722830e-03 -3.939133528903349113e-02
4.624000000000000000e+03 1.299876106328261338e+00 2.912368886035343260e-02 6.099721916657307140e-03 -3.930733544534764645e-02
4.625000000000000000e+03 1.298251180390766590e+00 2.907259023340434678e-02 6.095589241548006638e-03 -3.922356171504889910e-02
4.626000000000000000e+03 1.296636319228774425e+00 2.902175790502429381e-02 6.091457994189377299e-03 -3.913983264729338496e-02
4.627000000000000000e+03 1.295028705757358400e+00 2.897103939162660666e-02 6.087328327088009812e-03 -3.905633880660814433e-02
4.628000000000000000e+03 1.293427701232630067e+00 2.892050519949145027e-02 6.083200398248588166e-03 -3.897289989238105629e-02
4.629000000000000000e+03 1.291831886124968687e+00 2.887007741035089309e-02 6.079074369864373786e-03 -3.888970752625309918e-02
4.630000000000000000e+03 1.290239815476097229e+00 2.881990110208632050e-02 6.074950406953097924e-03 -3.880673093479543312e-02
4.631000000000000000e+03 1.288650774448824921e+00 2.876982436743378765e-02 6.070828675977943227e-03 -3.872386546615006614e-02
4.632000000000000000e+03 1.287061819776253557e+00 2.871991830169905516e-02 6.066709343476801679e-03 -3.864122967305782391e-02
4.633000000000000000e+03 1.285473735188598088e+00 2.867017987191787520e-02 6.062592574684867730e-03 -3.855879384445488195e-02
4.634000000000000000e+03 1.283882872813513432e+00 2.862053191996317969e-02 6.058478532168792494e-03 -3.847660280552023943e-02
4.635000000000000000e+03 1.282289336671084579e+00 2.857112029962408442e-02 6.054367374410654992e-03 -3.839462730123737594e-02
4.636000000000000000e+03 1.280691794749100554e+00 2.852186817835041313e-02 6.050259254598616167e-03 -3.831291251573779727e-02
4.637000000000000000e+03 1.279088976095743124e+00 2.847269889044467400e-02 6.046154319351574463e-03 -3.823135517610651984e-02
4.638000000000000000e+03 1.277478938805182374e+00 2.842368450658696796e-02 6.042052707467800501e-03 -3.815014921029394324e-02
4.639000000000000000e+03 1.275862051477821835e+00 2.837482298543479720e-02 6.037954548891569240e-03 -3.806911715557342868e-02
4.640000000000000000e+03 1.274236545538972587e+00 2.832618674261944830e-02 6.033859963600773750e-03 -3.798845295695652685e-02
4.641000000000000000e+03 1.272601495031475904e+00 2.827762551825216755e-02 6.029769060749473088e-03 -3.790797909954808642e-02
4.642000000000000000e+03 1.270956824117666084e+00 2.822921207928792003e-02 6.025681937729212602e-03 -3.782781513155954872e-02
4.643000000000000000e+03 1.269301827892670875e+00 2.818094508633716203e-02 6.021598679505878182e-03 -3.774800622277951073e-02
4.644000000000000000e+03 1.267635920628854107e+00 2.813282337768633831e-02 6.017519357970783911e-03 -3.766844886194108816e-02
4.645000000000000000e+03 1.265959382898154573e+00 2.808484596934772773e-02 6.013444031466320602e-03 -3.758911369309340944e-02
4.646000000000000000e+03 1.264271136196471801e+00 2.803701205474133304e-02 6.009372744391131872e-03 -3.751019407360931673e-02
4.647000000000000000e+03 1.262570973395358065e+00 2.798924672043762857e-02 6.005305526901243834e-03 -3.743151180250881699e-02
4.648000000000000000e+03 1.260859559490624227e+00 2.794169807883921386e-02 6.001242394872356549e-03 -3.735318567371010562e-02
4.649000000000000000e+03 1.259136945480263448e+00 2.789429156550373573e-02 5.997183349863841571e-03 -3.727518578212047490e-02
4.650000000000000000e+03 1.257403309554770754e+00 2.784695278746927849e-02 5.993128379261254690e-03 -3.719748210314641895e-02
4.651000000000000000e+03 1.255659689743776619e+00 2.779975653212743772e-02 5.989077456516451146e-03 -3.712019258900994823e-02
4.652000000000000000e+03 1.253904986505274266e+00 2.775277953057131083e-02 5.985030541563136908e-03 -3.704313602583710063e-02
4.653000000000000000e+03 1.252141179613575295e+00 2.770580198653752393e-02 5.980987581333081608e-03 -3.696642779440587057e-02
4.654000000000000000e+03 1.250368872400793530e+00 2.765904996298447494e-02 5.976948510352251935e-03 -3.689003468997837515e-02
4.655000000000000000e+03 1.248588027481202900e+00 2.761237825916928665e-02 5.972913251426857466e-03 -3.681399780981269021e-02
4.656000000000000000e+03 1.246800930057721857e+00 2.756586467375551214e-02 5.968881716568178591e-03 -3.673820974386650395e-02
4.657000000000000000e+03 1.245006979198334696e+00 2.751951286560759199e-02 5.964853807878145453e-03 -3.666278603715369261e-02
4.658000000000000000e+03 1.243208620877396475e+00 2.747325234826535414e-02 5.960829418502840843e-03 -3.658761953698502073e-02
4.659000000000000000e+03 1.241406880659749357e+00 2.742716133447306928e-02 5.956808433776042064e-03 -3.651282614526467352e-02
4.660000000000000000e+03 1.239602095660327530e+00 2.738124387943480578e-02 5.952790732366821172e-03 -3.643829917108785954e-02
4.661000000000000000e+03 1.237796131707935565e+00 2.733535559086435612e-02 5.948776187437348865e-03 -3.636408080402885740e-02
4.662000000000000000e+03 1.235990143139745312e+00 2.728972360672844363e-02 5.944764667918680384e-03 -3.629013932078118537e-02
4.663000000000000000e+03 1.234186046522624869e+00 2.724412946979684266e-02 5.940756039769764033e-03 -3.621644342700847813e-02
4.664000000000000000e+03 1.232384280062885917e+00 2.719872623904469669e-02 5.936750167295557802e-03 -3.614311088292733454e-02
4.665000000000000000e+03 1.230586020003157532e+00 2.715344421448995932e-02 5.932746914370323407e-03 -3.607003714445072839e-02
4.666000000000000000e+03 1.228793168603846686e+00 2.710836234731545114e-02 5.928746145818213770e-03 -3.599726683876484229e-02
4.667000000000000000e+03 1.227006856657080647e+00 2.706333681506144229e-02 5.924747728646997946e-03 -3.592477097084245674e-02
4.668000000000000000e+03 1.225228174816256121e+00 2.701852099882048538e-02 5.920751533289370268e-03 -3.585252126220705299e-02
4.669000000000000000e+03 1.223458162509347025e+00 2.697377120793323368e-02 5.916757434799459377e-03 -3.578056448771763792e-02
4.670000000000000000e+03 1.221698540206335615e+00 2.692916665728170914e-02 5.912765314039836184e-03 -3.570887395915280094e-02
4.671000000000000000e+03 1.219950213799359640e+00 2.688478660974184462e-02 5.908775058745686058e-03 -3.563749813992281995e-02
4.672000000000000000e+03 1.218214008195117826e+00 2.684048751879522868e-02 5.904786564533344093e-03 -3.556626355503191006e-02
4.673000000000000000e+03 1.216490658864742391e+00 2.679634872282577254e-02 5.900799735867945546e-03 -3.549536909947309526e-02
4.674000000000000000e+03 1.214781547096133618e+00 2.675230102121040066e-02 5.896814486879536042e-03 -3.542471752271503238e-02
4.675000000000000000e+03 1.213086464842721757e+00 2.670842380215310286e-02 5.892830742134562948e-03 -3.535436116118731431e-02
4.676000000000000000e+03 1.211406580412369038e+00 2.666472218636005073e-02 5.888848437257910781e-03 -3.528420483091869453e-02
4.677000000000000000e+03 1.209742205355399447e+00 2.662112702150127783e-02 5.884867519529993901e-03 -3.521430298313102392e-02
4.678000000000000000e+03 1.208092790941835970e+00 2.657771772768602672e-02 5.880887948215510891e-03 -3.514471115363454468e-02
4.679000000000000000e+03 1.206459897091759714e+00 2.653435087516924432e-02 5.876909694941112074e-03 -3.507533740669562666e-02
4.680000000000000000e+03 1.204842734087465450e+00 2.649118016456869160e-02 5.872932743879896896e-03 -3.500616519104478297e-02
4.681000000000000000e+03 1.203241876610678718e+00 2.644813643855873156e-02 5.868957091746738845e-03 -3.493732762330586245e-02
4.682000000000000000e+03 1.201656293402019404e+00 2.640522481238061908e-02 5.864982747836271562e-03 -3.486873606481737109e-02
4.683000000000000000e+03 1.200086320724123246e+00 2.636245038745248584e-02 5.861009733780976443e-03 -3.480037724470347316e-02
4.684000000000000000e+03 1.198531437080473383e+00 2.631981824885083060e-02 5.857038083298879254e-03 -3.473223895983280907e-02
4.685000000000000000e+03 1.196990267504596916e+00 2.627725917983954329e-02 5.853067841746665417e-03 -3.466438433667609620e-02
4.686000000000000000e+03 1.195463560211785570e+00 2.623485251080442254e-02 5.849099065633101349e-03 -3.459680323779364131e-02
4.687000000000000000e+03 1.193950478704657092e+00 2.619260326767602898e-02 5.845131821982377934e-03 -3.452948651374124212e-02
4.688000000000000000e+03 1.192448608959896683e+00 2.615044217127008436e-02 5.841166187649455936e-03 -3.446242596734490349e-02
4.689000000000000000e+03 1.190959167296311572e+00 2.610844848770799490e-02 5.837202248411485495e-03 -3.439561431353890114e-02
4.690000000000000000e+03 1.189480323640317305e+00 2.606655289454407748e-02 5.833240098166616282e-03 -3.432911941908178138e-02
4.691000000000000000e+03 1.188010925154695752e+00 2.602476033193007118e-02 5.829279837949476011e-03 -3.426286140480770681e-02
4.692000000000000000e+03 1.186549763438659699e+00 2.598307572016073444e-02 5.825321574857923908e-03 -3.419683544597421077e-02
4.693000000000000000e+03 1.185096327884124223e+00 2.594150396101219114e-02 5.821365420995505170e-03 -3.413111171944041566e-02
4.694000000000000000e+03 1.183649330911685782e+00 2.590004993946623188e-02 5.817411492294017814e-03 -3.406568678195619898e-02
4.695000000000000000e+03 1.182207461993942665e+00 2.585871852565067505e-02 5.813459907378065901e-03 -3.400048351371005168e-02
4.696000000000000000e+03 1.180769399019065746e+00 2.581751457703007277e-02 5.809510786399125874e-03 -3.393557391147383751e-02
4.697000000000000000e+03 1.179333819723505261e+00 2.577636865743465622e-02 5.805564249739427959e-03 -3.387095618003317654e-02
4.698000000000000000e+03 1.177900155920846847e+00 2.573528560655575365e-02 5.801620416922771868e-03 -3.380662895759495301e-02
4.699000000000000000e+03 1.176465633410324285e+00 2.569434454279060503e-02 5.797679405310794502e-03 -3.374259125812927029e-02
4.700000000000000000e+03 1.175031225655132072e+00 2.565347601546412795e-02 5.793741329028881219e-03 -3.367891669815414185e-02
4.701000000000000000e+03 1.173593490193086675e+00 2.561275957068252784e-02 5.789806297728063329e-03 -3.361545749815880030e-02
4.702000000000000000e+03 1.172153483700490773e+00 2.557205362321214592e-02 5.785874415569130201e-03 -3.355229370248189597e-02
4.703000000000000000e+03 1.170709352444791351e+00 2.553143987374380253e-02 5.781945780156831638e-03 -3.348943242185321856e-02
4.704000000000000000e+03 1.169260058528401869e+00 2.549092574876151221e-02 5.778020481548636067e-03 -3.342688087780407852e-02
4.705000000000000000e+03 1.167804645357568782e+00 2.545051868666110828e-02 5.774098601341494906e-03 -3.336472064079153838e-02
4.706000000000000000e+03 1.166342987991161761e+00 2.541022614014743636e-02 5.770180211885536647e-03 -3.330281045458482331e-02
4.707000000000000000e+03 1.164875056963457833e+00 2.536998129500134258e-02 5.766265375492571517e-03 -3.324123189929149846e-02
4.708000000000000000e+03 1.163399438355414262e+00 2.532979163904022779e-02 5.762354143810423553e-03 -3.317999222357447681e-02
4.709000000000000000e+03 1.161915567076389655e+00 2.528973896376689873e-02 5.758446557305569279e-03 -3.311902431511569433e-02
4.710000000000000000e+03 1.160422987798834793e+00 2.524975651526415593e-02 5.754542644773915326e-03 -3.305848380986511903e-02
4.711000000000000000e+03 1.158922843361209321e+00 2.520985184571579094e-02 5.750642423002615827e-03 -3.299822908724327208e-02
4.712000000000000000e+03 1.157412676597877388e+00 2.517003253044432926e-02 5.746745896612817130e-03 -3.293834123938544495e-02
4.713000000000000000e+03 1.155894602129405646e+00 2.513030616822335001e-02 5.742853057854714095e-03 -3.287875264319992108e-02
4.714000000000000000e+03 1.154367134713113918e+00 2.509060609743539449e-02 5.738963886717541110e-03 -3.281954408879593499e-02
4.715000000000000000e+03 1.152831873233106430e+00 2.505108852954859855e-02 5.735078350909019948e-03 -3.276072192846615078e-02
4.716000000000000000e+03 1.151287555453398115e+00 2.501161256334548041e-02 5.731196406196337016e-03 -3.270221808079391834e-02
4.717000000000000000e+03 1.149735997119174957e+00 2.497218588440660095e-02 5.727317996656046753e-03 -3.264403860658006418e-02
4.718000000000000000e+03 1.148176887559084536e+00 2.493281619598393742e-02 5.723443055150573278e-03 -3.258618943872265694e-02
4.719000000000000000e+03 1.146610755546298099e+00 2.489358549994481404e-02 5.719571503852114228e-03 -3.252875068356867599e-02
4.720000000000000000e+03 1.145039705784710593e+00 2.485442724325829036e-02 5.715703254829022396e-03 -3.247157950852499336e-02
4.721000000000000000e+03 1.143462954743819093e+00 2.481534916491371159e-02 5.711838210836614992e-03 -3.241475586888529353e-02
4.722000000000000000e+03 1.141882765449975468e+00 2.477628472501527609e-02 5.707976266038405737e-03 -3.235828540273547743e-02
4.723000000000000000e+03 1.140299239095788897e+00 2.473739023429273251e-02 5.704117306954039311e-03 -3.230209946319934078e-02
4.724000000000000000e+03 1.138713277262991097e+00 2.469852486488935406e-02 5.700261213243651773e-03 -3.224627800375044762e-02
4.725000000000000000e+03 1.137126572322188833e+00 2.465977062944999312e-02 5.696407858875240579e-03 -3.219075248154543850e-02
4.726000000000000000e+03 1.135539368938095928e+00 2.462098667461096180e-02 5.692557113039092842e-03 -3.213560303039789123e-02
4.727000000000000000e+03 1.133952682291770264e+00 2.458240354303613956e-02 5.688708841233587783e-03 -3.208068708395037799e-02
4.728000000000000000e+03 1.132369030439281499e+00 2.454380604859729420e-02 5.684862906381423636e-03 -3.202608511808124198e-02
4.729000000000000000e+03 1.130787966731382710e+00 2.450535038840781152e-02 5.681019169889506802e-03 -3.197180355907078969e-02
4.730000000000000000e+03 1.129210526261183345e+00 2.446689558447456489e-02 5.677177492810495801e-03 -3.191777482561945767e-02
4.731000000000000000e+03 1.127639215409161899e+00 2.442852346128844901e-02 5.673337736914494354e-03 -3.186408022109107896e-02
4.732000000000000000e+03 1.126073544584663244e+00 2.439024150469000160e-02 5.669499765792527200e-03 -3.181065284030078905e-02
4.733000000000000000e+03 1.124515960961184557e+00 2.435205713819887582e-02 5.665663445893587280e-03 -3.175750045949292388e-02
4.734000000000000000e+03 1.122966639082027429e+00 2.431390343218981648e-02 5.661828647601474009e-03 -3.170455700708561808e-02
4.735000000000000000e+03 1.121425700301774464e+00 2.427586194726757615e-02 5.657995246102441242e-03 -3.165190544957321994e-02
4.736000000000000000e+03 1.119896175631774016e+00 2.423786559293230822e-02 5.654163122416376759e-03 -3.159948069055916464e-02
4.737000000000000000e+03 1.118376569542521404e+00 2.419992147098539229e-02 5.650332164245856596e-03 -3.154721816770874460e-02
4.738000000000000000e+03 1.116869766855676627e+00 2.416211086863426227e-02 5.646502266695350991e-03 -3.149527672983000459e-02
4.739000000000000000e+03 1.115374112378386240e+00 2.412436640112515865e-02 5.642673333063638261e-03 -3.144351867545822077e-02
4.740000000000000000e+03 1.113892319418330334e+00 2.408662057229596365e-02 5.638845275394519657e-03 -3.139195547297296551e-02
4.741000000000000000e+03 1.112423293981473549e+00 2.404902861878124506e-02 5.635018015071291755e-03 -3.134060663695503735e-02
4.742000000000000000e+03 1.110968073762956587e+00 2.401144851961720464e-02 5.631191483223723857e-03 -3.128944774042147908e-02
4.743000000000000000e+03 1.109526854076454239e+00 2.397396097518438365e-02 5.627365621106147041e-03 -3.123849213285697854e-02
4.744000000000000000e+03 1.108099728937879780e+00 2.393649798460224798e-02 5.623540380314050874e-03 -3.118770922995341491e-02
4.745000000000000000e+03 1.106686690305962895e+00 2.389913997505536958e-02 5.619715722924379167e-03 -3.113710622234787742e-02
4.746000000000000000e+03 1.105287628316400816e+00 2.386189294704119807e-02 5.615891621588335082e-03 -3.108667606943699147e-02
4.747000000000000000e+03 1.103902332502470163e+00 2.382461418722660318e-02 5.612068059422666011e-03 -3.103639748691464084e-02
4.748000000000000000e+03 1.102531236819916272e+00 2.378745796632475776e-02 5.608245029839418680e-03 -3.098627949973527945e-02
4.749000000000000000e+03 1.101172451440932454e+00 2.375035555193825976e-02 5.604422536321798133e-03 -3.093630942222751895e-02
4.750000000000000000e+03 1.099826966642019066e+00 2.371331234059403936e-02 5.600600592041235330e-03 -3.088651968717909604e-02
4.751000000000000000e+03 1.098493460538891409e+00 2.367633365567652082e-02 5.596779219450565869e-03 -3.083677391889376104e-02
4.752000000000000000e+03 1.097171284165987748e+00 2.363942499540493472e-02 5.592958449702980020e-03 -3.078726917416168760e-02
4.753000000000000000e+03 1.095859717100052588e+00 2.360259178385083062e-02 5.589138322029937010e-03 -3.073788506259063705e-02
4.754000000000000000e+03 1.094558714787127851e+00 2.356583928828399552e-02 5.585318883153236012e-03 -3.068865016627549472e-02
4.755000000000000000e+03 1.093266687818176042e+00 2.352909833671257625e-02 5.581500186444338790e-03 -3.063951914528724799e-02
4.756000000000000000e+03 1.091983481586956017e+00 2.349237388645878527e-02 5.577682291085048899e-03 -3.059059554128783914e-02
4.757000000000000000e+03 1.090707413723518204e+00 2.345574502618330559e-02 5.573865261280819793e-03 -3.054190887803652499e-02
4.758000000000000000e+03 1.089437511740496189e+00 2.341921641157738293e-02 5.570049165312765740e-03 -3.049334032680221448e-02
4.759000000000000000e+03 1.088173522452307695e+00 2.338264398499123597e-02 5.566234074645739875e-03 -3.044499407152791159e-02
4.760000000000000000e+03 1.086914435909948518e+00 2.334618068018556522e-02 5.562420062899787153e-03 -3.039675155420131641e-02
4.761000000000000000e+03 1.085658495098028808e+00 2.330975644191119259e-02 5.558607204912238350e-03 -3.034879140522953392e-02
4.762000000000000000e+03 1.084405434134773749e+00 2.327344964798983007e-02 5.554795575745477727e-03 -3.030099512124255837e-02
4.763000000000000000e+03 1.083154259365737282e+00 2.323711569671936886e-02 5.550985249743805097e-03 -3.025339271205874578e-02
4.764000000000000000e+03 1.081903258774904009e+00 2.320083271325607682e-02 5.547176299495543833e-03 -3.020601408033865565e-02
4.765000000000000000e+03 1.080652239622482691e+00 2.316467870461451015e-02 5.543368794971147845e-03 -3.015881468600385348e-02
4.766000000000000000e+03 1.079399565872112943e+00 2.312850871499969388e-02 5.539562802633082872e-03 -3.011182406270568324e-02
4.767000000000000000e+03 1.078145137850634372e+00 2.309240053295683742e-02 5.535758384462910291e-03 -3.006499720218366520e-02
4.768000000000000000e+03 1.076888171535337335e+00 2.305635756339875428e-02 5.531955597309412727e-03 -3.001843735861200665e-02
4.769000000000000000e+03 1.075627948582693616e+00 2.302030883403562503e-02 5.528154491983602696e-03 -2.997209887095801314e-02
4.770000000000000000e+03 1.074363080020362959e+00 2.298433185213801314e-02 5.524355112637351593e-03 -2.992600997317109920e-02
4.771000000000000000e+03 1.073092997718501529e+00 2.294835547681237098e-02 5.520557496173784939e-03 -2.988012418994137609e-02
4.772000000000000000e+03 1.071817959411925703e+00 2.291245705933359772e-02 5.516761671624612062e-03 -2.983446887027378994e-02
4.773000000000000000e+03 1.070537567228898146e+00 2.287663959870078409e-02 5.512967659752334056e-03 -2.978899659085554666e-02
4.774000000000000000e+03 1.069251513864833525e+00 2.284083174760050475e-02 5.509175472669469373e-03 -2.974380798090024702e-02
4.775000000000000000e+03 1.067958842197018310e+00 2.280503638518323328e-02 5.505385113502871824e-03 -2.969878028331832467e-02
4.776000000000000000e+03 1.066659432497383930e+00 2.276925633898926188e-02 5.501596576228873735e-03 -2.965401303862421137e-02
4.777000000000000000e+03 1.065354003056405041e+00 2.273356867353543143e-02 5.497809845626847394e-03 -2.960953093831887595e-02
4.778000000000000000e+03 1.064042624217481636e+00 2.269790184470860464e-02 5.494024897139442726e-03 -2.956520953313622468e-02
4.779000000000000000e+03 1.062724717169114097e+00 2.266225855452620036e-02 5.490241697068992677e-03 -2.952114664676609365e-02
4.780000000000000000e+03 1.061401280346031317e+00 2.262664147163830422e-02 5.486460202679171484e-03 -2.947729095895567156e-02
4.781000000000000000e+03 1.060071915114281227e+00 2.259105323471197191e-02 5.482680362517020935e-03 -2.943359057740281559e-02
4.782000000000000000e+03 1.058737793298936802e+00 2.255549645546946549e-02 5.478902116670235009e-03 -2.939021589728461545e-02
4.783000000000000000e+03 1.057397938399970538e+00 2.251997372103883149e-02 5.475125397263823357e-03 -2.934696534633821768e-02
4.784000000000000000e+03 1.056055162916176959e+00 2.248448759575696551e-02 5.471350129022585843e-03 -2.930400823671039726e-02
4.785000000000000000e+03 1.054707891112126372e+00 2.244896633911473011e-02 5.467576229699116531e-03 -2.926121623380509296e-02
4.786000000000000000e+03 1.053357580691893114e+00 2.241356104036871383e-02 5.463803610831934228e-03 -2.921853479746598647e-02
4.787000000000000000e+03 1.052005744221275574e+00 2.237812563417753906e-02 5.460032178424532173e-03 -2.917613177568683519e-02
4.788000000000000000e+03 1.050652455733364521e+00 2.234273688470848895e-02 5.456261833660272335e-03 -2.913395173292502097e-02
4.789000000000000000e+03 1.049297828264983190e+00 2.230739725050014458e-02 5.452492473791053888e-03 -2.909186454870745300e-02
4.790000000000000000e+03 1.047944233900282907e+00 2.227210916645425143e-02 5.448723992872643411e-03 -2.904996258517116361e-02
4.791000000000000000e+03 1.046591838056131429e+00 2.223680075811065859e-02 5.444956282696227466e-03 -2.900826358823244133e-02
4.792000000000000000e+03 1.045240819125712095e+00 2.220154868945319049e-02 5.441189233654019665e-03 -2.896663644033144538e-02
4.793000000000000000e+03 1.043892845218149290e+00 2.216628102568358322e-02 5.437422735642179900e-03 -2.892524689850719741e-02
4.794000000000000000e+03 1.042548836741383766e+00 2.213114864704151738e-02 5.433656678948137544e-03 -2.888396336373397905e-02
4.795000000000000000e+03 1.041208957596148954e+00 2.209600526014234012e-02 5.429890955129542014e-03 -2.884280261921384411e-02
4.796000000000000000e+03 1.039874835066836312e+00 2.206085309441982098e-02 5.426125457896011431e-03 -2.880170701676325329e-02
4.797000000000000000e+03 1.038547322977283027e+00 2.202584289719059299e-02 5.422360083962324273e-03 -2.876076736325225425e-02
4.798000000000000000e+03 1.037225750872848407e+00 2.199082822733150824e-02 5.418594733910216989e-03 -2.871992582135077937e-02
4.799000000000000000e+03 1.035913116314788773e+00 2.195581115085578489e-02 5.414829312874305800e-03 -2.867919879301175992e-02
4.800000000000000000e+03 1.034607906649042341e+00 2.192086795158928320e-02 5.411063731328272924e-03 -2.863852838368671425e-02
4.801000000000000000e+03 1.033312268766374942e+00 2.188600032428656555e-02 5.407297905785266381e-03 -2.859793159917010247e-02
4.802000000000000000e+03 1.032026075728540881e+00 2.185113466686148045e-02 5.403531759355939719e-03 -2.855742789160000891e-02
4.803000000000000000e+03 1.030749877803447845e+00 2.181634562655801815e-02 5.399765222314622387e-03 -2.851696309590412773e-02
4.804000000000000000e+03 1.029483407323809274e+00 2.178155919374753086e-02 5.395998232599457864e-03 -2.847655741580823116e-02
4.805000000000000000e+03 1.028227803544025987e+00 2.174684982991098928e-02 5.392230736198474171e-03 -2.843623115699423984e-02
4.806000000000000000e+03 1.026983381293022912e+00 2.171214332771770339e-02 5.388462687477573246e-03 -2.839593045694912415e-02
4.807000000000000000e+03 1.025750371797181870e+00 2.167751393929020706e-02 5.384694049420855194e-03 -2.835567586138909926e-02
4.808000000000000000e+03 1.024528178679163792e+00 2.164296152020851044e-02 5.380924793783063188e-03 -2.831556233000573006e-02
4.809000000000000000e+03 1.023316863314611691e+00 2.160841152426981951e-02 5.377154901196291512e-03 -2.827538782084401334e-02
4.810000000000000000e+03 1.022117145370880831e+00 2.157393784920848268e-02 5.373384361091723509e-03 -2.823532183975080087e-02
4.811000000000000000e+03 1.020928175682755956e+00 2.153953998167322526e-02 5.369613171665296204e-03 -2.819531116643408941e-02
4.812000000000000000e+03 1.019749766963164994e+00 2.150514299324616727e-02 5.365841339676686618e-03 -2.815537697875926046e-02
4.813000000000000000e+03 1.018581653971619927e+00 2.147074610393766986e-02 5.362068880193706331e-03 -2.811539198871667450e-02
4.814000000000000000e+03 1.017423497282944789e+00 2.143649696266187316e-02 5.358295816318217782e-03 -2.807552612631889974e-02
4.815000000000000000e+03 1.016274887778694680e+00 2.140224594393994040e-02 5.354522178673764600e-03 -2.803572653437330295e-02
4.816000000000000000e+03 1.015135351814455023e+00 2.136799184706417165e-02 5.350748004996308711e-03 -2.799594039521631494e-02
4.817000000000000000e+03 1.014003614171916423e+00 2.133388189495605616e-02 5.346973339604822219e-03 -2.795626347080058458e-02
4.818000000000000000e+03 1.012880575746146761e+00 2.129976603273484384e-02 5.343198232746442303e-03 -2.791656865533358872e-02
4.819000000000000000e+03 1.011763377705998002e+00 2.126571691235883479e-02 5.339422740040803729e-03 -2.787702592764559201e-02
4.820000000000000000e+03 1.010652837108080071e+00 2.123165847608462706e-02 5.335646921725223368e-03 -2.783743376514767609e-02
4.821000000000000000e+03 1.009548254663609645e+00 2.119773737560315396e-02 5.331870841917929309e-03 -2.779796194254252964e-02
4.822000000000000000e+03 1.008447422620903700e+00 2.116380298977199245e-02 5.328094567937195769e-03 -2.775855722591824906e-02
4.823000000000000000e+03 1.007351089848798287e+00 2.112992741224189314e-02 5.324318169438057961e-03 -2.771924046769990574e-02
4.824000000000000000e+03 1.006257770172945154e+00 2.109610832108792244e-02 5.320541717708422019e-03 -2.767995799978317101e-02
4.825000000000000000e+03 1.005165979088496142e+00 2.106234326680529734e-02 5.316765284774373559e-03 -2.764073016021801124e-02
4.826000000000000000e+03 1.004076470416446210e+00 2.102862967726809584e-02 5.312988942713885512e-03 -2.760157696936946584e-02
4.827000000000000000e+03 1.002987044471227662e+00 2.099496486350268393e-02 5.309212762790985543e-03 -2.756251808996001973e-02
4.828000000000000000e+03 1.001897755700862369e+00 2.096134602590667487e-02 5.305436814771918516e-03 -2.752357278765914586e-02
4.829000000000000000e+03 1.000807948846162088e+00 2.092777026119293018e-02 5.301661166096538480e-03 -2.748461132596472650e-02
4.830000000000000000e+03 9.997155232346986997e-01 2.089423456968264592e-02 5.297885881265484639e-03 -2.744580063032809464e-02
4.831000000000000000e+03 9.986221393150194192e-01 2.086073586319672768e-02 5.294111021139438940e-03 -2.740708426875691078e-02
4.832000000000000000e+03 9.975250536542550339e-01 2.082727097332208108e-02 5.290336642340850298e-03 -2.736840526931430539e-02
4.833000000000000000e+03 9.964245529049259309e-01 2.079383666009317760e-02 5.286562796662164047e-03 -2.732985465666740860e-02
4.834000000000000000e+03 9.953209874604888041e-01 2.076050390439996771e-02 5.282789530616551973e-03 -2.729144857392567028e-02
4.835000000000000000e+03 9.942125472768065242e-01 2.072719506673440654e-02 5.279016884962300579e-03 -2.725305397414864994e-02
4.836000000000000000e+03 9.930997224984076110e-01 2.069390674705307367e-02 5.275244894381701626e-03 -2.721483429981232452e-02
4.837000000000000000e+03 9.919823349904816068e-01 2.066063551085900105e-02 5.271473587118182674e-03 -2.717665519651438211e-02
4.838000000000000000e+03 9.908595404398577999e-01 2.062745218221192708e-02 5.267702984827338578e-03 -2.713860448269514794e-02
4.839000000000000000e+03 9.897313153367084393e-01 2.059427900284567861e-02 5.263933102371469962e-03 -2.710062072113733622e-02
4.840000000000000000e+03 9.885977146513860170e-01 2.056111249210613307e-02 5.260163947801740729e-03 -2.706279034564834998e-02
4.841000000000000000e+03 9.874588715433998409e-01 2.052802345633630149e-02 5.256395522325786433e-03 -2.702497623999582446e-02
4.842000000000000000e+03 9.863149962733528398e-01 2.049500843096328448e-02 5.252627820421380302e-03 -2.698733772290746666e-02
4.843000000000000000e+03 9.851663743313531230e-01 2.046198968935206489e-02 5.248860829981235807e-03 -2.694973628409197755e-02
4.844000000000000000e+03 9.840126209681593350e-01 2.042903810178468491e-02 5.245094532581835028e-03 -2.691232986035580962e-02
4.845000000000000000e+03 9.828549063331850633e-01 2.039607600955278127e-02 5.241328903762956792e-03 -2.687497857906270826e-02
4.846000000000000000e+03 9.816929800699181197e-01 2.036324865013925192e-02 5.237563913374378502e-03 -2.683769047443575889e-02
4.847000000000000000e+03 9.805281379384349627e-01 2.033032989620112835e-02 5.233799526095208980e-03 -2.680054722264302650e-02
4.848000000000000000e+03 9.793595023177114056e-01 2.029753938067253502e-02 5.230035701900317448e-03 -2.676348131320354859e-02
4.849000000000000000e+03 9.781884733451055025e-01 2.026479966769075686e-02 5.226272396559344079e-03 -2.672649892417070655e-02
4.850000000000000000e+03 9.770164940529475484e-01 2.023203339180629223e-02 5.222509562295986861e-03 -2.668960566633550233e-02
4.851000000000000000e+03 9.758428179364297961e-01 2.019938582362981391e-02 5.218747148370853940e-03 -2.665288037446700634e-02
4.852000000000000000e+03 9.746689673909495477e-01 2.016670402066815526e-02 5.214985101875573188e-03 -2.661617643870054645e-02
4.853000000000000000e+03 9.734957464020953521e-01 2.013413196690698459e-02 5.211223368286841198e-03 -2.657949482312373796e-02
4.854000000000000000e+03 9.723232300788694493e-01 2.010159087997059196e-02 5.207461892261187712e-03 -2.654291034034188951e-02
4.855000000000000000e+03 9.711529854202937129e-01 2.006907634662540713e-02 5.203700618379658582e-03 -2.650642312155896546e-02
4.856000000000000000e+03 9.699858350258835360e-01 2.003665832351070319e-02 5.199939491854150067e-03 -2.646995865437602041e-02
4.857000000000000000e+03 9.688211065090188701e-01 2.000425828653425858e-02 5.196178459274830921e-03 -2.643351638820176305e-02
4.858000000000000000e+03 9.676610818672951586e-01 1.997187208051857260e-02 5.192417469319270465e-03 -2.639716977282320284e-02
4.859000000000000000e+03 9.665050473520315766e-01 1.993956991748291330e-02 5.188656473517280765e-03 -2.636084344630258355e-02
4.860000000000000000e+03 9.653552289620308535e-01 1.990734780732406409e-02 5.184895426831135669e-03 -2.632453612323262110e-02
4.861000000000000000e+03 9.642108429143427806e-01 1.987512755460451794e-02 5.181134288376723109e-03 -2.628824634831698412e-02
4.862000000000000000e+03 9.630725462112823543e-01 1.984290532174633540e-02 5.177373021994174582e-03 -2.625197253197083733e-02
4.863000000000000000e+03 9.619416878328784781e-01 1.981082590798094803e-02 5.173611596856733143e-03 -2.621571298460002516e-02
4.864000000000000000e+03 9.608180747899157659e-01 1.977873704327651888e-02 5.169849987919093552e-03 -2.617946594902061802e-02
4.865000000000000000e+03 9.597029386071088686e-01 1.974670936709861310e-02 5.166088176430801496e-03 -2.614322963061945990e-02
4.866000000000000000e+03 9.585959597593616266e-01 1.971473928826082689e-02 5.162326150261045861e-03 -2.610700222520465769e-02
4.867000000000000000e+03 9.574974926283750243e-01 1.968282326172197602e-02 5.158563904269511391e-03 -2.607078194434456903e-02
4.868000000000000000e+03 9.564078198296477318e-01 1.965095778150222072e-02 5.154801440586248562e-03 -2.603456703780801171e-02
4.869000000000000000e+03 9.553271501121428644e-01 1.961921365689950347e-02 5.151038768706592448e-03 -2.599828152952983473e-02
4.870000000000000000e+03 9.542556170162813656e-01 1.958743887071659820e-02 5.147275905725798816e-03 -2.596207236792819756e-02
4.871000000000000000e+03 9.531932783027499134e-01 1.955577855606722287e-02 5.143512876261094324e-03 -2.592578945444148561e-02
4.872000000000000000e+03 9.521393733213993071e-01 1.952415500384001648e-02 5.139749712502757195e-03 -2.588950563789595843e-02
4.873000000000000000e+03 9.510945524928137162e-01 1.949256478880886934e-02 5.135986454036809389e-03 -2.585321958680288079e-02
4.874000000000000000e+03 9.500571648703285410e-01 1.946107876161364339e-02 5.132223147747813109e-03 -2.581693007596836884e-02
4.875000000000000000e+03 9.490284604652224898e-01 1.942961919060428796e-02 5.128459847415763571e-03 -2.578063598595213904e-02
4.876000000000000000e+03 9.480073935975017463e-01 1.939818260458712335e-02 5.124696613539478536e-03 -2.574426201609521930e-02
4.877000000000000000e+03 9.469928552796201826e-01 1.936691406904664584e-02 5.120933512886540785e-03 -2.570795581162931345e-02
4.878000000000000000e+03 9.459851634074815108e-01 1.933566147813527494e-02 5.117170618051361704e-03 -2.567156796914011815e-02
4.879000000000000000e+03 9.449838393717082674e-01 1.930442124912198562e-02 5.113408006927273701e-03 -2.563524629172277830e-02
4.880000000000000000e+03 9.439883565513401686e-01 1.927333831630601707e-02 5.109645762150053470e-03 -2.559891578876915055e-02
4.881000000000000000e+03 9.429974036216693944e-01 1.924226042442613374e-02 5.105883970515928336e-03 -2.556250150834026708e-02
4.882000000000000000e+03 9.420111196228524442e-01 1.921133239175973340e-02 5.102122722328894348e-03 -2.552615136708358615e-02
4.883000000000000000e+03 9.410288723717694648e-01 1.918040183782472249e-02 5.098362110721803633e-03 -2.548979042667390629e-02
4.884000000000000000e+03 9.400492656612168263e-01 1.914958373446987161e-02 5.094602230938893167e-03 -2.545341800339710053e-02
4.885000000000000000e+03 9.390723751721130608e-01 1.911883698703074203e-02 5.090843179687541166e-03 -2.541710764238927847e-02
4.886000000000000000e+03 9.380960418383841315e-01 1.908815756957593993e-02 5.087085054270638201e-03 -2.538070995642506197e-02
4.887000000000000000e+03 9.371218221214485666e-01 1.905756366691158457e-02 5.083327951982513984e-03 -2.534437258260942641e-02
4.888000000000000000e+03 9.361468243968316116e-01 1.902703624752318315e-02 5.079571969321701637e-03 -2.530809445286959572e-02
4.889000000000000000e+03 9.351711447754806894e-01 1.899659334761735763e-02 5.075817201298325927e-03 -2.527180004874750655e-02
4.890000000000000000e+03 9.341941602224961283e-01 1.896621578910647615e-02 5.072063740691790806e-03 -2.523556222331743357e-02
4.891000000000000000e+03 9.332152784341668506e-01 1.893591403709645252e-02 5.068311677388147134e-03 -2.519937932255994842e-02
4.892000000000000000e+03 9.322339445556646620e-01 1.890569106129979735e-02 5.064561097795960976e-03 -2.516317515801950663e-02
4.893000000000000000e+03 9.312489046704376383e-01 1.887554234022219973e-02 5.060812084165796330e-03 -2.512702183091319527e-02
4.894000000000000000e+03 9.302604401714947846e-01 1.884547072273791424e-02 5.057064714116096989e-03 -2.509099114031175526e-02
4.895000000000000000e+03 9.292674017693103306e-01 1.881546414890046190e-02 5.053319060054065580e-03 -2.505493170933347294e-02
4.896000000000000000e+03 9.282701856056047029e-01 1.878554022654513322e-02 5.049575188815984272e-03 -2.501898894837556800e-02
4.897000000000000000e+03 9.272677660648638298e-01 1.875569424025987086e-02 5.045833161193596234e-03 -2.498308505142417257e-02
4.898000000000000000e+03 9.262599277643811524e-01 1.872591401608084127e-02 5.042093031675253662e-03 -2.494729039689096844e-02
4.899000000000000000e+03 9.252465255024473478e-01 1.869620964358058648e-02 5.038354848203176195e-03 -2.491160068303220967e-02
4.900000000000000000e+03 9.242274863104873450e-01 1.866657634344302472e-02 5.034618651968117767e-03 -2.487593691659968978e-02
4.901000000000000000e+03 9.232028100504920953e-01 1.863701666030614934e-02 5.030884477301868392e-03 -2.484036730314159377e-02
4.902000000000000000e+03 9.221725678429956163e-01 1.860752531019130643e-02 5.027152351689807494e-03 -2.480488153567878690e-02
4.903000000000000000e+03 9.211369039303951567e-01 1.857811178235362418e-02 5.023422295783756472e-03 -2.476946793159317400e-02
4.904000000000000000e+03 9.200960353653929724e-01 1.854875588216628804e-02 5.019694323541607460e-03 -2.473411438553055341e-02
4.905000000000000000e+03 9.190502502365535120e-01 1.851946716916346228e-02 5.015968442359419917e-03 -2.469880837365362111e-02
4.906000000000000000e+03 9.179991623130808742e-01 1.849024782646893975e-02 5.012244653477728427e-03 -2.466361124466321872e-02
4.907000000000000000e+03 9.169439363104142648e-01 1.846110010067441437e-02 5.008522952149087500e-03 -2.462850966341140896e-02
4.908000000000000000e+03 9.158843126217589559e-01 1.843200402799582277e-02 5.004803328153682555e-03 -2.459341562474530105e-02
4.909000000000000000e+03 9.148215740817237096e-01 1.840298430066818897e-02 5.001085766200659075e-03 -2.455838932074996123e-02
4.910000000000000000e+03 9.137555694461717559e-01 1.837402113769486672e-02 4.997370246465893812e-03 -2.452341630978718823e-02
4.911000000000000000e+03 9.126876790017343088e-01 1.834512457899249369e-02 4.993656745167367010e-03 -2.448855610602668556e-02
4.912000000000000000e+03 9.116178370016078114e-01 1.831628249719790755e-02 4.989945235176965546e-03 -2.445371935369979044e-02
4.913000000000000000e+03 9.105467535160201020e-01 1.828751260593687589e-02 4.986235686630524459e-03 -2.441889070477207616e-02
4.914000000000000000e+03 9.094751645793383021e-01 1.825879561385589100e-02 4.982528067635151776e-03 -2.438420313173682644e-02
4.915000000000000000e+03 9.084045677152845499e-01 1.823013465996179555e-02 4.978822345005462502e-03 -2.434949225770450393e-02
4.916000000000000000e+03 9.073342430687196813e-01 1.820153303647258775e-02 4.975118484940165009e-03 -2.431481637349449179e-02
4.917000000000000000e+03 9.062664455812253772e-01 1.817299419581807837e-02 4.971416453815226053e-03 -2.428015933755435160e-02
4.918000000000000000e+03 9.052004545779723799e-01 1.814450690027183746e-02 4.967716218813021146e-03 -2.424550489441247222e-02
4.919000000000000000e+03 9.041385087303043244e-01 1.811608236888557696e-02 4.964017748776781286e-03 -2.421091099360703214e-02
4.920000000000000000e+03 9.030798557523458392e-01 1.808770971182316681e-02 4.960321014850357230e-03 -2.417636125862922258e-02
4.921000000000000000e+03 9.020266876301602510e-01 1.805939307550178882e-02 4.956625991151519459e-03 -2.414176502281582815e-02
4.922000000000000000e+03 9.009781907395777445e-01 1.803113678810915055e-02 4.952932655543773079e-03 -2.410725449918399085e-02
4.923000000000000000e+03 8.999357388123691015e-01 1.800293050429212574e-02 4.949240990154799881e-03 -2.407273911428013322e-02
4.924000000000000000e+03 8.989006579461665813e-01 1.797478634701390326e-02 4.945550982052591103e-03 -2.403820267662520188e-02
4.925000000000000000e+03 8.978719920754345551e-01 1.794670176501693762e-02 4.941862623679462233e-03 -2.400362912597062484e-02
4.926000000000000000e+03 8.968509544822059754e-01 1.791867438742783883e-02 4.938175913452531006e-03 -2.396915113219163021e-02
4.927000000000000000e+03 8.958372087022327124e-01 1.789070944916485925e-02 4.934490856067869947e-03 -2.393460442387366702e-02
4.928000000000000000e+03 8.948325784153858820e-01 1.786280492998832195e-02 4.930807462993030792e-03 -2.390004780086691857e-02
4.929000000000000000e+03 8.938358439941217481e-01 1.783495897777365516e-02 4.927125752663533143e-03 -2.386554030945317248e-02
4.930000000000000000e+03 8.928471966251082526e-01 1.780716990239626651e-02 4.923445750660475871e-03 -2.383091841510620937e-02
4.931000000000000000e+03 8.918682361696312899e-01 1.777945102517004480e-02 4.919767489985898447e-03 -2.379639029128993374e-02
4.932000000000000000e+03 8.908967699529286577e-01 1.775179352916303466e-02 4.916091011023751393e-03 -2.376179300246050730e-02
4.933000000000000000e+03 8.899349833727424608e-01 1.772419616369302897e-02 4.912416361547981836e-03 -2.372718678719050109e-02
4.934000000000000000e+03 8.889812689364376963e-01 1.769666523467043617e-02 4.908743596614431604e-03 -2.369255793641193361e-02
4.935000000000000000e+03 8.880354271270179956e-01 1.766920716581535725e-02 4.905072778443484924e-03 -2.365796736963334673e-02
4.936000000000000000e+03 8.870979253799041730e-01 1.764181363101626279e-02 4.901403976093741781e-03 -2.362332779052851370e-02
4.937000000000000000e+03 8.861684150002898663e-01 1.761449868446547662e-02 4.897737265199568132e-03 -2.358862654058902983e-02
4.938000000000000000e+03 8.852457345026368829e-01 1.758725417856232473e-02 4.894072727556339139e-03 -2.355399988269292130e-02
4.939000000000000000e+03 8.843293993412357779e-01 1.756007946496986050e-02 4.890410450625070661e-03 -2.351936158065551577e-02
4.940000000000000000e+03 8.834203494878329899e-01 1.753298138194273395e-02 4.886750527042944478e-03 -2.348470002741709015e-02
4.941000000000000000e+03 8.825157549663457113e-01 1.750596681320573667e-02 4.883093054016574876e-03 -2.345000395296040208e-02
4.942000000000000000e+03 8.816171930028392500e-01 1.747902039008276606e-02 4.879438132652764472e-03 -2.341533669662647019e-02
4.943000000000000000e+03 8.807217404969883701e-01 1.745215647712834023e-02 4.875785867300815035e-03 -2.338076190981209362e-02
4.944000000000000000e+03 8.798301521621811894e-01 1.742537458939972042e-02 4.872136364812134496e-03 -2.334612068955985165e-02
4.945000000000000000e+03 8.789416680302687412e-01 1.739867423680660843e-02 4.868489733763366190e-03 -2.331147726136443762e-02
4.946000000000000000e+03 8.780547639591083087e-01 1.737205491208343444e-02 4.864846083689253371e-03 -2.327689610885416011e-02
4.947000000000000000e+03 8.771686452205958995e-01 1.734551607932304298e-02 4.861205524222225044e-03 -2.324229338514691157e-02
4.948000000000000000e+03 8.762832545869758682e-01 1.731905716298339643e-02 4.857568164302011708e-03 -2.320773402403663796e-02
4.949000000000000000e+03 8.753970519979147324e-01 1.729268496596970267e-02 4.853934111349541419e-03 -2.317320886548317194e-02
4.950000000000000000e+03 8.745099940782108394e-01 1.726639880339046057e-02 4.850303470454743991e-03 -2.313870891440423724e-02
4.951000000000000000e+03 8.736205685460705084e-01 1.724019058432885859e-02 4.846676343505606187e-03 -2.310429907937521649e-02
4.952000000000000000e+03 8.727280236053837070e-01 1.721407478847754649e-02 4.843052828528647200e-03 -2.306989373822508280e-02
4.953000000000000000e+03 8.718323826997477211e-01 1.718804361829751742e-02 4.839433018801575503e-03 -2.303555540506851268e-02
4.954000000000000000e+03 8.709322257409927159e-01 1.716209661622723759e-02 4.835817002257509351e-03 -2.300127237449582293e-02
4.955000000000000000e+03 8.700276674383574660e-01 1.713624066021374182e-02 4.832204860709438284e-03 -2.296703298055259926e-02
4.956000000000000000e+03 8.691173924822183094e-01 1.711046767518626527e-02 4.828596669289500661e-03 -2.293289985697401570e-02
4.957000000000000000e+03 8.682008900398526796e-01 1.708478434424811829e-02 4.824992495892576304e-03 -2.289878706441184769e-02
4.958000000000000000e+03 8.672784591518185593e-01 1.705918982265995296e-02 4.821392400664223019e-03 -2.286468292018805151e-02
4.959000000000000000e+03 8.663497278059497653e-01 1.703367573810156410e-02 4.817796435588204453e-03 -2.283072426270644009e-02
4.960000000000000000e+03 8.654143998148051686e-01 1.700825590562260459e-02 4.814204644117237725e-03 -2.279675073314142361e-02
4.961000000000000000e+03 8.644707724424842699e-01 1.698291433199246650e-02 4.810617060884943459e-03 -2.276288417184044177e-02
4.962000000000000000e+03 8.635209387649795953e-01 1.695766464646164540e-02 4.807033711587803924e-03 -2.272906804757152469e-02
4.963000000000000000e+03 8.625633610248840677e-01 1.693249067926671028e-02 4.803454612820207310e-03 -2.269530515437050491e-02
4.964000000000000000e+03 8.615980713503808008e-01 1.690739846652443770e-02 4.799879772043815114e-03 -2.266159817675508087e-02
4.965000000000000000e+03 8.606259289513009669e-01 1.688239397270167516e-02 4.796309187711249658e-03 -2.262795711279213390e-02
4.966000000000000000e+03 8.596471336321794832e-01 1.685746081430492330e-02 4.792742849332822831e-03 -2.259437698635559377e-02
4.967000000000000000e+03 8.586604812978939627e-01 1.683261226792760051e-02 4.789180737807240303e-03 -2.256086013229383416e-02
4.968000000000000000e+03 8.576678184740079702e-01 1.680783185416029335e-02 4.785622825649299590e-03 -2.252740134248981327e-02
4.969000000000000000e+03 8.566695819979536219e-01 1.678312534745500517e-02 4.782069077478676156e-03 -2.249401015645441718e-02
4.970000000000000000e+03 8.556655377752083735e-01 1.675849107508628477e-02 4.778519450399959685e-03 -2.246066629930237174e-02
4.971000000000000000e+03 8.546570044629903107e-01 1.673393478670257700e-02 4.774973894644650094e-03 -2.242739397608024127e-02
4.972000000000000000e+03 8.536446194455942216e-01 1.670943995455362666e-02 4.771432354068891324e-03 -2.239417274465638555e-02
4.973000000000000000e+03 8.526283326685003550e-01 1.668501235741001731e-02 4.767894766984682314e-03 -2.236100438651255837e-02
4.974000000000000000e+03 8.516096283891974039e-01 1.666065038160629425e-02 4.764361066761992579e-03 -2.232789806766615620e-02
4.975000000000000000e+03 8.505892893946997990e-01 1.663635246384929586e-02 4.760831182673181360e-03 -2.229484807342194813e-02
4.976000000000000000e+03 8.495681321053228929e-01 1.661211710586940962e-02 4.757305040690275669e-03 -2.226184868659348073e-02
4.977000000000000000e+03 8.485469984643643215e-01 1.658793546066848409e-02 4.753782564333802578e-03 -2.222890163891865986e-02
4.978000000000000000e+03 8.475260046930853663e-01 1.656381363196680195e-02 4.750263675579642804e-03 -2.219600127893207528e-02
4.979000000000000000e+03 8.465075040021192709e-01 1.653975040330413204e-02 4.746748295736409606e-03 -2.216314202589716315e-02
4.980000000000000000e+03 8.454908779848301359e-01 1.651572982343399443e-02 4.743236346322871055e-03 -2.213033325288413927e-02
4.981000000000000000e+03 8.444784704883948612e-01 1.649176578957194800e-02 4.739727749989242588e-03 -2.209756217210963325e-02
4.982000000000000000e+03 8.434696361648913454e-01 1.646785006142724786e-02 4.736222431421716929e-03 -2.206483100405398981e-02
4.983000000000000000e+03 8.424666745097812992e-01 1.644398198632676666e-02 4.732720318200100973e-03 -2.203213471968821710e-02
4.984000000000000000e+03 8.414696215883062935e-01 1.642015365336391489e-02 4.729221341593295783e-03 -2.199946849604784635e-02
4.985000000000000000e+03 8.404784704101316839e-01 1.639637218818203873e-02 4.725725437417510263e-03 -2.196682774273162747e-02
4.986000000000000000e+03 8.394961345188663993e-01 1.637263004827594834e-02 4.722232546768063803e-03 -2.193421555614924814e-02
4.987000000000000000e+03 8.385210123499201584e-01 1.634893474383862164e-02 4.718742616737667608e-03 -2.190162788757176945e-02
4.988000000000000000e+03 8.375551516562772525e-01 1.632527170218987453e-02 4.715255601046949852e-03 -2.186906099491118388e-02
4.989000000000000000e+03 8.365975578365747456e-01 1.630164884267247191e-02 4.711771460617905811e-03 -2.183651146469062915e-02
4.990000000000000000e+03 8.356508739595917001e-01 1.627806686658877719e-02 4.708290164096285563e-03 -2.180398366054681417e-02
4.991000000000000000e+03 8.347132048119902947e-01 1.625452668743628676e-02 4.704811688242785395e-03 -2.177148231309564835e-02
4.992000000000000000e+03 8.337862840911592910e-01 1.623102200284877450e-02 4.701336018307005621e-03 -2.173900510768927985e-02
4.993000000000000000e+03 8.328695285506829693e-01 1.620756157841040865e-02 4.697863148269274501e-03 -2.170656498324494144e-02
4.994000000000000000e+03 8.319637498541810894e-01 1.618414695975724932e-02 4.694393081013351239e-03 -2.167414557342364073e-02
4.995000000000000000e+03 8.310681817947032091e-01 1.616077989656518332e-02 4.690925828324966212e-03 -2.164176807065561897e-02
4.996000000000000000e+03 8.301827082586334949e-01 1.613744747969460616e-02 4.687461411005153927e-03 -2.160941694879592659e-02
4.997000000000000000e+03 8.293078635941248944e-01 1.611416670380640820e-02 4.683999858649859002e-03 -2.157709939342811536e-02
4.998000000000000000e+03 8.284426053845864724e-01 1.609092503142682193e-02 4.680541209446950970e-03 -2.154480073252429753e-02
4.999000000000000000e+03 8.275872879703191076e-01 1.606772495239962642e-02 4.677085509907117494e-03 -2.151252900460624146e-02
5.000000000000000000e+03 8.267406941760438999e-01 1.604456911516270040e-02 4.673632814453778338e-03 -2.148027038401929129e-02
